solve benchmarks/ham-examples-col/Ffleischner.col
file input time = 400.311us
encoding time = 1.017981ms

encoding clauses number = 8060

CEGAR iteration...
cegar iteration = 0
sat solving time = 1.703162ms
number of subcycles found = 46
cycle lengths before merge (length:number) = {3: 14, 6: 2, 8: 28, 30: 2}
merge operation: 8 + 8 = 16
merge operation: 3 + 30 = 33
merge operation: 3 + 33 = 36
merge operation: 8 + 8 = 16
merge operation: 8 + 8 = 16
merge operation: 3 + 36 = 39
merge operation: 3 + 39 = 42
merge operation: 6 + 42 = 48
merge operation: 8 + 8 = 16
merge operation: 8 + 8 = 16
merge operation: 8 + 8 = 16
merge operation: 8 + 8 = 16
merge operation: 8 + 8 = 16
merge operation: 8 + 8 = 16
merge operation: 8 + 8 = 16
merge operation: 8 + 8 = 16
merge operation: 8 + 8 = 16
merge operation: 30 + 6 = 36
merge operation: 8 + 8 = 16
merge operation: 8 + 8 = 16
merge operation: 3 + 36 = 39
merge operation: 3 + 39 = 42
merge operation: 3 + 42 = 45
merge operation: 3 + 45 = 48
number of merge operations = 24
number of resulting cycles = 22
cycle lengths after merge (length:number) = {3: 6, 16: 14, 48: 2}
gb-trace iteration=0 subcycle id=C1 vertices=[00i0,00k0,00j0]
gb-trace iteration=0 subcycle id=C2 vertices=[00u0,00Z4,00z4,00x4,00k4,00X4,00U4,00Y4]
gb-trace iteration=0 subcycle id=C3 vertices=[00U0,00Z5,00z5,00x5,00k5,00X5,00U5,00Y5]
gb-trace iteration=0 subcycle id=C4 vertices=[00V0,00Z1,00z1,00x1,00k1,00X1,00U1,00Y1]
gb-trace iteration=0 subcycle id=C5 vertices=[00W0,00Z2,00z2,00x2,00k2,00X2,00U2,00Y2]
gb-trace iteration=0 subcycle id=C6 vertices=[00X0,00Z3,00z3,00x3,00k3,00X3,00U3,00Y3]
gb-trace iteration=0 subcycle id=C7 vertices=[00Z0,01z0,01U3,01Y3,01X0,01Z3,01z3,01y3,01u3,01k0,01i0,01j0,01u2,01v2,01V2,01i2,01j2,01k2,01x2,01X2,01U2,01W0,01U5,01Y5,01U0,01Z5,01z5,01y5,01u5,01Z0]
gb-trace iteration=0 subcycle id=C8 vertices=[00i1,00j1,00W1,00w1,00y1,00u1,00v1,00V1]
gb-trace iteration=0 subcycle id=C9 vertices=[00i2,00j2,00W2,00w2,00y2,00u2,00v2,00V2]
gb-trace iteration=0 subcycle id=C10 vertices=[00i3,00j3,00W3,00w3,00y3,00u3,00v3,00V3]
gb-trace iteration=0 subcycle id=C11 vertices=[00i4,00j4,00W4,00w4,00y4,00u4,00v4,00V4]
gb-trace iteration=0 subcycle id=C12 vertices=[00i5,00j5,00W5,00w5,00y5,00u5,00v5,00V5]
gb-trace iteration=0 subcycle id=C13 vertices=[01u0,01Z4,01z4,01x4,01k4,01X4,01U4,01Y4]
gb-trace iteration=0 subcycle id=C14 vertices=[01V0,01Z1,01z1,01x1,01k1,01X1,01U1,01Y1]
gb-trace iteration=0 subcycle id=C15 vertices=[01i1,01j1,01W1,01w1,01y1,01u1,01v1,01V1]
gb-trace iteration=0 subcycle id=C16 vertices=[01w2,01W2,01Y2,01Z2,01z2,01y2]
gb-trace iteration=0 subcycle id=C17 vertices=[01i3,01V3,01v3]
gb-trace iteration=0 subcycle id=C18 vertices=[01j3,01W3,01w3]
gb-trace iteration=0 subcycle id=C19 vertices=[01k3,01X3,01x3]
gb-trace iteration=0 subcycle id=C20 vertices=[01i4,01j4,01W4,01w4,01y4,01u4,01v4,01V4]
gb-trace iteration=0 subcycle id=C21 vertices=[01i5,01V5,01v5]
gb-trace iteration=0 subcycle id=C22 vertices=[01j5,01W5,01w5]
gb-trace iteration=0 subcycle id=C23 vertices=[01k5,01X5,01x5]
gb-trace iteration=0 subcycle id=C24 vertices=[10i0,10k0,10j0]
gb-trace iteration=0 subcycle id=C25 vertices=[10u0,10Z4,10z4,10x4,10k4,10X4,10U4,10Y4]
gb-trace iteration=0 subcycle id=C26 vertices=[10U0,10Z5,10z5,10x5,10k5,10X5,10U5,10Y5]
gb-trace iteration=0 subcycle id=C27 vertices=[10V0,10Z1,10z1,10x1,10k1,10X1,10U1,10Y1]
gb-trace iteration=0 subcycle id=C28 vertices=[10W0,10Z2,10z2,10x2,10k2,10X2,10U2,10Y2]
gb-trace iteration=0 subcycle id=C29 vertices=[10X0,10Z3,10z3,10x3,10k3,10X3,10U3,10Y3]
gb-trace iteration=0 subcycle id=C30 vertices=[10Z0,11z0,11U3,11Y3,11X0,11Z3,11z3,11y3,11u3,11k0,11i0,11j0,11u2,11v2,11V2,11i2,11j2,11k2,11x2,11X2,11U2,11W0,11U5,11Y5,11U0,11Z5,11z5,11y5,11u5,11Z0]
gb-trace iteration=0 subcycle id=C31 vertices=[10i1,10j1,10W1,10w1,10y1,10u1,10v1,10V1]
gb-trace iteration=0 subcycle id=C32 vertices=[10i2,10j2,10W2,10w2,10y2,10u2,10v2,10V2]
gb-trace iteration=0 subcycle id=C33 vertices=[10i3,10j3,10W3,10w3,10y3,10u3,10v3,10V3]
gb-trace iteration=0 subcycle id=C34 vertices=[10i4,10j4,10W4,10w4,10y4,10u4,10v4,10V4]
gb-trace iteration=0 subcycle id=C35 vertices=[10i5,10j5,10W5,10w5,10y5,10u5,10v5,10V5]
gb-trace iteration=0 subcycle id=C36 vertices=[11u0,11Z4,11z4,11x4,11k4,11X4,11U4,11Y4]
gb-trace iteration=0 subcycle id=C37 vertices=[11V0,11Z1,11z1,11x1,11k1,11X1,11U1,11Y1]
gb-trace iteration=0 subcycle id=C38 vertices=[11i1,11j1,11W1,11w1,11y1,11u1,11v1,11V1]
gb-trace iteration=0 subcycle id=C39 vertices=[11w2,11W2,11Y2,11Z2,11z2,11y2]
gb-trace iteration=0 subcycle id=C40 vertices=[11i3,11V3,11v3]
gb-trace iteration=0 subcycle id=C41 vertices=[11j3,11W3,11w3]
gb-trace iteration=0 subcycle id=C42 vertices=[11k3,11X3,11x3]
gb-trace iteration=0 subcycle id=C43 vertices=[11i4,11j4,11W4,11w4,11y4,11u4,11v4,11V4]
gb-trace iteration=0 subcycle id=C44 vertices=[11i5,11V5,11v5]
gb-trace iteration=0 subcycle id=C45 vertices=[11j5,11W5,11w5]
gb-trace iteration=0 subcycle id=C46 vertices=[11k5,11X5,11x5]
gb-trace iteration=0 merge C2 + C11 = C47
gb-trace iteration=0 merge C45 + C30 = C48
gb-trace iteration=0 merge C44 + C48 = C49
gb-trace iteration=0 merge C43 + C36 = C50
gb-trace iteration=0 merge C3 + C12 = C51
gb-trace iteration=0 merge C41 + C49 = C52
gb-trace iteration=0 merge C40 + C52 = C53
gb-trace iteration=0 merge C39 + C53 = C54
gb-trace iteration=0 merge C38 + C37 = C55
gb-trace iteration=0 merge C4 + C8 = C56
gb-trace iteration=0 merge C5 + C9 = C57
gb-trace iteration=0 merge C35 + C26 = C58
gb-trace iteration=0 merge C34 + C25 = C59
gb-trace iteration=0 merge C33 + C29 = C60
gb-trace iteration=0 merge C32 + C28 = C61
gb-trace iteration=0 merge C31 + C27 = C62
gb-trace iteration=0 merge C6 + C10 = C63
gb-trace iteration=0 merge C7 + C16 = C64
gb-trace iteration=0 merge C13 + C20 = C65
gb-trace iteration=0 merge C14 + C15 = C66
gb-trace iteration=0 merge C17 + C64 = C67
gb-trace iteration=0 merge C18 + C67 = C68
gb-trace iteration=0 merge C21 + C68 = C69
gb-trace iteration=0 merge C22 + C69 = C70
gb-trace iteration=0 resulting id=C1 vertices=[00i0,00k0,00j0]
gb-trace iteration=0 resulting id=C42 vertices=[11k3,11X3,11x3]
gb-trace iteration=0 resulting id=C54 vertices=[11w2,11W2,11W0,11U5,11Y5,11W5,11j5,11w5,11U0,11v5,11i5,11V5,11Z5,11z5,11y5,11u5,11Z0,10Z0,11z0,11U3,11Y3,11W3,11j3,11w3,11X0,11v3,11i3,11V3,11Z3,11z3,11y3,11u3,11k0,11i0,11j0,11u2,11v2,11V2,11i2,11j2,11k2,11x2,11X2,11U2,11Y2,11Z2,11z2,11y2]
gb-trace iteration=0 resulting id=C51 vertices=[00U0,00v5,00u5,00y5,00w5,00W5,00j5,00i5,00V5,00Z5,00z5,00x5,00k5,00X5,00U5,00Y5]
gb-trace iteration=0 resulting id=C47 vertices=[00u0,00v4,00u4,00y4,00w4,00W4,00j4,00i4,00V4,00Z4,00z4,00x4,00k4,00X4,00U4,00Y4]
gb-trace iteration=0 resulting id=C59 vertices=[10i4,10j4,10W4,10Y4,10U4,10X4,10k4,10x4,10z4,10Z4,10u0,10w4,10y4,10u4,10v4,10V4]
gb-trace iteration=0 resulting id=C60 vertices=[10i3,10j3,10W3,10Y3,10U3,10X3,10k3,10x3,10z3,10Z3,10X0,10w3,10y3,10u3,10v3,10V3]
gb-trace iteration=0 resulting id=C55 vertices=[11i1,11j1,11W1,11Y1,11U1,11X1,11k1,11x1,11z1,11Z1,11V0,11w1,11y1,11u1,11v1,11V1]
gb-trace iteration=0 resulting id=C56 vertices=[00V0,00v1,00u1,00y1,00w1,00W1,00j1,00i1,00V1,00Z1,00z1,00x1,00k1,00X1,00U1,00Y1]
gb-trace iteration=0 resulting id=C62 vertices=[10i1,10j1,10W1,10Y1,10U1,10X1,10k1,10x1,10z1,10Z1,10V0,10w1,10y1,10u1,10v1,10V1]
gb-trace iteration=0 resulting id=C46 vertices=[11k5,11X5,11x5]
gb-trace iteration=0 resulting id=C50 vertices=[11i4,11j4,11W4,11Y4,11U4,11X4,11k4,11x4,11z4,11Z4,11u0,11w4,11y4,11u4,11v4,11V4]
gb-trace iteration=0 resulting id=C61 vertices=[10i2,10j2,10W2,10Y2,10U2,10X2,10k2,10x2,10z2,10Z2,10W0,10w2,10y2,10u2,10v2,10V2]
gb-trace iteration=0 resulting id=C57 vertices=[00W0,00v2,00u2,00y2,00w2,00W2,00j2,00i2,00V2,00Z2,00z2,00x2,00k2,00X2,00U2,00Y2]
gb-trace iteration=0 resulting id=C65 vertices=[01u0,01v4,01u4,01y4,01w4,01W4,01j4,01i4,01V4,01Z4,01z4,01x4,01k4,01X4,01U4,01Y4]
gb-trace iteration=0 resulting id=C63 vertices=[00X0,00v3,00u3,00y3,00w3,00W3,00j3,00i3,00V3,00Z3,00z3,00x3,00k3,00X3,00U3,00Y3]
gb-trace iteration=0 resulting id=C58 vertices=[10i5,10j5,10W5,10Y5,10U5,10X5,10k5,10x5,10z5,10Z5,10U0,10w5,10y5,10u5,10v5,10V5]
gb-trace iteration=0 resulting id=C24 vertices=[10i0,10k0,10j0]
gb-trace iteration=0 resulting id=C19 vertices=[01k3,01X3,01x3]
gb-trace iteration=0 resulting id=C66 vertices=[01V0,01v1,01u1,01y1,01w1,01W1,01j1,01i1,01V1,01Z1,01z1,01x1,01k1,01X1,01U1,01Y1]
gb-trace iteration=0 resulting id=C23 vertices=[01k5,01X5,01x5]
gb-trace iteration=0 resulting id=C70 vertices=[01j5,01W5,01Y5,01U5,01W0,01Z2,01z2,01y2,01w2,01W2,01Y2,01U2,01X2,01x2,01k2,01j2,01i2,01V2,01v2,01u2,01j0,01i0,01k0,01u3,01y3,01z3,01Z3,01V3,01i3,01v3,01X0,01w3,01j3,01W3,01Y3,01U3,01z0,00Z0,01Z0,01u5,01y5,01z5,01Z5,01V5,01i5,01v5,01U0,01w5]
cut arcs by clause length (length:number) = {4: 28, 6: 12, 20: 4}
number of added block clauses (this increment) = 44
number of added block clauses (accumulated) = 44
add block clauses time = 1.173144ms
increment time = 2.876306ms

CEGAR iteration...
cegar iteration = 1
sat solving time = 2.692897ms
number of subcycles found = 27
cycle lengths before merge (length:number) = {3: 10, 4: 1, 6: 1, 7: 4, 8: 3, 9: 1, 11: 1, 13: 1, 14: 1, 16: 1, 42: 1, 61: 1, 80: 1}
merge operation: 80 + 3 = 83
merge operation: 6 + 61 = 67
merge operation: 14 + 3 = 17
merge operation: 42 + 3 = 45
merge operation: 3 + 67 = 70
merge operation: 3 + 83 = 86
merge operation: 7 + 86 = 93
merge operation: 11 + 3 = 14
merge operation: 3 + 93 = 96
merge operation: 3 + 96 = 99
merge operation: 45 + 8 = 53
merge operation: 9 + 53 = 62
merge operation: 13 + 4 = 17
merge operation: 7 + 62 = 69
number of merge operations = 14
number of resulting cycles = 13
cycle lengths after merge (length:number) = {3: 2, 7: 2, 8: 2, 14: 1, 16: 1, 17: 2, 69: 1, 70: 1, 99: 1}
gb-trace iteration=1 subcycle id=C1 vertices=[00i0,00j0,00u2,00y2,00z2,00Z2,00V2,00v2,00i2,00j2,00w2,00W2,00Y2,00U2,00W0,00U5,00Y5,00W5,00w5,00y5,00u5,00v5,00V5,00i5,00j5,00k5,00X5,00x5,00z5,00Z5,00U0,10U0,10X0,10Z3,10z3,10x3,10k3,10X3,10U3,10Y3,10W3,10j3,10w3,10y3,10u3,10k0,10j0,10u2,10v2,10V2,10i2,10k2,10x2,10W0,10X2,10U2,10U4,10Y4,10W4,10w4,10y4,10u4,10v4,10V4,10i4,10j4,10k4,10X4,10x4,10z4,10Z4,10u0,00u0,00U1,00Y1,00V0,00Z1,00z1,00y1,00u1]
gb-trace iteration=1 subcycle id=C2 vertices=[00k0,00X0,00Z3,00z3,00x3,00k3,00X3,00U3,00Y3,00W3,00j3,00w3,00y3,00u3]
gb-trace iteration=1 subcycle id=C3 vertices=[00Z0,01Z0,01u5,01y5,01w5,01W5,01Y5,01U0,01U5,01W0,01j0,01i0,01u1,01V0,01Y1,01Z1,01z1,01y1,01w1,01W1,01j1,01k1,01x1,01X1,01U1,01u0,01v4,01i4,01V4,01Z4,01z4,01x4,01k4,01X4,01U4,01Y4,01W4,01j4,01w4,01y4,01u4,01z0]
gb-trace iteration=1 subcycle id=C4 vertices=[00i1,00v1,00V1]
gb-trace iteration=1 subcycle id=C5 vertices=[00j1,00W1,00w1]
gb-trace iteration=1 subcycle id=C6 vertices=[00k1,00X1,00x1]
gb-trace iteration=1 subcycle id=C7 vertices=[00k2,00x2,00X2]
gb-trace iteration=1 subcycle id=C8 vertices=[00i3,00v3,00V3]
gb-trace iteration=1 subcycle id=C9 vertices=[00i4,00v4,00u4,00y4,00z4,00Z4,00V4]
gb-trace iteration=1 subcycle id=C10 vertices=[00j4,00k4,00x4,00X4,00U4,00Y4,00W4,00w4]
gb-trace iteration=1 subcycle id=C11 vertices=[01k0,01X0,01v3,01u3]
gb-trace iteration=1 subcycle id=C12 vertices=[01i1,01v1,01V1]
gb-trace iteration=1 subcycle id=C13 vertices=[01i2,01j2,01W2,01w2,01y2,01u2,01v2,01V2]
gb-trace iteration=1 subcycle id=C14 vertices=[01k2,01X2,01U2,01Y2,01Z2,01z2,01x2]
gb-trace iteration=1 subcycle id=C15 vertices=[01i3,01V3,01Z3,01Y3,01U3,01X3,01k3,01x3,01z3,01y3,01w3,01W3,01j3]
gb-trace iteration=1 subcycle id=C16 vertices=[01i5,01v5,01V5,01Z5,01z5,01x5,01X5,01k5,01j5]
gb-trace iteration=1 subcycle id=C17 vertices=[10i0,10V0,10u1]
gb-trace iteration=1 subcycle id=C18 vertices=[10Z0,11z0,11u4,11v4,11i4,11V4,11Z4,11z4,11x4,11k4,11X4,11U4,11Y4,11W4,11j4,11w4,11y4,11u0,11U1,11V0,11w1,11y1,11z1,11x1,11X1,11k1,11i1,11j1,11W1,11Y1,11Z1,11V1,11v1,11u1,11i0,11k0,11j0,11u2,11v2,11V2,11i2,11j2,11k2,11x2,11X2,11U2,11W0,11U5,11Y5,11U0,11Z5,11z5,11x5,11X5,11k5,11j5,11W5,11w5,11y5,11u5,11Z0]
gb-trace iteration=1 subcycle id=C19 vertices=[10i1,10v1,10V1]
gb-trace iteration=1 subcycle id=C20 vertices=[10j1,10W1,10w1,10y1,10z1,10Z1,10Y1,10U1,10X1,10x1,10k1]
gb-trace iteration=1 subcycle id=C21 vertices=[10j2,10W2,10Y2,10Z2,10z2,10y2,10w2]
gb-trace iteration=1 subcycle id=C22 vertices=[10i3,10v3,10V3]
gb-trace iteration=1 subcycle id=C23 vertices=[10i5,10j5,10W5,10w5,10y5,10u5,10v5,10V5]
gb-trace iteration=1 subcycle id=C24 vertices=[10k5,10x5,10z5,10Z5,10Y5,10U5,10X5]
gb-trace iteration=1 subcycle id=C25 vertices=[11X0,11x3,11k3,11X3,11U3,11Y3,11Z3,11z3,11y3,11u3,11v3,11V3,11i3,11j3,11w3,11W3]
gb-trace iteration=1 subcycle id=C26 vertices=[11w2,11W2,11Y2,11Z2,11z2,11y2]
gb-trace iteration=1 subcycle id=C27 vertices=[11i5,11V5,11v5]
gb-trace iteration=1 merge C1 + C4 = C28
gb-trace iteration=1 merge C26 + C18 = C29
gb-trace iteration=1 merge C2 + C8 = C30
gb-trace iteration=1 merge C3 + C12 = C31
gb-trace iteration=1 merge C27 + C29 = C32
gb-trace iteration=1 merge C22 + C28 = C33
gb-trace iteration=1 merge C21 + C33 = C34
gb-trace iteration=1 merge C20 + C17 = C35
gb-trace iteration=1 merge C5 + C34 = C36
gb-trace iteration=1 merge C7 + C36 = C37
gb-trace iteration=1 merge C31 + C13 = C38
gb-trace iteration=1 merge C16 + C38 = C39
gb-trace iteration=1 merge C15 + C11 = C40
gb-trace iteration=1 merge C14 + C39 = C41
gb-trace iteration=1 resulting id=C25 vertices=[11X0,11x3,11k3,11X3,11U3,11Y3,11Z3,11z3,11y3,11u3,11v3,11V3,11i3,11j3,11w3,11W3]
gb-trace iteration=1 resulting id=C24 vertices=[10k5,10x5,10z5,10Z5,10Y5,10U5,10X5]
gb-trace iteration=1 resulting id=C23 vertices=[10i5,10j5,10W5,10w5,10y5,10u5,10v5,10V5]
gb-trace iteration=1 resulting id=C19 vertices=[10i1,10v1,10V1]
gb-trace iteration=1 resulting id=C32 vertices=[11i5,11V5,11Z5,11z5,11x5,11X5,11k5,11j5,11W5,11w5,11y5,11u5,11Z0,10Z0,11z0,11u4,11v4,11i4,11V4,11Z4,11z4,11x4,11k4,11X4,11U4,11Y4,11W4,11j4,11w4,11y4,11u0,11U1,11V0,11w1,11y1,11z1,11x1,11X1,11k1,11i1,11j1,11W1,11Y1,11Z1,11V1,11v1,11u1,11i0,11k0,11j0,11u2,11v2,11V2,11i2,11j2,11k2,11x2,11X2,11U2,11Y2,11Z2,11z2,11y2,11w2,11W2,11W0,11U5,11Y5,11U0,11v5]
gb-trace iteration=1 resulting id=C6 vertices=[00k1,00X1,00x1]
gb-trace iteration=1 resulting id=C35 vertices=[10j1,10W1,10w1,10V0,10i0,10u1,10y1,10z1,10Z1,10Y1,10U1,10X1,10x1,10k1]
gb-trace iteration=1 resulting id=C37 vertices=[00k2,00x2,00W0,00U5,00Y5,00W5,00w5,00y5,00u5,00v5,00V5,00i5,00j5,00k5,00X5,00x5,00z5,00Z5,00U0,10U0,10X0,10v3,10i3,10V3,10Z3,10z3,10x3,10k3,10X3,10U3,10Y3,10W3,10j3,10w3,10y3,10u3,10k0,10j0,10u2,10v2,10V2,10i2,10k2,10x2,10z2,10y2,10w2,10j2,10W2,10Y2,10Z2,10W0,10X2,10U2,10U4,10Y4,10W4,10w4,10y4,10u4,10v4,10V4,10i4,10j4,10k4,10X4,10x4,10z4,10Z4,10u0,00u0,00U1,00Y1,00W1,00j1,00w1,00V0,00v1,00i1,00V1,00Z1,00z1,00y1,00u1,00i0,00j0,00u2,00y2,00z2,00Z2,00V2,00v2,00i2,00j2,00w2,00W2,00Y2,00U2,00X2]
gb-trace iteration=1 resulting id=C9 vertices=[00i4,00v4,00u4,00y4,00z4,00Z4,00V4]
gb-trace iteration=1 resulting id=C10 vertices=[00j4,00k4,00x4,00X4,00U4,00Y4,00W4,00w4]
gb-trace iteration=1 resulting id=C40 vertices=[01i3,01v3,01u3,01k0,01X0,01V3,01Z3,01Y3,01U3,01X3,01k3,01x3,01z3,01y3,01w3,01W3,01j3]
gb-trace iteration=1 resulting id=C30 vertices=[00k0,00X0,00v3,00i3,00V3,00Z3,00z3,00x3,00k3,00X3,00U3,00Y3,00W3,00j3,00w3,00y3,00u3]
gb-trace iteration=1 resulting id=C41 vertices=[01k2,01X2,01U2,01Y2,01Z2,01W0,01U5,01U0,01V5,01v5,01i5,01j5,01k5,01X5,01x5,01z5,01Z5,01Y5,01W5,01w5,01y5,01u5,01Z0,00Z0,01z0,01u4,01y4,01w4,01j4,01W4,01Y4,01U4,01X4,01k4,01x4,01z4,01Z4,01V4,01i4,01v4,01u0,01U1,01X1,01x1,01k1,01j1,01W1,01w1,01y1,01z1,01Z1,01Y1,01V0,01V1,01i1,01v1,01u1,01i0,01j0,01u2,01v2,01V2,01i2,01j2,01W2,01w2,01y2,01z2,01x2]
cut arcs by clause length (length:number) = {4: 6, 6: 4, 8: 4, 10: 2, 12: 8, 42: 2}
number of added block clauses (this increment) = 26
number of added block clauses (accumulated) = 70
add block clauses time = 564.139us
increment time = 3.257036ms

CEGAR iteration...
cegar iteration = 2
sat solving time = 679.470us
number of subcycles found = 24
cycle lengths before merge (length:number) = {3: 9, 6: 3, 7: 2, 8: 4, 9: 2, 11: 1, 17: 1, 42: 1, 159: 1}
merge operation: 42 + 3 = 45
merge operation: 159 + 6 = 165
merge operation: 45 + 3 = 48
merge operation: 165 + 9 = 174
merge operation: 11 + 6 = 17
merge operation: 174 + 8 = 182
merge operation: 7 + 182 = 189
merge operation: 8 + 189 = 197
number of merge operations = 8
number of resulting cycles = 16
cycle lengths after merge (length:number) = {3: 7, 6: 1, 7: 1, 8: 2, 9: 1, 17: 2, 48: 1, 197: 1}
gb-trace iteration=2 subcycle id=C1 vertices=[00i0,00k0,00j0,00u2,00y2,00z2,00Z2,00V2,00v2,00i2,00j2,00w2,00W2,00Y2,00U2,00W0,00U5,00Y5,00W5,00j5,00w5,00y5,00z5,00Z5,00V5,00i5,00v5,00u5,00Z0,00V0,00Z1,00z1,00x1,00k1,00X1,00U1,00Y1,00W1,00j1,00w1,00y1,00u1]
gb-trace iteration=2 subcycle id=C2 vertices=[00u0,00y4,00z4,00Z4,00V4,00v4,00u4,01u0,01v4,01i4,01V4,01Z4,01z4,01x4,01k4,01X4,01U4,01Y4,01W4,01j4,01w4,01y4,01u4,01z0,01Z0,01u5,01y5,01z5,01Z5,01Y5,01W5,01w5,01j5,01k5,01x5,01X5,01U5,01W0,01j0,01k0,01X0,01U0,00U3,00Y3,00W3,00j3,00w3,00y3,00z3,00Z3,00V3,00i3,00v3,00u3,00X0,00U0,10U0,10X0,10k0,10u3,10y3,10w3,10j3,10W3,10Y3,10Z3,10z3,10x3,10k3,10X3,10U3,11U0,11U5,11X5,11x5,11k5,11j5,11i5,11V5,11v5,11u5,11Z0,10Z0,11z0,11u4,11y4,11w4,11j4,11W4,11Y4,11U4,11U2,11Y2,11W2,11w2,11y2,11z2,11x2,11X2,11W0,11Z2,11V2,11v2,11u2,11j0,11i0,11u1,11v1,11V1,11Z1,11V0,11w1,11y1,11z1,11x1,11X1,11k1,11i1,11j1,11W1,11Y1,11U1,11u0,10u4,10y4,10z4,10x4,10k4,10X4,10U4,10U2,10Y2,10Z2,10z2,10y2,10u2,10v2,10V2,10i2,10k2,10X2,10x2,10W0,10j0,10i0,10V0,10u1,10v1,10V1,10i1,10j1,10W1,10w1,10y1,10z1,10Z1,10Y1,10U1,10u0]
gb-trace iteration=2 subcycle id=C3 vertices=[00i1,00v1,00V1]
gb-trace iteration=2 subcycle id=C4 vertices=[00k2,00x2,00X2]
gb-trace iteration=2 subcycle id=C5 vertices=[00k3,00X3,00x3]
gb-trace iteration=2 subcycle id=C6 vertices=[00i4,00k4,00x4,00X4,00U4,00Y4,00W4,00w4,00j4]
gb-trace iteration=2 subcycle id=C7 vertices=[00k5,00X5,00x5]
gb-trace iteration=2 subcycle id=C8 vertices=[01i0,01u1,01v1,01V1,01i1,01j1,01k1,01x1,01X1,01U1,01V0]
gb-trace iteration=2 subcycle id=C9 vertices=[01w1,01W1,01Y1,01Z1,01z1,01y1]
gb-trace iteration=2 subcycle id=C10 vertices=[01i2,01j2,01W2,01w2,01y2,01u2,01v2,01V2]
gb-trace iteration=2 subcycle id=C11 vertices=[01k2,01X2,01U2,01Y2,01Z2,01z2,01x2]
gb-trace iteration=2 subcycle id=C12 vertices=[01i3,01V3,01v3,01u3,01y3,01w3,01W3,01j3]
gb-trace iteration=2 subcycle id=C13 vertices=[01k3,01x3,01z3,01Z3,01Y3,01U3,01X3]
gb-trace iteration=2 subcycle id=C14 vertices=[01i5,01V5,01v5]
gb-trace iteration=2 subcycle id=C15 vertices=[10k1,10x1,10X1]
gb-trace iteration=2 subcycle id=C16 vertices=[10j2,10W2,10w2]
gb-trace iteration=2 subcycle id=C17 vertices=[10i3,10V3,10v3]
gb-trace iteration=2 subcycle id=C18 vertices=[10i4,10v4,10V4,10Z4,10Y4,10W4,10w4,10j4]
gb-trace iteration=2 subcycle id=C19 vertices=[10i5,10k5,10j5,10W5,10w5,10y5,10u5,10v5,10V5]
gb-trace iteration=2 subcycle id=C20 vertices=[10x5,10z5,10Z5,10Y5,10U5,10X5]
gb-trace iteration=2 subcycle id=C21 vertices=[11k0,11u3,11y3,11z3,11x3,11k3,11X3,11U3,11Y3,11Z3,11V3,11v3,11i3,11j3,11w3,11W3,11X0]
gb-trace iteration=2 subcycle id=C22 vertices=[11i2,11j2,11k2]
gb-trace iteration=2 subcycle id=C23 vertices=[11i4,11k4,11X4,11x4,11z4,11Z4,11V4,11v4]
gb-trace iteration=2 subcycle id=C24 vertices=[11w5,11y5,11z5,11Z5,11Y5,11W5]
gb-trace iteration=2 merge C1 + C3 = C25
gb-trace iteration=2 merge C2 + C24 = C26
gb-trace iteration=2 merge C25 + C4 = C27
gb-trace iteration=2 merge C26 + C6 = C28
gb-trace iteration=2 merge C8 + C9 = C29
gb-trace iteration=2 merge C28 + C10 = C30
gb-trace iteration=2 merge C11 + C30 = C31
gb-trace iteration=2 merge C12 + C31 = C32
gb-trace iteration=2 resulting id=C23 vertices=[11i4,11k4,11X4,11x4,11z4,11Z4,11V4,11v4]
gb-trace iteration=2 resulting id=C22 vertices=[11i2,11j2,11k2]
gb-trace iteration=2 resulting id=C21 vertices=[11k0,11u3,11y3,11z3,11x3,11k3,11X3,11U3,11Y3,11Z3,11V3,11v3,11i3,11j3,11w3,11W3,11X0]
gb-trace iteration=2 resulting id=C20 vertices=[10x5,10z5,10Z5,10Y5,10U5,10X5]
gb-trace iteration=2 resulting id=C5 vertices=[00k3,00X3,00x3]
gb-trace iteration=2 resulting id=C27 vertices=[00i0,00k0,00j0,00u2,00y2,00z2,00Z2,00V2,00v2,00i2,00j2,00w2,00W2,00Y2,00U2,00X2,00k2,00x2,00W0,00U5,00Y5,00W5,00j5,00w5,00y5,00z5,00Z5,00V5,00i5,00v5,00u5,00Z0,00V0,00v1,00i1,00V1,00Z1,00z1,00x1,00k1,00X1,00U1,00Y1,00W1,00j1,00w1,00y1,00u1]
gb-trace iteration=2 resulting id=C7 vertices=[00k5,00X5,00x5]
gb-trace iteration=2 resulting id=C19 vertices=[10i5,10k5,10j5,10W5,10w5,10y5,10u5,10v5,10V5]
gb-trace iteration=2 resulting id=C18 vertices=[10i4,10v4,10V4,10Z4,10Y4,10W4,10w4,10j4]
gb-trace iteration=2 resulting id=C29 vertices=[01i0,01u1,01v1,01V1,01i1,01j1,01k1,01x1,01X1,01U1,01Y1,01W1,01w1,01y1,01z1,01Z1,01V0]
gb-trace iteration=2 resulting id=C17 vertices=[10i3,10V3,10v3]
gb-trace iteration=2 resulting id=C16 vertices=[10j2,10W2,10w2]
gb-trace iteration=2 resulting id=C13 vertices=[01k3,01x3,01z3,01Z3,01Y3,01U3,01X3]
gb-trace iteration=2 resulting id=C14 vertices=[01i5,01V5,01v5]
gb-trace iteration=2 resulting id=C15 vertices=[10k1,10x1,10X1]
gb-trace iteration=2 resulting id=C32 vertices=[01i3,01V3,01v3,01X0,01U0,00U3,00Y3,00W3,00j3,00w3,00y3,00z3,00Z3,00V3,00i3,00v3,00u3,00X0,00U0,10U0,10X0,10k0,10u3,10y3,10w3,10j3,10W3,10Y3,10Z3,10z3,10x3,10k3,10X3,10U3,11U0,11Z5,11z5,11y5,11w5,11W5,11Y5,11U5,11X5,11x5,11k5,11j5,11i5,11V5,11v5,11u5,11Z0,10Z0,11z0,11u4,11y4,11w4,11j4,11W4,11Y4,11U4,11U2,11Y2,11W2,11w2,11y2,11z2,11x2,11X2,11W0,11Z2,11V2,11v2,11u2,11j0,11i0,11u1,11v1,11V1,11Z1,11V0,11w1,11y1,11z1,11x1,11X1,11k1,11i1,11j1,11W1,11Y1,11U1,11u0,10u4,10y4,10z4,10x4,10k4,10X4,10U4,10U2,10Y2,10Z2,10z2,10y2,10u2,10v2,10V2,10i2,10k2,10X2,10x2,10W0,10j0,10i0,10V0,10u1,10v1,10V1,10i1,10j1,10W1,10w1,10y1,10z1,10Z1,10Y1,10U1,10u0,00u0,00W4,00Y4,00U4,00X4,00x4,00k4,00i4,00j4,00w4,00y4,00z4,00Z4,00V4,00v4,00u4,01u0,01v4,01i4,01V4,01Z4,01z4,01x4,01k4,01X4,01U4,01Y4,01W4,01j4,01w4,01y4,01u4,01z0,01Z0,01u5,01y5,01z5,01Z5,01Y5,01W5,01w5,01j5,01k5,01x5,01X5,01U5,01W0,01Z2,01Y2,01U2,01X2,01k2,01x2,01z2,01y2,01w2,01W2,01j2,01i2,01V2,01v2,01u2,01j0,01k0,01u3,01y3,01w3,01W3,01j3]
cut arcs by clause length (length:number) = {4: 4, 6: 14, 12: 10, 20: 2, 112: 2}
number of added block clauses (this increment) = 32
number of added block clauses (accumulated) = 102
add block clauses time = 501.731us
increment time = 1.181201ms

CEGAR iteration...
cegar iteration = 3
sat solving time = 450.315us
number of subcycles found = 24
cycle lengths before merge (length:number) = {3: 6, 6: 3, 7: 1, 8: 4, 9: 4, 12: 1, 15: 2, 37: 1, 40: 1, 108: 1}
merge operation: 37 + 3 = 40
merge operation: 108 + 9 = 117
merge operation: 15 + 117 = 132
merge operation: 3 + 40 = 43
merge operation: 132 + 12 = 144
merge operation: 9 + 8 = 17
merge operation: 3 + 144 = 147
merge operation: 8 + 147 = 155
merge operation: 6 + 155 = 161
merge operation: 9 + 161 = 170
number of merge operations = 10
number of resulting cycles = 14
cycle lengths after merge (length:number) = {3: 3, 6: 2, 7: 1, 8: 2, 9: 1, 15: 1, 17: 1, 40: 1, 43: 1, 170: 1}
gb-trace iteration=3 subcycle id=C1 vertices=[00i0,00k0,00j0,00u2,00y2,00z2,00Z2,00V2,00v2,00i2,00j2,00w2,00W2,00Y2,00U2,00W0,00U5,00Y5,00W5,00j5,00w5,00y5,00u5,00Z0,00V0,00Z1,00z1,00x1,00k1,00X1,00U1,00Y1,00W1,00j1,00w1,00y1,00u1]
gb-trace iteration=3 subcycle id=C2 vertices=[00u0,00y4,00z4,00Z4,00V4,00v4,00u4,01u0,01v4,01i4,01V4,01Z4,01z4,01x4,01k4,01X4,01U4,01Y4,01W4,01j4,01w4,01y4,01u4,01z0,01Z0,01V0,01i0,01k0,01X0,01U0,00U3,00Y3,00W3,00j3,00w3,00y3,00u3,00v3,00i3,00V3,00Z3,00z3,00x3,00k3,00X3,00X0,00U0,10U0,10X0,10k0,10u3,10y3,10z3,10x3,10X3,10U3,11U0,11X0,11k0,11j0,11i0,11u1,11v1,11V1,11Z1,11V0,11w1,11y1,11z1,11x1,11X1,11k1,11i1,11j1,11W1,11Y1,11U1,11u0,10u4,10v4,10V4,10Z4,10Y4,10W4,10w4,10y4,10z4,10x4,10X4,10U4,10U2,10Y2,10Z2,10z2,10W0,10j0,10i0,10V0,10u1,10v1,10V1,10i1,10j1,10k1,10x1,10X1,10U1,10u0]
gb-trace iteration=3 subcycle id=C3 vertices=[00i1,00v1,00V1]
gb-trace iteration=3 subcycle id=C4 vertices=[00k2,00x2,00X2]
gb-trace iteration=3 subcycle id=C5 vertices=[00i4,00k4,00x4,00X4,00U4,00Y4,00W4,00w4,00j4]
gb-trace iteration=3 subcycle id=C6 vertices=[00i5,00k5,00X5,00x5,00z5,00Z5,00V5,00v5]
gb-trace iteration=3 subcycle id=C7 vertices=[01j0,01W0,01U2,01X2,01k2,01x2,01z2,01y2,01u2]
gb-trace iteration=3 subcycle id=C8 vertices=[01i1,01j1,01k1]
gb-trace iteration=3 subcycle id=C9 vertices=[01u1,01v1,01V1,01Z1,01z1,01x1,01X1,01U1,01Y1,01W1,01w1,01y1]
gb-trace iteration=3 subcycle id=C10 vertices=[01i2,01j2,01w2,01W2,01Y2,01Z2,01V2,01v2]
gb-trace iteration=3 subcycle id=C11 vertices=[01i3,01V3,01v3,01u3,01y3,01w3,01W3,01j3,01k3]
gb-trace iteration=3 subcycle id=C12 vertices=[01x3,01z3,01Z3,01Y3,01U3,01X3]
gb-trace iteration=3 subcycle id=C13 vertices=[01i5,01v5,01u5,01y5,01z5,01Z5,01V5]
gb-trace iteration=3 subcycle id=C14 vertices=[01j5,01k5,01x5,01X5,01U5,01Y5,01W5,01w5]
gb-trace iteration=3 subcycle id=C15 vertices=[10Z0,11z0,11u4,11y4,11w4,11j4,11W4,11Y4,11Z4,11z4,11x4,11k4,11X4,11U4,11U2,11Y2,11Z2,11V2,11v2,11u2,11y2,11z2,11x2,11X2,11k2,11i2,11j2,11w2,11W2,11W0,11U5,11X5,11x5,11k5,11j5,11i5,11V5,11v5,11u5,11Z0]
gb-trace iteration=3 subcycle id=C16 vertices=[10w1,10y1,10z1,10Z1,10Y1,10W1]
gb-trace iteration=3 subcycle id=C17 vertices=[10i2,10j2,10W2,10w2,10y2,10u2,10v2,10V2]
gb-trace iteration=3 subcycle id=C18 vertices=[10k2,10x2,10X2]
gb-trace iteration=3 subcycle id=C19 vertices=[10i3,10k3,10j3,10w3,10W3,10Y3,10Z3,10V3,10v3]
gb-trace iteration=3 subcycle id=C20 vertices=[10i4,10k4,10j4]
gb-trace iteration=3 subcycle id=C21 vertices=[10i5,10v5,10u5,10y5,10w5,10j5,10W5,10Y5,10U5,10X5,10k5,10x5,10z5,10Z5,10V5]
gb-trace iteration=3 subcycle id=C22 vertices=[11i3,11V3,11Z3,11z3,11x3,11k3,11X3,11U3,11Y3,11W3,11j3,11w3,11y3,11u3,11v3]
gb-trace iteration=3 subcycle id=C23 vertices=[11i4,11V4,11v4]
gb-trace iteration=3 subcycle id=C24 vertices=[11w5,11y5,11z5,11Z5,11Y5,11W5]
gb-trace iteration=3 merge C1 + C3 = C25
gb-trace iteration=3 merge C2 + C5 = C26
gb-trace iteration=3 merge C22 + C26 = C27
gb-trace iteration=3 merge C4 + C25 = C28
gb-trace iteration=3 merge C27 + C9 = C29
gb-trace iteration=3 merge C7 + C10 = C30
gb-trace iteration=3 merge C18 + C29 = C31
gb-trace iteration=3 merge C17 + C31 = C32
gb-trace iteration=3 merge C16 + C32 = C33
gb-trace iteration=3 merge C11 + C33 = C34
gb-trace iteration=3 resulting id=C23 vertices=[11i4,11V4,11v4]
gb-trace iteration=3 resulting id=C21 vertices=[10i5,10v5,10u5,10y5,10w5,10j5,10W5,10Y5,10U5,10X5,10k5,10x5,10z5,10Z5,10V5]
gb-trace iteration=3 resulting id=C24 vertices=[11w5,11y5,11z5,11Z5,11Y5,11W5]
gb-trace iteration=3 resulting id=C20 vertices=[10i4,10k4,10j4]
gb-trace iteration=3 resulting id=C19 vertices=[10i3,10k3,10j3,10w3,10W3,10Y3,10Z3,10V3,10v3]
gb-trace iteration=3 resulting id=C6 vertices=[00i5,00k5,00X5,00x5,00z5,00Z5,00V5,00v5]
gb-trace iteration=3 resulting id=C15 vertices=[10Z0,11z0,11u4,11y4,11w4,11j4,11W4,11Y4,11Z4,11z4,11x4,11k4,11X4,11U4,11U2,11Y2,11Z2,11V2,11v2,11u2,11y2,11z2,11x2,11X2,11k2,11i2,11j2,11w2,11W2,11W0,11U5,11X5,11x5,11k5,11j5,11i5,11V5,11v5,11u5,11Z0]
gb-trace iteration=3 resulting id=C8 vertices=[01i1,01j1,01k1]
gb-trace iteration=3 resulting id=C28 vertices=[00k2,00x2,00W0,00U5,00Y5,00W5,00j5,00w5,00y5,00u5,00Z0,00V0,00v1,00i1,00V1,00Z1,00z1,00x1,00k1,00X1,00U1,00Y1,00W1,00j1,00w1,00y1,00u1,00i0,00k0,00j0,00u2,00y2,00z2,00Z2,00V2,00v2,00i2,00j2,00w2,00W2,00Y2,00U2,00X2]
gb-trace iteration=3 resulting id=C30 vertices=[01j0,01W0,01W2,01w2,01j2,01i2,01v2,01V2,01Z2,01Y2,01U2,01X2,01k2,01x2,01z2,01y2,01u2]
gb-trace iteration=3 resulting id=C14 vertices=[01j5,01k5,01x5,01X5,01U5,01Y5,01W5,01w5]
gb-trace iteration=3 resulting id=C12 vertices=[01x3,01z3,01Z3,01Y3,01U3,01X3]
gb-trace iteration=3 resulting id=C13 vertices=[01i5,01v5,01u5,01y5,01z5,01Z5,01V5]
gb-trace iteration=3 resulting id=C34 vertices=[01i3,01V3,01v3,01X0,01U0,00U3,00Y3,00W3,00j3,00w3,00y3,00u3,00v3,00i3,00V3,00Z3,00z3,00x3,00k3,00X3,00X0,00U0,10U0,10X0,10k0,10u3,10y3,10z3,10x3,10X3,10U3,11U0,11X0,11y3,11w3,11j3,11W3,11Y3,11U3,11X3,11k3,11x3,11z3,11Z3,11V3,11i3,11v3,11u3,11k0,11j0,11i0,11u1,11v1,11V1,11Z1,11V0,11w1,11y1,11z1,11x1,11X1,11k1,11i1,11j1,11W1,11Y1,11U1,11u0,10u4,10v4,10V4,10Z4,10Y4,10W4,10w4,10y4,10z4,10x4,10X4,10U4,10U2,10Y2,10Z2,10z2,10x2,10k2,10X2,10W0,10y2,10w2,10W2,10j2,10i2,10V2,10v2,10u2,10j0,10i0,10V0,10w1,10W1,10Y1,10Z1,10z1,10y1,10u1,10v1,10V1,10i1,10j1,10k1,10x1,10X1,10U1,10u0,00u0,00W4,00Y4,00U4,00X4,00x4,00k4,00i4,00j4,00w4,00y4,00z4,00Z4,00V4,00v4,00u4,01u0,01v4,01i4,01V4,01Z4,01z4,01x4,01k4,01X4,01U4,01Y4,01W4,01j4,01w4,01y4,01u4,01z0,01Z0,01V0,01v1,01V1,01Z1,01z1,01x1,01X1,01U1,01Y1,01W1,01w1,01y1,01u1,01i0,01k0,01u3,01y3,01w3,01W3,01j3,01k3]
cut arcs by clause length (length:number) = {4: 2, 6: 6, 12: 12, 14: 2, 18: 2, 32: 2, 112: 2}
number of added block clauses (this increment) = 28
number of added block clauses (accumulated) = 130
add block clauses time = 544.604us
increment time = 994.919us

CEGAR iteration...
cegar iteration = 4
sat solving time = 978.729us
number of subcycles found = 24
cycle lengths before merge (length:number) = {3: 2, 5: 1, 6: 2, 7: 3, 8: 4, 9: 5, 14: 1, 15: 2, 28: 1, 30: 1, 44: 1, 71: 1}
merge operation: 44 + 5 = 49
merge operation: 15 + 49 = 64
merge operation: 15 + 71 = 86
merge operation: 6 + 64 = 70
merge operation: 9 + 86 = 95
merge operation: 14 + 70 = 84
merge operation: 28 + 6 = 34
merge operation: 7 + 95 = 102
merge operation: 8 + 102 = 110
merge operation: 9 + 7 = 16
merge operation: 8 + 8 = 16
number of merge operations = 11
number of resulting cycles = 13
cycle lengths after merge (length:number) = {3: 2, 7: 1, 8: 1, 9: 3, 16: 2, 30: 1, 34: 1, 84: 1, 110: 1}
gb-trace iteration=4 subcycle id=C1 vertices=[00i0,00k0,00X0,00U0,00u5,00Z0,00V0,00Y1,00W1,00j1,00w1,00y1,00u1,00v1,00i1,00V1,00Z1,00z1,00x1,00k1,00X1,00U1,00u0,00Y4,00W4,00w4,00j4,00i4,00k4,00x4,00X4,00U4,00U2,00X2,00x2,00z2,00y2,00w2,00j2,00k2,00i2,00v2,00u2,00j0]
gb-trace iteration=4 subcycle id=C2 vertices=[00W0,00V2,00Z2,00Y2,00W2]
gb-trace iteration=4 subcycle id=C3 vertices=[00i3,00V3,00Z3,00z3,00x3,00k3,00X3,00U3,00Y3,00W3,00j3,00w3,00y3,00u3,00v3]
gb-trace iteration=4 subcycle id=C4 vertices=[00u4,00y4,00z4,00Z4,00V4,00v4]
gb-trace iteration=4 subcycle id=C5 vertices=[00i5,00k5,00x5,00X5,00U5,00Y5,00W5,00j5,00w5,00y5,00z5,00Z5,00V5,00v5]
gb-trace iteration=4 subcycle id=C6 vertices=[01i0,01k0,01j0]
gb-trace iteration=4 subcycle id=C7 vertices=[01u0,01v4,01i4,01V4,01Z4,01z4,01x4,01k4,01X4,01U4,01Y4,01W4,01j4,01w4,01y4,01u4,01z0,01Z0,01V0,01u1,01v1,01V1,01i1,01j1,01k1,01x1,01X1,01U1]
gb-trace iteration=4 subcycle id=C8 vertices=[01U0,01w5,01y5,01z5,01Z5,01V5,01i5,01v5,01u5]
gb-trace iteration=4 subcycle id=C9 vertices=[01W0,01U2,01X2,01k2,01x2,01z2,01y2,01u2]
gb-trace iteration=4 subcycle id=C10 vertices=[01X0,01x3,01z3,01Z3,01Y3,01U3,01X3]
gb-trace iteration=4 subcycle id=C11 vertices=[01w1,01y1,01z1,01Z1,01Y1,01W1]
gb-trace iteration=4 subcycle id=C12 vertices=[01i2,01j2,01w2,01W2,01Y2,01Z2,01V2,01v2]
gb-trace iteration=4 subcycle id=C13 vertices=[01i3,01V3,01v3,01u3,01y3,01w3,01W3,01j3,01k3]
gb-trace iteration=4 subcycle id=C14 vertices=[01j5,01k5,01x5,01X5,01U5,01Y5,01W5]
gb-trace iteration=4 subcycle id=C15 vertices=[10i0,10V0,10Z0,10u5,10v5,10V5,10i5,10k5,10x5,10X5,10U5,10W0,10j0,10u2,10y2,10z2,10Z2,10V2,10v2,10i2,10j2,10w2,10W2,10Y2,10U2,10U4,10Y4,10W4,10j4,10w4,10y4,10z4,10Z4,10V4,10v4,10i4,10k4,10x4,10X4,10u0,10u4,11u0,11U1,11V0,11w1,11y1,11z1,11x1,11X1,11k1,11i1,11j1,11W1,11Y1,11Z1,11V1,11v1,11u1,11i0,11j0,11k0,11X0,11U0,10U3,10Y3,10W3,10w3,10y3,10X0,10u3,10k0]
gb-trace iteration=4 subcycle id=C16 vertices=[10U0,10Z5,10z5,10y5,10w5,10j5,10W5,10Y5]
gb-trace iteration=4 subcycle id=C17 vertices=[10i1,10v1,10u1,10y1,10z1,10Z1,10V1]
gb-trace iteration=4 subcycle id=C18 vertices=[10j1,10k1,10x1,10X1,10U1,10Y1,10W1,10w1]
gb-trace iteration=4 subcycle id=C19 vertices=[10k2,10x2,10X2]
gb-trace iteration=4 subcycle id=C20 vertices=[10i3,10v3,10V3,10Z3,10z3,10x3,10X3,10k3,10j3]
gb-trace iteration=4 subcycle id=C21 vertices=[11z0,11u4,11y4,11z4,11x4,11X4,11U4,11U2,11Y2,11Z2,11V2,11v2,11u2,11y2,11z2,11x2,11X2,11k2,11i2,11j2,11w2,11W2,11W0,11U5,11Y5,11W5,11w5,11y5,11u5,11Z0]
gb-trace iteration=4 subcycle id=C22 vertices=[11i3,11V3,11Z3,11z3,11x3,11k3,11X3,11U3,11Y3,11W3,11j3,11w3,11y3,11u3,11v3]
gb-trace iteration=4 subcycle id=C23 vertices=[11i4,11k4,11j4,11w4,11W4,11Y4,11Z4,11V4,11v4]
gb-trace iteration=4 subcycle id=C24 vertices=[11i5,11v5,11V5,11Z5,11z5,11x5,11X5,11k5,11j5]
gb-trace iteration=4 merge C1 + C2 = C25
gb-trace iteration=4 merge C3 + C25 = C26
gb-trace iteration=4 merge C22 + C15 = C27
gb-trace iteration=4 merge C4 + C26 = C28
gb-trace iteration=4 merge C20 + C27 = C29
gb-trace iteration=4 merge C5 + C28 = C30
gb-trace iteration=4 merge C7 + C11 = C31
gb-trace iteration=4 merge C17 + C29 = C32
gb-trace iteration=4 merge C16 + C32 = C33
gb-trace iteration=4 merge C8 + C14 = C34
gb-trace iteration=4 merge C9 + C12 = C35
gb-trace iteration=4 resulting id=C23 vertices=[11i4,11k4,11j4,11w4,11W4,11Y4,11Z4,11V4,11v4]
gb-trace iteration=4 resulting id=C24 vertices=[11i5,11v5,11V5,11Z5,11z5,11x5,11X5,11k5,11j5]
gb-trace iteration=4 resulting id=C21 vertices=[11z0,11u4,11y4,11z4,11x4,11X4,11U4,11U2,11Y2,11Z2,11V2,11v2,11u2,11y2,11z2,11x2,11X2,11k2,11i2,11j2,11w2,11W2,11W0,11U5,11Y5,11W5,11w5,11y5,11u5,11Z0]
gb-trace iteration=4 resulting id=C19 vertices=[10k2,10x2,10X2]
gb-trace iteration=4 resulting id=C18 vertices=[10j1,10k1,10x1,10X1,10U1,10Y1,10W1,10w1]
gb-trace iteration=4 resulting id=C6 vertices=[01i0,01k0,01j0]
gb-trace iteration=4 resulting id=C31 vertices=[01u0,01v4,01i4,01V4,01Z4,01z4,01x4,01k4,01X4,01U4,01Y4,01W4,01j4,01w4,01y4,01u4,01z0,01Z0,01V0,01w1,01W1,01Y1,01Z1,01z1,01y1,01u1,01v1,01V1,01i1,01j1,01k1,01x1,01X1,01U1]
gb-trace iteration=4 resulting id=C33 vertices=[10U0,10v5,10u5,10Z0,10V0,10v1,10i1,10V1,10Z1,10z1,10y1,10u1,10i0,10k0,10u3,10v3,10i3,10j3,10k3,10X3,10x3,10z3,10Z3,10V3,10X0,10y3,10w3,10W3,10Y3,10U3,11U0,11X0,11y3,11w3,11j3,11W3,11Y3,11U3,11X3,11k3,11x3,11z3,11Z3,11V3,11i3,11v3,11u3,11k0,11j0,11i0,11u1,11v1,11V1,11Z1,11Y1,11W1,11j1,11i1,11k1,11X1,11x1,11z1,11y1,11w1,11V0,11U1,11u0,10u4,10u0,10X4,10x4,10k4,10i4,10v4,10V4,10Z4,10z4,10y4,10w4,10j4,10W4,10Y4,10U4,10U2,10Y2,10W2,10w2,10j2,10i2,10v2,10V2,10Z2,10z2,10y2,10u2,10j0,10W0,10U5,10X5,10x5,10k5,10i5,10V5,10Z5,10z5,10y5,10w5,10j5,10W5,10Y5]
gb-trace iteration=4 resulting id=C13 vertices=[01i3,01V3,01v3,01u3,01y3,01w3,01W3,01j3,01k3]
gb-trace iteration=4 resulting id=C10 vertices=[01X0,01x3,01z3,01Z3,01Y3,01U3,01X3]
gb-trace iteration=4 resulting id=C30 vertices=[00i5,00k5,00x5,00X5,00U5,00Y5,00W5,00j5,00w5,00U0,00X0,00y3,00w3,00j3,00W3,00Y3,00U3,00X3,00k3,00x3,00z3,00Z3,00V3,00i3,00v3,00u3,00k0,00i0,00j0,00u2,00v2,00i2,00k2,00j2,00w2,00W2,00Y2,00Z2,00V2,00W0,00y2,00z2,00x2,00X2,00U2,00U4,00X4,00x4,00k4,00i4,00j4,00w4,00W4,00Y4,00Z4,00V4,00v4,00u4,00y4,00z4,00u0,00U1,00X1,00k1,00x1,00z1,00Z1,00V1,00i1,00v1,00u1,00y1,00w1,00j1,00W1,00Y1,00V0,00Z0,00u5,00y5,00z5,00Z5,00V5,00v5]
gb-trace iteration=4 resulting id=C34 vertices=[01U0,01Y5,01U5,01X5,01x5,01k5,01j5,01W5,01w5,01y5,01z5,01Z5,01V5,01i5,01v5,01u5]
gb-trace iteration=4 resulting id=C35 vertices=[01W0,01W2,01w2,01j2,01i2,01v2,01V2,01Z2,01Y2,01U2,01X2,01k2,01x2,01z2,01y2,01u2]
cut arcs by clause length (length:number) = {4: 4, 6: 6, 8: 2, 12: 8, 14: 2, 30: 2, 50: 2}
number of added block clauses (this increment) = 26
number of added block clauses (accumulated) = 156
add block clauses time = 493.880us
increment time = 1.472609ms

CEGAR iteration...
cegar iteration = 5
sat solving time = 180.542us
number of subcycles found = 23
cycle lengths before merge (length:number) = {3: 4, 5: 1, 6: 1, 7: 1, 8: 3, 9: 2, 12: 1, 13: 2, 14: 2, 15: 2, 16: 1, 35: 1, 39: 1, 80: 1}
merge operation: 39 + 5 = 44
merge operation: 16 + 14 = 30
merge operation: 6 + 44 = 50
merge operation: 15 + 80 = 95
merge operation: 8 + 95 = 103
merge operation: 30 + 14 = 44
merge operation: 9 + 103 = 112
merge operation: 35 + 13 = 48
merge operation: 15 + 112 = 127
merge operation: 8 + 127 = 135
merge operation: 13 + 3 = 16
merge operation: 48 + 3 = 51
number of merge operations = 12
number of resulting cycles = 11
cycle lengths after merge (length:number) = {3: 2, 7: 1, 8: 1, 9: 1, 12: 1, 16: 1, 44: 1, 50: 1, 51: 1, 135: 1}
gb-trace iteration=5 subcycle id=C1 vertices=[00i0,00V0,00Y1,00W1,00j1,00w1,00y1,00u1,00v1,00i1,00V1,00Z1,00z1,00x1,00k1,00X1,00U1,00u0,00Y4,00W4,00w4,00j4,00i4,00k4,00x4,00X4,00U4,00U2,00X2,00x2,00z2,00y2,00w2,00j2,00k2,00i2,00v2,00u2,00j0]
gb-trace iteration=5 subcycle id=C2 vertices=[00k0,00X0,00U0,00u5,00Z0,01z0,01Z0,01u5,01U0,00U3,00Y3,00W3,00j3,00w3,00y3,00u3]
gb-trace iteration=5 subcycle id=C3 vertices=[00W0,00V2,00Z2,00Y2,00W2]
gb-trace iteration=5 subcycle id=C4 vertices=[00i3,00v3,00V3,00Z3,00z3,00x3,00X3,00k3]
gb-trace iteration=5 subcycle id=C5 vertices=[00u4,00y4,00z4,00Z4,00V4,00v4]
gb-trace iteration=5 subcycle id=C6 vertices=[00i5,00k5,00x5,00X5,00U5,00Y5,00W5,00j5,00w5,00y5,00z5,00Z5,00V5,00v5]
gb-trace iteration=5 subcycle id=C7 vertices=[01i0,01k0,01j0,01u2,01y2,01z2,01x2,01X2,01k2,01i2,01j2,01w2,01W2,01Y2,01Z2,01V2,01v2,01W0,01U2,01U4,01Y4,01W4,01j4,01w4,01y4,01u4,01v4,01i4,01V4,01Z4,01z4,01u0,01U1,01X1,01V0]
gb-trace iteration=5 subcycle id=C8 vertices=[01X0,01x3,01z3,01Z3,01Y3,01U3,01X3,01k3,01i3,01V3,01v3,01u3,01y3]
gb-trace iteration=5 subcycle id=C9 vertices=[01i1,01j1,01k1,01x1,01z1,01Z1,01Y1,01W1,01w1,01y1,01u1,01v1,01V1]
gb-trace iteration=5 subcycle id=C10 vertices=[01j3,01w3,01W3]
gb-trace iteration=5 subcycle id=C11 vertices=[01k4,01X4,01x4]
gb-trace iteration=5 subcycle id=C12 vertices=[01i5,01j5,01k5,01x5,01X5,01U5,01Y5,01W5,01w5,01y5,01z5,01Z5,01V5,01v5]
gb-trace iteration=5 subcycle id=C13 vertices=[10i0,10V0,10Z0,10u5,10v5,10V5,10i5,10k5,10x5,10X5,10U5,10W0,10j0,10u2,10v2,10V2,10i2,10k2,10x2,10X2,10U2,10U4,10Y4,10W4,10j4,10w4,10y4,10z4,10Z4,10V4,10v4,10i4,10k4,10x4,10X4,10u0,10u4,11u0,11U1,11X1,11x1,11z1,11y1,11w1,11W1,11Y1,11Z1,11V1,11v1,11u1,11i0,11V0,11Z0,11z0,11u4,11y4,11w4,11W4,11Y4,11U4,11U2,11Y2,11W2,11W0,11Z2,11V2,11v2,11u2,11j0,11k0,11X0,11U0,10U3,10Y3,10W3,10w3,10y3,10X0,10u3,10k0]
gb-trace iteration=5 subcycle id=C14 vertices=[10U0,10Z5,10z5,10y5,10w5,10j5,10W5,10Y5]
gb-trace iteration=5 subcycle id=C15 vertices=[10i1,10v1,10u1,10y1,10w1,10j1,10W1,10Y1,10U1,10X1,10k1,10x1,10z1,10Z1,10V1]
gb-trace iteration=5 subcycle id=C16 vertices=[10j2,10w2,10y2,10z2,10Z2,10Y2,10W2]
gb-trace iteration=5 subcycle id=C17 vertices=[10i3,10v3,10V3,10Z3,10z3,10x3,10X3,10k3,10j3]
gb-trace iteration=5 subcycle id=C18 vertices=[11i1,11k1,11j1]
gb-trace iteration=5 subcycle id=C19 vertices=[11i2,11j2,11w2,11y2,11z2,11x2,11X2,11k2]
gb-trace iteration=5 subcycle id=C20 vertices=[11i3,11V3,11Z3,11z3,11x3,11k3,11X3,11U3,11Y3,11W3,11j3,11w3,11y3,11u3,11v3]
gb-trace iteration=5 subcycle id=C21 vertices=[11i4,11v4,11V4,11Z4,11z4,11x4,11X4,11k4,11j4]
gb-trace iteration=5 subcycle id=C22 vertices=[11i5,11k5,11j5]
gb-trace iteration=5 subcycle id=C23 vertices=[11u5,11v5,11V5,11Z5,11z5,11x5,11X5,11U5,11Y5,11W5,11w5,11y5]
gb-trace iteration=5 merge C1 + C3 = C24
gb-trace iteration=5 merge C2 + C6 = C25
gb-trace iteration=5 merge C5 + C24 = C26
gb-trace iteration=5 merge C20 + C13 = C27
gb-trace iteration=5 merge C19 + C27 = C28
gb-trace iteration=5 merge C25 + C12 = C29
gb-trace iteration=5 merge C17 + C28 = C30
gb-trace iteration=5 merge C7 + C9 = C31
gb-trace iteration=5 merge C15 + C30 = C32
gb-trace iteration=5 merge C14 + C32 = C33
gb-trace iteration=5 merge C8 + C10 = C34
gb-trace iteration=5 merge C31 + C11 = C35
gb-trace iteration=5 resulting id=C22 vertices=[11i5,11k5,11j5]
gb-trace iteration=5 resulting id=C21 vertices=[11i4,11v4,11V4,11Z4,11z4,11x4,11X4,11k4,11j4]
gb-trace iteration=5 resulting id=C23 vertices=[11u5,11v5,11V5,11Z5,11z5,11x5,11X5,11U5,11Y5,11W5,11w5,11y5]
gb-trace iteration=5 resulting id=C4 vertices=[00i3,00v3,00V3,00Z3,00z3,00x3,00X3,00k3]
gb-trace iteration=5 resulting id=C18 vertices=[11i1,11k1,11j1]
gb-trace iteration=5 resulting id=C16 vertices=[10j2,10w2,10y2,10z2,10Z2,10Y2,10W2]
gb-trace iteration=5 resulting id=C26 vertices=[00u4,00y4,00z4,00u0,00U1,00X1,00k1,00x1,00z1,00Z1,00V1,00i1,00v1,00u1,00y1,00w1,00j1,00W1,00Y1,00V0,00i0,00j0,00u2,00v2,00i2,00k2,00j2,00w2,00W2,00Y2,00Z2,00V2,00W0,00y2,00z2,00x2,00X2,00U2,00U4,00X4,00x4,00k4,00i4,00j4,00w4,00W4,00Y4,00Z4,00V4,00v4]
gb-trace iteration=5 resulting id=C29 vertices=[00k0,00X0,00U0,00w5,00j5,00W5,00Y5,00U5,00X5,00x5,00k5,00i5,00v5,00V5,00Z5,00z5,00y5,00u5,00Z0,01z0,01Z0,01u5,01y5,01w5,01W5,01Y5,01U5,01X5,01x5,01k5,01j5,01i5,01v5,01V5,01Z5,01z5,01U0,00U3,00Y3,00W3,00j3,00w3,00y3,00u3]
gb-trace iteration=5 resulting id=C34 vertices=[01X0,01x3,01z3,01Z3,01Y3,01U3,01X3,01k3,01i3,01V3,01v3,01u3,01y3,01w3,01j3,01W3]
gb-trace iteration=5 resulting id=C33 vertices=[10U0,10v5,10u5,10Z0,10V0,10v1,10i1,10V1,10Z1,10z1,10x1,10k1,10X1,10U1,10Y1,10W1,10j1,10w1,10y1,10u1,10i0,10k0,10u3,10v3,10i3,10j3,10k3,10X3,10x3,10z3,10Z3,10V3,10X0,10y3,10w3,10W3,10Y3,10U3,11U0,11X0,11y3,11w3,11j3,11W3,11Y3,11U3,11X3,11k3,11x3,11z3,11Z3,11V3,11i3,11v3,11u3,11k0,11j0,11u2,11v2,11V2,11Z2,11W0,11w2,11y2,11z2,11x2,11X2,11k2,11i2,11j2,11W2,11Y2,11U2,11U4,11Y4,11W4,11w4,11y4,11u4,11z0,11Z0,11V0,11i0,11u1,11v1,11V1,11Z1,11Y1,11W1,11w1,11y1,11z1,11x1,11X1,11U1,11u0,10u4,10u0,10X4,10x4,10k4,10i4,10v4,10V4,10Z4,10z4,10y4,10w4,10j4,10W4,10Y4,10U4,10U2,10X2,10x2,10k2,10i2,10V2,10v2,10u2,10j0,10W0,10U5,10X5,10x5,10k5,10i5,10V5,10Z5,10z5,10y5,10w5,10j5,10W5,10Y5]
gb-trace iteration=5 resulting id=C35 vertices=[01i0,01k0,01j0,01u2,01y2,01z2,01x2,01X2,01k2,01i2,01j2,01w2,01W2,01Y2,01Z2,01V2,01v2,01W0,01U2,01U4,01Y4,01W4,01j4,01w4,01y4,01u4,01v4,01i4,01V4,01Z4,01z4,01x4,01k4,01X4,01u0,01U1,01X1,01k1,01j1,01i1,01V1,01v1,01u1,01y1,01w1,01W1,01Y1,01Z1,01z1,01x1,01V0]
cut arcs by clause length (length:number) = {4: 2, 6: 8, 12: 6, 20: 2, 22: 2, 46: 2}
number of added block clauses (this increment) = 22
number of added block clauses (accumulated) = 178
add block clauses time = 475.875us
increment time = 656.417us

CEGAR iteration...
cegar iteration = 6
sat solving time = 970.081us
number of subcycles found = 22
cycle lengths before merge (length:number) = {3: 7, 5: 1, 6: 2, 8: 2, 9: 2, 13: 1, 14: 2, 15: 1, 39: 1, 48: 1, 49: 1, 74: 1}
merge operation: 74 + 15 = 89
merge operation: 13 + 3 = 16
merge operation: 8 + 39 = 47
merge operation: 9 + 89 = 98
merge operation: 6 + 98 = 104
merge operation: 8 + 104 = 112
merge operation: 3 + 49 = 52
merge operation: 14 + 52 = 66
merge operation: 5 + 9 = 14
merge operation: 66 + 14 = 80
number of merge operations = 10
number of resulting cycles = 12
cycle lengths after merge (length:number) = {3: 5, 6: 1, 14: 1, 16: 1, 47: 1, 48: 1, 80: 1, 112: 1}
gb-trace iteration=6 subcycle id=C1 vertices=[00i0,00V0,00Z0,00u5,00v5,00V5,00i5,00k5,00x5,00X5,00U5,00Y5,00W5,00j5,00w5,00y5,00z5,00Z5,00U0,00X0,00k0,00u3,00y3,00z3,00x3,00X3,00k3,00i3,00v3,00V3,00Z3,00Y3,00U3,01U0,01X5,01U5,01Y5,01W5,01w5,01y5,01u5,01Z0,01V0,01u1,01v1,01V1,01i1,01j1,01k1,01x1,01X1,01U1,01u0,00u4,00y4,00z4,00Z4,00V4,00v4,00u0,00Y4,00W4,00w4,00j4,00i4,00k4,00x4,00X4,00U4,00U2,00W0,00y2,00u2,00j0]
gb-trace iteration=6 subcycle id=C2 vertices=[00i1,00V1,00Z1,00z1,00x1,00k1,00X1,00U1,00Y1,00W1,00j1,00w1,00y1,00u1,00v1]
gb-trace iteration=6 subcycle id=C3 vertices=[00i2,00V2,00v2]
gb-trace iteration=6 subcycle id=C4 vertices=[00j2,00w2,00W2,00Y2,00Z2,00z2,00x2,00X2,00k2]
gb-trace iteration=6 subcycle id=C5 vertices=[00j3,00w3,00W3]
gb-trace iteration=6 subcycle id=C6 vertices=[01i0,01j0,01u2,01y2,01z2,01x2,01X2,01k2,01i2,01j2,01w2,01W2,01Y2,01Z2,01V2,01v2,01W0,01U2,01U4,01Y4,01W4,01j4,01w4,01y4,01z4,01Z4,01V4,01i4,01v4,01u4,01z0,01U3,01X3,01k3,01x3,01z3,01y3,01w3,01W3,01j3,01i3,01V3,01Z3,01Y3,01X0,01v3,01u3,01k0]
gb-trace iteration=6 subcycle id=C7 vertices=[01w1,01y1,01z1,01Z1,01Y1,01W1]
gb-trace iteration=6 subcycle id=C8 vertices=[01k4,01X4,01x4]
gb-trace iteration=6 subcycle id=C9 vertices=[01i5,01j5,01k5,01x5,01z5,01Z5,01V5,01v5]
gb-trace iteration=6 subcycle id=C10 vertices=[10i0,10u1,10y1,10z1,10Z1,10V1,10v1,10i1,10j1,10k1,10x1,10X1,10V0,10w1,10W1,10Y1,10U1,10u0,10u4,11u0,11U1,11X1,11x1,11k1,11j1,11i1,11V1,11v1,11u1,11i0,11V0,11Z0,10Z0,10u5,10y5,10z5,10Z5,10Y5,10U0,10v5,10V5,10i5,10k5,10x5,10X5,10U5,10W0,10u2,10j0]
gb-trace iteration=6 subcycle id=C11 vertices=[10k0,10u3,10y3,10z3,10X0]
gb-trace iteration=6 subcycle id=C12 vertices=[10i2,10k2,10x2,10X2,10U2,10Y2,10W2,10j2,10w2,10y2,10z2,10Z2,10V2,10v2]
gb-trace iteration=6 subcycle id=C13 vertices=[10i3,10v3,10V3,10Z3,10Y3,10U3,10X3,10x3,10k3]
gb-trace iteration=6 subcycle id=C14 vertices=[10j3,10W3,10w3]
gb-trace iteration=6 subcycle id=C15 vertices=[10i4,10k4,10x4,10X4,10U4,10Y4,10W4,10j4,10w4,10y4,10z4,10Z4,10V4,10v4]
gb-trace iteration=6 subcycle id=C16 vertices=[10j5,10W5,10w5]
gb-trace iteration=6 subcycle id=C17 vertices=[11j0,11k0,11X0,11u3,11v3,11i3,11V3,11Z3,11Y3,11W3,11j3,11w3,11y3,11z3,11x3,11k3,11X3,11U3,11z0,11u4,11v4,11i4,11V4,11Z4,11z4,11y4,11w4,11j4,11W4,11Y4,11U4,11U2,11Y2,11W2,11W0,11Z2,11V2,11v2,11u2]
gb-trace iteration=6 subcycle id=C18 vertices=[11U0,11U5,11Y5]
gb-trace iteration=6 subcycle id=C19 vertices=[11w1,11W1,11Y1,11Z1,11z1,11y1]
gb-trace iteration=6 subcycle id=C20 vertices=[11i2,11j2,11w2,11y2,11z2,11x2,11X2,11k2]
gb-trace iteration=6 subcycle id=C21 vertices=[11k4,11x4,11X4]
gb-trace iteration=6 subcycle id=C22 vertices=[11i5,11j5,11W5,11w5,11y5,11u5,11v5,11V5,11Z5,11z5,11x5,11X5,11k5]
gb-trace iteration=6 merge C1 + C2 = C23
gb-trace iteration=6 merge C22 + C18 = C24
gb-trace iteration=6 merge C20 + C17 = C25
gb-trace iteration=6 merge C4 + C23 = C26
gb-trace iteration=6 merge C7 + C26 = C27
gb-trace iteration=6 merge C9 + C27 = C28
gb-trace iteration=6 merge C16 + C10 = C29
gb-trace iteration=6 merge C15 + C29 = C30
gb-trace iteration=6 merge C11 + C13 = C31
gb-trace iteration=6 merge C30 + C12 = C32
gb-trace iteration=6 resulting id=C21 vertices=[11k4,11x4,11X4]
gb-trace iteration=6 resulting id=C19 vertices=[11w1,11W1,11Y1,11Z1,11z1,11y1]
gb-trace iteration=6 resulting id=C3 vertices=[00i2,00V2,00v2]
gb-trace iteration=6 resulting id=C25 vertices=[11i2,11j2,11W2,11Y2,11U2,11U4,11Y4,11W4,11j4,11w4,11y4,11z4,11Z4,11V4,11i4,11v4,11u4,11z0,11U3,11X3,11k3,11x3,11z3,11y3,11w3,11j3,11W3,11Y3,11Z3,11V3,11i3,11v3,11u3,11X0,11k0,11j0,11u2,11v2,11V2,11Z2,11W0,11w2,11y2,11z2,11x2,11X2,11k2]
gb-trace iteration=6 resulting id=C5 vertices=[00j3,00w3,00W3]
gb-trace iteration=6 resulting id=C6 vertices=[01i0,01j0,01u2,01y2,01z2,01x2,01X2,01k2,01i2,01j2,01w2,01W2,01Y2,01Z2,01V2,01v2,01W0,01U2,01U4,01Y4,01W4,01j4,01w4,01y4,01z4,01Z4,01V4,01i4,01v4,01u4,01z0,01U3,01X3,01k3,01x3,01z3,01y3,01w3,01W3,01j3,01i3,01V3,01Z3,01Y3,01X0,01v3,01u3,01k0]
gb-trace iteration=6 resulting id=C24 vertices=[11i5,11j5,11W5,11Y5,11U5,11U0,11w5,11y5,11u5,11v5,11V5,11Z5,11z5,11x5,11X5,11k5]
gb-trace iteration=6 resulting id=C8 vertices=[01k4,01X4,01x4]
gb-trace iteration=6 resulting id=C14 vertices=[10j3,10W3,10w3]
gb-trace iteration=6 resulting id=C28 vertices=[01i5,01j5,01k5,01X5,01U5,01Y5,01W5,01w5,01y5,01u5,01Z0,01V0,01w1,01W1,01Y1,01Z1,01z1,01y1,01u1,01v1,01V1,01i1,01j1,01k1,01x1,01X1,01U1,01u0,00u4,00y4,00z4,00Z4,00V4,00v4,00u0,00Y4,00W4,00w4,00j4,00i4,00k4,00x4,00X4,00U4,00U2,00W0,00W2,00Y2,00Z2,00z2,00x2,00X2,00k2,00j2,00w2,00y2,00u2,00j0,00i0,00u1,00y1,00w1,00j1,00W1,00Y1,00U1,00X1,00k1,00x1,00z1,00Z1,00V1,00i1,00v1,00V0,00Z0,00u5,00v5,00V5,00i5,00k5,00x5,00X5,00U5,00Y5,00W5,00j5,00w5,00y5,00z5,00Z5,00U0,00X0,00k0,00u3,00y3,00z3,00x3,00X3,00k3,00i3,00v3,00V3,00Z3,00Y3,00U3,01U0,01x5,01z5,01Z5,01V5,01v5]
gb-trace iteration=6 resulting id=C31 vertices=[10k0,10u3,10y3,10z3,10Z3,10V3,10v3,10i3,10k3,10x3,10X3,10U3,10Y3,10X0]
gb-trace iteration=6 resulting id=C32 vertices=[10i4,10k4,10x4,10X4,10U4,10Y4,10W4,10j4,10w4,10u0,10U1,10Y1,10W1,10w1,10V0,10X1,10x1,10k1,10j1,10i1,10v1,10V1,10Z1,10z1,10y1,10u1,10i0,10j0,10u2,10y2,10w2,10j2,10W2,10Y2,10U2,10X2,10x2,10k2,10i2,10v2,10V2,10Z2,10z2,10W0,10U5,10X5,10x5,10k5,10i5,10V5,10v5,10U0,10w5,10j5,10W5,10Y5,10Z5,10z5,10y5,10u5,10Z0,11Z0,11V0,11i0,11u1,11v1,11V1,11i1,11j1,11k1,11x1,11X1,11U1,11u0,10u4,10y4,10z4,10Z4,10V4,10v4]
cut arcs by clause length (length:number) = {4: 2, 6: 10, 10: 2, 12: 2, 20: 4, 32: 2, 34: 2}
number of added block clauses (this increment) = 24
number of added block clauses (accumulated) = 202
add block clauses time = 456.741us
increment time = 1.426822ms

CEGAR iteration...
cegar iteration = 7
sat solving time = 3.356664ms
number of subcycles found = 23
cycle lengths before merge (length:number) = {3: 6, 6: 3, 8: 3, 9: 3, 11: 1, 12: 1, 13: 1, 36: 1, 41: 2, 43: 1, 54: 1}
merge operation: 41 + 13 = 54
merge operation: 3 + 36 = 39
merge operation: 54 + 9 = 63
merge operation: 3 + 6 = 9
merge operation: 63 + 6 = 69
merge operation: 39 + 9 = 48
merge operation: 54 + 11 = 65
merge operation: 69 + 8 = 77
merge operation: 41 + 12 = 53
merge operation: 48 + 3 = 51
number of merge operations = 10
number of resulting cycles = 13
cycle lengths after merge (length:number) = {3: 3, 6: 1, 8: 2, 9: 2, 43: 1, 51: 1, 53: 1, 65: 1, 77: 1}
gb-trace iteration=7 subcycle id=C1 vertices=[00i0,00V0,00Z0,00u5,00v5,00V5,00i5,00k5,00x5,00X5,00U5,00Y5,00W5,00j5,00w5,00y5,00z5,00Z5,00U0,10U0,10X5,10x5,10k5,10i5,10j5,10w5,10W5,10Y5,10U5,10W0,10X2,10U2,10U4,10u0,00u0,00U1,00Y1,00W1,00w1,00y1,00u1]
gb-trace iteration=7 subcycle id=C2 vertices=[00j0,00k0,00X0,00Z3,00Y3,00W3,00w3,00j3,00i3,00V3,00v3,00u3,00y3,00z3,00x3,00k3,00X3,00U3,01U0,01X5,01U5,01Y5,01W5,01w5,01y5,01u5,01Z0,01V0,01u1,01v1,01V1,01i1,01j1,01k1,01x1,01X1,01U1,01u0,00u4,00y4,00z4,00Z4,00Y4,00W4,00w4,00j4,00k4,00x4,00X4,00U4,00U2,00Y2,00Z2,00W0]
gb-trace iteration=7 subcycle id=C3 vertices=[00i1,00j1,00k1,00X1,00x1,00z1,00Z1,00V1,00v1]
gb-trace iteration=7 subcycle id=C4 vertices=[00i2,00V2,00v2,00u2,00y2,00z2,00x2,00X2,00k2]
gb-trace iteration=7 subcycle id=C5 vertices=[00j2,00w2,00W2]
gb-trace iteration=7 subcycle id=C6 vertices=[00i4,00V4,00v4]
gb-trace iteration=7 subcycle id=C7 vertices=[01i0,01j0,01u2,01y2,01z2,01x2,01X2,01k2,01i2,01j2,01w2,01W2,01Y2,01Z2,01V2,01v2,01W0,01U2,01U4,01Y4,01W4,01j4,01w4,01y4,01u4,01z0,01U3,01X3,01k3,01x3,01z3,01y3,01w3,01W3,01j3,01i3,01V3,01Z3,01Y3,01X0,01v3,01u3,01k0]
gb-trace iteration=7 subcycle id=C8 vertices=[01w1,01y1,01z1,01Z1,01Y1,01W1]
gb-trace iteration=7 subcycle id=C9 vertices=[01i4,01k4,01X4,01x4,01z4,01Z4,01V4,01v4]
gb-trace iteration=7 subcycle id=C10 vertices=[01i5,01j5,01k5,01x5,01z5,01Z5,01V5,01v5]
gb-trace iteration=7 subcycle id=C11 vertices=[10i0,10u1,10y1,10z1,10Z1,10V1,10v1,10i1,10j1,10w1,10W1,10Y1,10U1,10X1,10k1,10x1,10V0,10Z0,11Z0,11u5,11y5,11w5,11W5,11j5,11i5,11v5,11V5,11Z5,11Y5,11U5,11X5,11k5,11x5,11z5,11U0,10U3,10X3,10X0,10u3,10k0,10j0]
gb-trace iteration=7 subcycle id=C12 vertices=[10i2,10V2,10v2,10u2,10y2,10w2,10j2,10W2,10Y2,10Z2,10z2,10x2,10k2]
gb-trace iteration=7 subcycle id=C13 vertices=[10i3,10v3,10V3,10Z3,10Y3,10W3,10j3,10w3,10y3,10z3,10x3,10k3]
gb-trace iteration=7 subcycle id=C14 vertices=[10i4,10V4,10v4,10u4,10y4,10z4,10Z4,10Y4,10W4,10w4,10j4]
gb-trace iteration=7 subcycle id=C15 vertices=[10k4,10X4,10x4]
gb-trace iteration=7 subcycle id=C16 vertices=[10u5,10y5,10z5,10Z5,10V5,10v5]
gb-trace iteration=7 subcycle id=C17 vertices=[11i0,11u1,11v1,11i1,11V1,11Z1,11Y1,11U1,11u0,11Y4,11U4,11X4,11x4,11k4,11i4,11v4,11V4,11Z4,11z4,11y4,11u4,11z0,11U3,11Y3,11Z3,11z3,11x3,11X3,11k3,11i3,11V3,11v3,11u3,11y3,11X0,11k0]
gb-trace iteration=7 subcycle id=C18 vertices=[11j0,11u2,11y2,11z2,11Z2,11V2,11v2,11W0]
gb-trace iteration=7 subcycle id=C19 vertices=[11V0,11y1,11z1,11x1,11k1,11X1]
gb-trace iteration=7 subcycle id=C20 vertices=[11j1,11w1,11W1]
gb-trace iteration=7 subcycle id=C21 vertices=[11i2,11j2,11w2,11W2,11Y2,11U2,11X2,11x2,11k2]
gb-trace iteration=7 subcycle id=C22 vertices=[11j3,11w3,11W3]
gb-trace iteration=7 subcycle id=C23 vertices=[11j4,11W4,11w4]
gb-trace iteration=7 merge C1 + C12 = C24
gb-trace iteration=7 merge C22 + C17 = C25
gb-trace iteration=7 merge C2 + C4 = C26
gb-trace iteration=7 merge C20 + C19 = C27
gb-trace iteration=7 merge C26 + C8 = C28
gb-trace iteration=7 merge C25 + C27 = C29
gb-trace iteration=7 merge C24 + C14 = C30
gb-trace iteration=7 merge C28 + C10 = C31
gb-trace iteration=7 merge C11 + C13 = C32
gb-trace iteration=7 merge C29 + C23 = C33
gb-trace iteration=7 resulting id=C21 vertices=[11i2,11j2,11w2,11W2,11Y2,11U2,11X2,11x2,11k2]
gb-trace iteration=7 resulting id=C18 vertices=[11j0,11u2,11y2,11z2,11Z2,11V2,11v2,11W0]
gb-trace iteration=7 resulting id=C3 vertices=[00i1,00j1,00k1,00X1,00x1,00z1,00Z1,00V1,00v1]
gb-trace iteration=7 resulting id=C16 vertices=[10u5,10y5,10z5,10Z5,10V5,10v5]
gb-trace iteration=7 resulting id=C5 vertices=[00j2,00w2,00W2]
gb-trace iteration=7 resulting id=C6 vertices=[00i4,00V4,00v4]
gb-trace iteration=7 resulting id=C7 vertices=[01i0,01j0,01u2,01y2,01z2,01x2,01X2,01k2,01i2,01j2,01w2,01W2,01Y2,01Z2,01V2,01v2,01W0,01U2,01U4,01Y4,01W4,01j4,01w4,01y4,01u4,01z0,01U3,01X3,01k3,01x3,01z3,01y3,01w3,01W3,01j3,01i3,01V3,01Z3,01Y3,01X0,01v3,01u3,01k0]
gb-trace iteration=7 resulting id=C15 vertices=[10k4,10X4,10x4]
gb-trace iteration=7 resulting id=C9 vertices=[01i4,01k4,01X4,01x4,01z4,01Z4,01V4,01v4]
gb-trace iteration=7 resulting id=C30 vertices=[00i0,00V0,00Z0,00u5,00v5,00V5,00i5,00k5,00x5,00X5,00U5,00Y5,00W5,00j5,00w5,00y5,00z5,00Z5,00U0,10U0,10X5,10x5,10k5,10i5,10j5,10w5,10W5,10Y5,10U5,10W0,10z2,10Z2,10Y2,10W2,10j2,10w2,10y2,10u2,10v2,10V2,10i2,10k2,10x2,10X2,10U2,10U4,10Y4,10Z4,10z4,10y4,10u4,10v4,10V4,10i4,10j4,10w4,10W4,10u0,00u0,00U1,00Y1,00W1,00w1,00y1,00u1]
gb-trace iteration=7 resulting id=C31 vertices=[00j0,00k0,00X0,00Z3,00Y3,00W3,00w3,00j3,00i3,00V3,00v3,00u3,00y3,00z3,00x3,00k3,00X3,00U3,01U0,01x5,01z5,01Z5,01V5,01v5,01i5,01j5,01k5,01X5,01U5,01Y5,01W5,01w5,01y5,01u5,01Z0,01V0,01w1,01W1,01Y1,01Z1,01z1,01y1,01u1,01v1,01V1,01i1,01j1,01k1,01x1,01X1,01U1,01u0,00u4,00y4,00z4,00Z4,00Y4,00W4,00w4,00j4,00k4,00x4,00X4,00U4,00U2,00Y2,00Z2,00V2,00i2,00k2,00X2,00x2,00z2,00y2,00u2,00v2,00W0]
gb-trace iteration=7 resulting id=C32 vertices=[10i0,10u1,10y1,10z1,10Z1,10V1,10v1,10i1,10j1,10w1,10W1,10Y1,10U1,10X1,10k1,10x1,10V0,10Z0,11Z0,11u5,11y5,11w5,11W5,11j5,11i5,11v5,11V5,11Z5,11Y5,11U5,11X5,11k5,11x5,11z5,11U0,10U3,10X3,10x3,10k3,10i3,10v3,10V3,10Z3,10Y3,10W3,10j3,10w3,10y3,10z3,10X0,10u3,10k0,10j0]
gb-trace iteration=7 resulting id=C33 vertices=[11j3,11w3,11y3,11u3,11v3,11V3,11i3,11k3,11X3,11x3,11z3,11Z3,11Y3,11U3,11z0,11u4,11y4,11z4,11Z4,11V4,11v4,11i4,11k4,11x4,11X4,11U4,11Y4,11W4,11j4,11w4,11u0,11U1,11X1,11k1,11x1,11z1,11y1,11w1,11j1,11W1,11V0,11Y1,11Z1,11V1,11i1,11v1,11u1,11i0,11k0,11X0,11W3]
cut arcs by clause length (length:number) = {6: 6, 8: 2, 10: 2, 12: 8, 14: 2, 18: 2, 42: 2, 52: 2}
number of added block clauses (this increment) = 26
number of added block clauses (accumulated) = 228
add block clauses time = 507.626us
increment time = 3.864290ms

CEGAR iteration...
cegar iteration = 8
sat solving time = 831.679us
number of subcycles found = 20
cycle lengths before merge (length:number) = {3: 4, 6: 2, 8: 4, 9: 5, 39: 1, 42: 1, 43: 1, 52: 1, 61: 1}
merge operation: 43 + 3 = 46
merge operation: 52 + 8 = 60
merge operation: 9 + 39 = 48
merge operation: 60 + 6 = 66
merge operation: 9 + 46 = 55
merge operation: 66 + 8 = 74
merge operation: 3 + 61 = 64
merge operation: 8 + 64 = 72
merge operation: 9 + 72 = 81
number of merge operations = 9
number of resulting cycles = 11
cycle lengths after merge (length:number) = {3: 2, 6: 1, 8: 1, 9: 2, 42: 1, 48: 1, 55: 1, 74: 1, 81: 1}
gb-trace iteration=8 subcycle id=C1 vertices=[00i0,00u1,00y1,00w1,00j1,00W1,00Y1,00U1,00u0,10u0,10U1,10Y1,10W1,10w1,10j1,10i1,10k1,10x1,10X1,10V0,10Z0,10u5,10v5,10V5,10Z5,10Y5,10U5,10U0,00U0,00Z5,00z5,00x5,00k5,00X5,00U5,00Y5,00W5,00j5,00w5,00y5,00u5,00Z0,00V0]
gb-trace iteration=8 subcycle id=C2 vertices=[00j0,00k0,00X0,00Z3,00Y3,00W3,00w3,00j3,00i3,00V3,00v3,00u3,00y3,00z3,00x3,00k3,00X3,00U3,01U0,01X5,01U5,01Y5,01W5,01w5,01y5,01u5,01Z0,01V0,01u1,01v1,01V1,01i1,01j1,01k1,01x1,01X1,01U1,01u0,00u4,00y4,00z4,00x4,00X4,00U4,00U2,00Y2,00W0,00W2,00j2,00w2,00y2,00u2]
gb-trace iteration=8 subcycle id=C3 vertices=[00i1,00k1,00X1,00x1,00z1,00Z1,00V1,00v1]
gb-trace iteration=8 subcycle id=C4 vertices=[00i2,00v2,00V2,00Z2,00z2,00x2,00X2,00k2]
gb-trace iteration=8 subcycle id=C5 vertices=[00i4,00v4,00V4,00Z4,00Y4,00W4,00w4,00j4,00k4]
gb-trace iteration=8 subcycle id=C6 vertices=[00i5,00v5,00V5]
gb-trace iteration=8 subcycle id=C7 vertices=[01i0,01j0,01u2,01y2,01z2,01x2,01X2,01k2,01i2,01j2,01w2,01W2,01Y2,01Z2,01V2,01v2,01W0,01U2,01U4,01Y4,01Z4,01V4,01v4,01u4,01z0,01U3,01X3,01k3,01x3,01z3,01y3,01w3,01W3,01j3,01i3,01V3,01Z3,01Y3,01X0,01v3,01u3,01k0]
gb-trace iteration=8 subcycle id=C8 vertices=[01w1,01y1,01z1,01Z1,01Y1,01W1]
gb-trace iteration=8 subcycle id=C9 vertices=[01i4,01k4,01X4,01x4,01z4,01y4,01w4,01W4,01j4]
gb-trace iteration=8 subcycle id=C10 vertices=[01i5,01j5,01k5,01x5,01z5,01Z5,01V5,01v5]
gb-trace iteration=8 subcycle id=C11 vertices=[10i0,10k0,10u3,10v3,10V3,10i3,10j3,10W3,10w3,10y3,10z3,10Z3,10Y3,10X0,10U3,11U0,11U5,11X5,11k5,11x5,11z5,11y5,11u5,11Z0,11V0,11u1,11v1,11i1,11V1,11Z1,11Y1,11W1,11j1,11w1,11y1,11z1,11x1,11k1,11X1,11U1,11u0,10u4,10y4,10z4,10x4,10X4,10k4,10i4,10v4,10V4,10Z4,10Y4,10U4,10U2,10X2,10x2,10k2,10i2,10v2,10u2,10j0]
gb-trace iteration=8 subcycle id=C12 vertices=[10W0,10z2,10y2,10w2,10j2,10W2,10Y2,10Z2,10V2]
gb-trace iteration=8 subcycle id=C13 vertices=[10u1,10v1,10V1,10Z1,10z1,10y1]
gb-trace iteration=8 subcycle id=C14 vertices=[10k3,10X3,10x3]
gb-trace iteration=8 subcycle id=C15 vertices=[10j4,10w4,10W4]
gb-trace iteration=8 subcycle id=C16 vertices=[10i5,10j5,10W5,10w5,10y5,10z5,10x5,10X5,10k5]
gb-trace iteration=8 subcycle id=C17 vertices=[11i0,11j0,11W0,11u2,11v2,11V2,11Z2,11Y2,11U2,11U4,11Y4,11Z4,11V4,11v4,11i4,11k4,11X4,11x4,11z4,11y4,11u4,11z0,11U3,11Y3,11W3,11w3,11j3,11k3,11X3,11x3,11z3,11Z3,11V3,11i3,11v3,11u3,11y3,11X0,11k0]
gb-trace iteration=8 subcycle id=C18 vertices=[11i2,11j2,11W2,11w2,11y2,11z2,11x2,11X2,11k2]
gb-trace iteration=8 subcycle id=C19 vertices=[11j4,11W4,11w4]
gb-trace iteration=8 subcycle id=C20 vertices=[11i5,11v5,11V5,11Z5,11Y5,11W5,11w5,11j5]
gb-trace iteration=8 merge C1 + C6 = C21
gb-trace iteration=8 merge C2 + C4 = C22
gb-trace iteration=8 merge C18 + C17 = C23
gb-trace iteration=8 merge C22 + C8 = C24
gb-trace iteration=8 merge C16 + C21 = C25
gb-trace iteration=8 merge C24 + C10 = C26
gb-trace iteration=8 merge C14 + C11 = C27
gb-trace iteration=8 merge C20 + C27 = C28
gb-trace iteration=8 merge C12 + C28 = C29
gb-trace iteration=8 resulting id=C19 vertices=[11j4,11W4,11w4]
gb-trace iteration=8 resulting id=C15 vertices=[10j4,10w4,10W4]
gb-trace iteration=8 resulting id=C3 vertices=[00i1,00k1,00X1,00x1,00z1,00Z1,00V1,00v1]
gb-trace iteration=8 resulting id=C13 vertices=[10u1,10v1,10V1,10Z1,10z1,10y1]
gb-trace iteration=8 resulting id=C5 vertices=[00i4,00v4,00V4,00Z4,00Y4,00W4,00w4,00j4,00k4]
gb-trace iteration=8 resulting id=C26 vertices=[00j0,00k0,00X0,00Z3,00Y3,00W3,00w3,00j3,00i3,00V3,00v3,00u3,00y3,00z3,00x3,00k3,00X3,00U3,01U0,01x5,01z5,01Z5,01V5,01v5,01i5,01j5,01k5,01X5,01U5,01Y5,01W5,01w5,01y5,01u5,01Z0,01V0,01w1,01W1,01Y1,01Z1,01z1,01y1,01u1,01v1,01V1,01i1,01j1,01k1,01x1,01X1,01U1,01u0,00u4,00y4,00z4,00x4,00X4,00U4,00U2,00Y2,00Z2,00V2,00v2,00i2,00k2,00X2,00x2,00z2,00W0,00W2,00j2,00w2,00y2,00u2]
gb-trace iteration=8 resulting id=C7 vertices=[01i0,01j0,01u2,01y2,01z2,01x2,01X2,01k2,01i2,01j2,01w2,01W2,01Y2,01Z2,01V2,01v2,01W0,01U2,01U4,01Y4,01Z4,01V4,01v4,01u4,01z0,01U3,01X3,01k3,01x3,01z3,01y3,01w3,01W3,01j3,01i3,01V3,01Z3,01Y3,01X0,01v3,01u3,01k0]
gb-trace iteration=8 resulting id=C23 vertices=[11i2,11j2,11W2,11w2,11W0,11j0,11i0,11k0,11X0,11y3,11u3,11v3,11i3,11V3,11Z3,11z3,11x3,11X3,11k3,11j3,11w3,11W3,11Y3,11U3,11z0,11u4,11y4,11z4,11x4,11X4,11k4,11i4,11v4,11V4,11Z4,11Y4,11U4,11U2,11Y2,11Z2,11V2,11v2,11u2,11y2,11z2,11x2,11X2,11k2]
gb-trace iteration=8 resulting id=C9 vertices=[01i4,01k4,01X4,01x4,01z4,01y4,01w4,01W4,01j4]
gb-trace iteration=8 resulting id=C25 vertices=[10i5,10j5,10W5,10w5,10y5,10z5,10x5,10U0,00U0,00v5,00i5,00V5,00Z5,00z5,00x5,00k5,00X5,00U5,00Y5,00W5,00j5,00w5,00y5,00u5,00Z0,00V0,00i0,00u1,00y1,00w1,00j1,00W1,00Y1,00U1,00u0,10u0,10U1,10Y1,10W1,10w1,10j1,10i1,10k1,10x1,10X1,10V0,10Z0,10u5,10v5,10V5,10Z5,10Y5,10U5,10X5,10k5]
gb-trace iteration=8 resulting id=C29 vertices=[10W0,10X2,10U2,10U4,10Y4,10Z4,10V4,10v4,10i4,10k4,10X4,10x4,10z4,10y4,10u4,11u0,11U1,11X1,11k1,11x1,11z1,11y1,11w1,11j1,11W1,11Y1,11Z1,11V1,11i1,11v1,11u1,11V0,11Z0,11u5,11y5,11z5,11x5,11k5,11X5,11U5,11Y5,11W5,11w5,11j5,11i5,11v5,11V5,11Z5,11U0,10U3,10X3,10k3,10x3,10X0,10Y3,10Z3,10z3,10y3,10w3,10W3,10j3,10i3,10V3,10v3,10u3,10k0,10i0,10j0,10u2,10v2,10i2,10k2,10x2,10z2,10y2,10w2,10j2,10W2,10Y2,10Z2,10V2]
cut arcs by clause length (length:number) = {6: 4, 12: 8, 18: 2, 20: 2, 34: 2, 36: 2, 58: 2}
number of added block clauses (this increment) = 22
number of added block clauses (accumulated) = 250
add block clauses time = 473.886us
increment time = 1.305565ms

CEGAR iteration...
cegar iteration = 9
sat solving time = 5.090551ms
number of subcycles found = 25
cycle lengths before merge (length:number) = {3: 5, 6: 2, 7: 5, 8: 4, 9: 1, 11: 1, 14: 3, 19: 1, 37: 1, 61: 1, 65: 1}
merge operation: 61 + 14 = 75
merge operation: 7 + 65 = 72
merge operation: 14 + 72 = 86
merge operation: 14 + 86 = 100
merge operation: 3 + 11 = 14
merge operation: 100 + 8 = 108
merge operation: 8 + 75 = 83
merge operation: 8 + 83 = 91
merge operation: 37 + 6 = 43
merge operation: 19 + 9 = 28
merge operation: 8 + 91 = 99
number of merge operations = 11
number of resulting cycles = 14
cycle lengths after merge (length:number) = {3: 4, 6: 1, 7: 4, 14: 1, 28: 1, 43: 1, 99: 1, 108: 1}
gb-trace iteration=9 subcycle id=C1 vertices=[00i0,00u1,00V0,00Z0,00u5,00v5,00V5,00i5,00j5,00k5,00x5,00X5,00U5,00W0,00j0,00u2,00v2,00V2,00i2,00j2,00W2,00w2,00y2,00z2,00Z2,00Y2,00U2,00U4,00X4,00x4,00z4,00y4,00u4,00v4,00u0,10u0,10U1,10Y1,10W1,10j1,10w1,10y1,10u1,10V0,10Z0,10u5,10v5,10V5,10Z5,10z5,10x5,10X5,10U5,10Y5,10W5,10w5,10y5,10U0,00U0,00X0,00k0]
gb-trace iteration=9 subcycle id=C2 vertices=[00i1,00v1,00V1,00Z1,00z1,00y1,00w1,00W1,00Y1,00U1,00X1,00x1,00k1,00j1]
gb-trace iteration=9 subcycle id=C3 vertices=[00k2,00X2,00x2]
gb-trace iteration=9 subcycle id=C4 vertices=[00i3,00V3,00v3,00u3,00y3,00w3,00W3,00j3]
gb-trace iteration=9 subcycle id=C5 vertices=[00k3,00X3,00U3,00Y3,00Z3,00z3,00x3]
gb-trace iteration=9 subcycle id=C6 vertices=[00i4,00V4,00Z4,00Y4,00W4,00w4,00j4,00k4]
gb-trace iteration=9 subcycle id=C7 vertices=[00w5,00W5,00Y5,00Z5,00z5,00y5]
gb-trace iteration=9 subcycle id=C8 vertices=[01i0,01V0,01u1,01v1,01V1,01i1,01j1,01k1,01x1,01X1,01U1,01u0,01X4,01x4,01k4,01j4,01w4,01W4,01Y4,01U4,01U2,01Y2,01W2,01w2,01j2,01k2,01X2,01x2,01z2,01y2,01u2,01v2,01i2,01V2,01Z2,01W0,01j0]
gb-trace iteration=9 subcycle id=C9 vertices=[01k0,01X0,01U0,01y5,01z5,01Z5,01V5,01v5,01u5,01Z0,01z0,01U3,01X3,01x3,01k3,01i3,01V3,01v3,01u3]
gb-trace iteration=9 subcycle id=C10 vertices=[01w1,01y1,01z1,01Z1,01Y1,01W1]
gb-trace iteration=9 subcycle id=C11 vertices=[01j3,01w3,01y3,01z3,01Z3,01Y3,01W3]
gb-trace iteration=9 subcycle id=C12 vertices=[01i4,01v4,01u4,01y4,01z4,01Z4,01V4]
gb-trace iteration=9 subcycle id=C13 vertices=[01i5,01j5,01w5,01W5,01Y5,01U5,01X5,01x5,01k5]
gb-trace iteration=9 subcycle id=C14 vertices=[10i0,10j0,10u2,10W0,10w2,10y2,10z2,10x2,10X2,10U2,10U4,10X4,10x4,10k4,10i4,10V4,10v4,10u4,11u0,11Y4,11W4,11w4,11j4,11k4,11x4,11X4,11U4,11U2,11W0,11j0,11k0,11u3,11y3,11X0,11v3,11i3,11V3,11Z3,11z3,11x3,11X3,11k3,11j3,11w3,11W3,11Y3,11U3,11z0,11Z0,11u5,11U0,10U3,10Y3,10W3,10w3,10j3,10i3,10v3,10V3,10Z3,10z3,10y3,10u3,10X0,10k0]
gb-trace iteration=9 subcycle id=C15 vertices=[10i1,10k1,10X1,10x1,10z1,10Z1,10V1,10v1]
gb-trace iteration=9 subcycle id=C16 vertices=[10i2,10k2,10j2,10W2,10Y2,10Z2,10V2,10v2]
gb-trace iteration=9 subcycle id=C17 vertices=[10k3,10x3,10X3]
gb-trace iteration=9 subcycle id=C18 vertices=[10j4,10W4,10Y4,10Z4,10z4,10y4,10w4]
gb-trace iteration=9 subcycle id=C19 vertices=[10i5,10j5,10k5]
gb-trace iteration=9 subcycle id=C20 vertices=[11i0,11V0,11Z1,11Y1,11U1,11X1,11k1,11x1,11z1,11y1,11u1]
gb-trace iteration=9 subcycle id=C21 vertices=[11i1,11V1,11v1]
gb-trace iteration=9 subcycle id=C22 vertices=[11j1,11w1,11W1]
gb-trace iteration=9 subcycle id=C23 vertices=[11i2,11k2,11X2,11x2,11z2,11y2,11u2,11v2,11V2,11Z2,11Y2,11W2,11w2,11j2]
gb-trace iteration=9 subcycle id=C24 vertices=[11i4,11v4,11u4,11y4,11z4,11Z4,11V4]
gb-trace iteration=9 subcycle id=C25 vertices=[11i5,11v5,11V5,11Z5,11Y5,11U5,11X5,11k5,11x5,11z5,11y5,11w5,11W5,11j5]
gb-trace iteration=9 merge C1 + C2 = C26
gb-trace iteration=9 merge C24 + C14 = C27
gb-trace iteration=9 merge C23 + C27 = C28
gb-trace iteration=9 merge C25 + C28 = C29
gb-trace iteration=9 merge C21 + C20 = C30
gb-trace iteration=9 merge C29 + C16 = C31
gb-trace iteration=9 merge C4 + C26 = C32
gb-trace iteration=9 merge C6 + C32 = C33
gb-trace iteration=9 merge C8 + C10 = C34
gb-trace iteration=9 merge C9 + C13 = C35
gb-trace iteration=9 merge C15 + C33 = C36
gb-trace iteration=9 resulting id=C22 vertices=[11j1,11w1,11W1]
gb-trace iteration=9 resulting id=C19 vertices=[10i5,10j5,10k5]
gb-trace iteration=9 resulting id=C3 vertices=[00k2,00X2,00x2]
gb-trace iteration=9 resulting id=C18 vertices=[10j4,10W4,10Y4,10Z4,10z4,10y4,10w4]
gb-trace iteration=9 resulting id=C5 vertices=[00k3,00X3,00U3,00Y3,00Z3,00z3,00x3]
gb-trace iteration=9 resulting id=C17 vertices=[10k3,10x3,10X3]
gb-trace iteration=9 resulting id=C7 vertices=[00w5,00W5,00Y5,00Z5,00z5,00y5]
gb-trace iteration=9 resulting id=C30 vertices=[11i1,11V1,11Z1,11Y1,11U1,11X1,11k1,11x1,11z1,11y1,11u1,11i0,11V0,11v1]
gb-trace iteration=9 resulting id=C31 vertices=[11i5,11v5,11u5,11Z0,11z0,11U3,11Y3,11W3,11w3,11j3,11k3,11X3,11x3,11z3,11Z3,11V3,11i3,11v3,11X0,11y3,11u3,11k0,11j0,11W0,11x2,11z2,11y2,11u2,11v2,11V2,11Z2,11Y2,11W2,11w2,11j2,11i2,11k2,11X2,11U2,11U4,11X4,11x4,11k4,11j4,11w4,11W4,11Y4,11Z4,11V4,11i4,11v4,11u4,11y4,11z4,11u0,10u4,10v4,10V4,10i4,10k4,10x4,10X4,10U4,10U2,10X2,10x2,10z2,10y2,10w2,10j2,10k2,10i2,10v2,10V2,10Z2,10Y2,10W2,10W0,10u2,10j0,10i0,10k0,10X0,10u3,10y3,10z3,10Z3,10V3,10v3,10i3,10j3,10w3,10W3,10Y3,10U3,11U0,11V5,11Z5,11Y5,11U5,11X5,11k5,11x5,11z5,11y5,11w5,11W5,11j5]
gb-trace iteration=9 resulting id=C35 vertices=[01k0,01X0,01U0,01W5,01Y5,01U5,01X5,01x5,01k5,01i5,01j5,01w5,01y5,01z5,01Z5,01V5,01v5,01u5,01Z0,01z0,01U3,01X3,01x3,01k3,01i3,01V3,01v3,01u3]
gb-trace iteration=9 resulting id=C11 vertices=[01j3,01w3,01y3,01z3,01Z3,01Y3,01W3]
gb-trace iteration=9 resulting id=C12 vertices=[01i4,01v4,01u4,01y4,01z4,01Z4,01V4]
gb-trace iteration=9 resulting id=C34 vertices=[01i0,01V0,01w1,01W1,01Y1,01Z1,01z1,01y1,01u1,01v1,01V1,01i1,01j1,01k1,01x1,01X1,01U1,01u0,01X4,01x4,01k4,01j4,01w4,01W4,01Y4,01U4,01U2,01Y2,01W2,01w2,01j2,01k2,01X2,01x2,01z2,01y2,01u2,01v2,01i2,01V2,01Z2,01W0,01j0]
gb-trace iteration=9 resulting id=C36 vertices=[10i1,10k1,10X1,10x1,10z1,10Z1,10V1,10V0,10Z0,10u5,10v5,10V5,10Z5,10z5,10x5,10X5,10U5,10Y5,10W5,10w5,10y5,10U0,00U0,00X0,00v3,00V3,00i3,00j3,00W3,00w3,00y3,00u3,00k0,00i0,00u1,00v1,00i1,00j1,00k1,00x1,00X1,00U1,00Y1,00W1,00w1,00y1,00z1,00Z1,00V1,00V0,00Z0,00u5,00v5,00V5,00i5,00j5,00k5,00x5,00X5,00U5,00W0,00j0,00u2,00v2,00V2,00i2,00j2,00W2,00w2,00y2,00z2,00Z2,00Y2,00U2,00U4,00X4,00x4,00z4,00y4,00u4,00v4,00i4,00k4,00j4,00w4,00W4,00Y4,00Z4,00V4,00u0,10u0,10U1,10Y1,10W1,10j1,10w1,10y1,10u1,10v1]
cut arcs by clause length (length:number) = {6: 8, 10: 2, 12: 10, 16: 2, 20: 2, 28: 2, 56: 2}
number of added block clauses (this increment) = 28
number of added block clauses (accumulated) = 278
add block clauses time = 560.738us
increment time = 5.651289ms

CEGAR iteration...
cegar iteration = 10
sat solving time = 152.159us
number of subcycles found = 24
cycle lengths before merge (length:number) = {3: 2, 6: 3, 7: 2, 8: 7, 9: 2, 13: 1, 14: 3, 18: 1, 44: 1, 45: 1, 64: 1}
merge operation: 45 + 14 = 59
merge operation: 7 + 64 = 71
merge operation: 14 + 71 = 85
merge operation: 8 + 6 = 14
merge operation: 14 + 85 = 99
merge operation: 8 + 59 = 67
merge operation: 13 + 67 = 80
merge operation: 9 + 80 = 89
merge operation: 8 + 99 = 107
merge operation: 8 + 107 = 115
merge operation: 8 + 89 = 97
merge operation: 8 + 97 = 105
merge operation: 9 + 18 = 27
merge operation: 44 + 6 = 50
number of merge operations = 14
number of resulting cycles = 10
cycle lengths after merge (length:number) = {3: 2, 6: 1, 7: 1, 8: 1, 14: 1, 27: 1, 50: 1, 105: 1, 115: 1}
gb-trace iteration=10 subcycle id=C1 vertices=[00i0,00u1,00V0,00Z0,00u5,00v5,00V5,00i5,00k5,00x5,00X5,00U5,00W0,00Y2,00Z2,00z2,00x2,00k2,00X2,00U2,00U4,00X4,00x4,00z4,00y4,00u4,00v4,00u0,10u0,10U1,10Y1,10W1,10j1,10w1,10y1,10u1,10V0,10Z0,10u5,10y5,10U0,00U0,00X0,00k0,00j0]
gb-trace iteration=10 subcycle id=C2 vertices=[00i1,00v1,00V1,00Z1,00z1,00y1,00w1,00W1,00Y1,00U1,00X1,00x1,00k1,00j1]
gb-trace iteration=10 subcycle id=C3 vertices=[00i2,00V2,00v2,00u2,00y2,00w2,00W2,00j2]
gb-trace iteration=10 subcycle id=C4 vertices=[00i3,00V3,00v3,00u3,00y3,00w3,00W3,00j3,00k3]
gb-trace iteration=10 subcycle id=C5 vertices=[00x3,00X3,00U3,00Y3,00Z3,00z3]
gb-trace iteration=10 subcycle id=C6 vertices=[00i4,00V4,00Z4,00Y4,00W4,00w4,00j4,00k4]
gb-trace iteration=10 subcycle id=C7 vertices=[00j5,00W5,00Y5,00Z5,00z5,00y5,00w5]
gb-trace iteration=10 subcycle id=C8 vertices=[01i0,01V0,01u1,01v1,01V1,01i1,01j1,01k1,01x1,01X1,01U1,01u0,01Z4,01V4,01i4,01v4,01u4,01y4,01z4,01x4,01X4,01k4,01j4,01w4,01W4,01Y4,01U4,01U2,01Y2,01W2,01w2,01j2,01k2,01X2,01x2,01z2,01y2,01u2,01v2,01i2,01V2,01Z2,01W0,01j0]
gb-trace iteration=10 subcycle id=C9 vertices=[01k0,01X0,01U0,01y5,01z5,01Z5,01V5,01v5,01u5,01Z0,01z0,01U3,01Y3,01W3,01j3,01w3,01y3,01u3]
gb-trace iteration=10 subcycle id=C10 vertices=[01w1,01y1,01z1,01Z1,01Y1,01W1]
gb-trace iteration=10 subcycle id=C11 vertices=[01i3,01v3,01V3,01Z3,01z3,01x3,01X3,01k3]
gb-trace iteration=10 subcycle id=C12 vertices=[01i5,01j5,01w5,01W5,01Y5,01U5,01X5,01x5,01k5]
gb-trace iteration=10 subcycle id=C13 vertices=[10i0,10j0,10u2,10W0,10w2,10y2,10z2,10x2,10X2,10U2,10U4,10X4,10x4,10k4,10j4,10w4,10W4,10Y4,10Z4,10z4,10y4,10u4,11u0,11Y4,11W4,11w4,11j4,11k4,11x4,11X4,11U4,11U2,11W0,11j0,11k0,11u3,11y3,11X0,11v3,11i3,11V3,11Z3,11z3,11x3,11X3,11k3,11j3,11w3,11W3,11Y3,11U3,11z0,11Z0,11u5,11U0,10U3,10Y3,10W3,10j3,10w3,10y3,10u3,10X0,10k0]
gb-trace iteration=10 subcycle id=C14 vertices=[10i1,10k1,10X1,10x1,10z1,10Z1,10V1,10v1]
gb-trace iteration=10 subcycle id=C15 vertices=[10i2,10k2,10j2,10W2,10Y2,10Z2,10V2,10v2]
gb-trace iteration=10 subcycle id=C16 vertices=[10i3,10v3,10V3,10Z3,10z3,10x3,10X3,10k3]
gb-trace iteration=10 subcycle id=C17 vertices=[10i4,10V4,10v4]
gb-trace iteration=10 subcycle id=C18 vertices=[10i5,10v5,10V5,10Z5,10z5,10x5,10X5,10U5,10Y5,10W5,10w5,10j5,10k5]
gb-trace iteration=10 subcycle id=C19 vertices=[11i0,11V0,11Z1,11z1,11y1,11u1]
gb-trace iteration=10 subcycle id=C20 vertices=[11i1,11V1,11v1]
gb-trace iteration=10 subcycle id=C21 vertices=[11j1,11w1,11W1,11Y1,11U1,11X1,11x1,11k1]
gb-trace iteration=10 subcycle id=C22 vertices=[11i2,11k2,11X2,11x2,11z2,11y2,11u2,11v2,11V2,11Z2,11Y2,11W2,11w2,11j2]
gb-trace iteration=10 subcycle id=C23 vertices=[11i4,11v4,11u4,11y4,11z4,11Z4,11V4]
gb-trace iteration=10 subcycle id=C24 vertices=[11i5,11v5,11V5,11Z5,11Y5,11U5,11X5,11k5,11x5,11z5,11y5,11w5,11W5,11j5]
gb-trace iteration=10 merge C1 + C2 = C25
gb-trace iteration=10 merge C23 + C13 = C26
gb-trace iteration=10 merge C22 + C26 = C27
gb-trace iteration=10 merge C21 + C19 = C28
gb-trace iteration=10 merge C24 + C27 = C29
gb-trace iteration=10 merge C3 + C25 = C30
gb-trace iteration=10 merge C18 + C30 = C31
gb-trace iteration=10 merge C4 + C31 = C32
gb-trace iteration=10 merge C16 + C29 = C33
gb-trace iteration=10 merge C15 + C33 = C34
gb-trace iteration=10 merge C14 + C32 = C35
gb-trace iteration=10 merge C6 + C35 = C36
gb-trace iteration=10 merge C12 + C9 = C37
gb-trace iteration=10 merge C8 + C10 = C38
gb-trace iteration=10 resulting id=C20 vertices=[11i1,11V1,11v1]
gb-trace iteration=10 resulting id=C28 vertices=[11j1,11w1,11W1,11V0,11i0,11u1,11y1,11z1,11Z1,11Y1,11U1,11X1,11x1,11k1]
gb-trace iteration=10 resulting id=C17 vertices=[10i4,10V4,10v4]
gb-trace iteration=10 resulting id=C34 vertices=[10i2,10k2,10j2,10w2,10y2,10z2,10x2,10X2,10U2,10U4,10X4,10x4,10k4,10j4,10w4,10W4,10Y4,10Z4,10z4,10y4,10u4,11u0,11z4,11y4,11u4,11v4,11i4,11V4,11Z4,11Y4,11W4,11w4,11j4,11k4,11x4,11X4,11U4,11U2,11X2,11k2,11i2,11j2,11w2,11W2,11Y2,11Z2,11V2,11v2,11u2,11y2,11z2,11x2,11W0,11j0,11k0,11u3,11y3,11X0,11v3,11i3,11V3,11Z3,11z3,11x3,11X3,11k3,11j3,11w3,11W3,11Y3,11U3,11z0,11Z0,11u5,11v5,11i5,11j5,11W5,11w5,11y5,11z5,11x5,11k5,11X5,11U5,11Y5,11Z5,11V5,11U0,10U3,10Y3,10W3,10j3,10w3,10y3,10u3,10v3,10i3,10k3,10X3,10x3,10z3,10Z3,10V3,10X0,10k0,10i0,10j0,10u2,10W0,10W2,10Y2,10Z2,10V2,10v2]
gb-trace iteration=10 resulting id=C5 vertices=[00x3,00X3,00U3,00Y3,00Z3,00z3]
gb-trace iteration=10 resulting id=C11 vertices=[01i3,01v3,01V3,01Z3,01z3,01x3,01X3,01k3]
gb-trace iteration=10 resulting id=C7 vertices=[00j5,00W5,00Y5,00Z5,00z5,00y5,00w5]
gb-trace iteration=10 resulting id=C37 vertices=[01i5,01j5,01w5,01y5,01z5,01Z5,01V5,01v5,01u5,01Z0,01z0,01U3,01Y3,01W3,01j3,01w3,01y3,01u3,01k0,01X0,01U0,01W5,01Y5,01U5,01X5,01x5,01k5]
gb-trace iteration=10 resulting id=C36 vertices=[00i4,00v4,00u4,00y4,00z4,00x4,00X4,00U4,00U2,00X2,00k2,00x2,00z2,00Z2,00Y2,00W2,00j2,00i2,00V2,00v2,00u2,00y2,00w2,00W0,00U5,00X5,00x5,00k5,00i5,00V5,00v5,00u5,00Z0,00V0,00V1,00Z1,00z1,00y1,00w1,00W1,00Y1,00U1,00X1,00x1,00k1,00j1,00i1,00v1,00u1,00i0,00j0,00k0,00u3,00y3,00w3,00W3,00j3,00k3,00i3,00V3,00v3,00X0,00U0,10U0,10Z5,10V5,10v5,10i5,10k5,10j5,10w5,10W5,10Y5,10U5,10X5,10x5,10z5,10y5,10u5,10Z0,10V0,10V1,10Z1,10z1,10x1,10X1,10k1,10i1,10v1,10u1,10y1,10w1,10j1,10W1,10Y1,10U1,10u0,00u0,00V4,00Z4,00Y4,00W4,00w4,00j4,00k4]
gb-trace iteration=10 resulting id=C38 vertices=[01i0,01V0,01w1,01W1,01Y1,01Z1,01z1,01y1,01u1,01v1,01V1,01i1,01j1,01k1,01x1,01X1,01U1,01u0,01Z4,01V4,01i4,01v4,01u4,01y4,01z4,01x4,01X4,01k4,01j4,01w4,01W4,01Y4,01U4,01U2,01Y2,01W2,01w2,01j2,01k2,01X2,01x2,01z2,01y2,01u2,01v2,01i2,01V2,01Z2,01W0,01j0]
cut arcs by clause length (length:number) = {6: 6, 10: 2, 12: 6, 20: 2, 24: 2, 44: 2}
number of added block clauses (this increment) = 20
number of added block clauses (accumulated) = 298
add block clauses time = 537.816us
increment time = 689.975us

CEGAR iteration...
cegar iteration = 11
sat solving time = 384.383us
number of subcycles found = 19
cycle lengths before merge (length:number) = {3: 2, 6: 1, 7: 1, 8: 5, 9: 2, 13: 2, 14: 2, 37: 1, 41: 1, 53: 1, 76: 1}
merge operation: 76 + 14 = 90
merge operation: 8 + 53 = 61
merge operation: 14 + 61 = 75
merge operation: 41 + 8 = 49
merge operation: 13 + 49 = 62
merge operation: 7 + 75 = 82
merge operation: 8 + 82 = 90
merge operation: 9 + 62 = 71
merge operation: 90 + 13 = 103
merge operation: 9 + 103 = 112
merge operation: 71 + 8 = 79
merge operation: 3 + 79 = 82
number of merge operations = 12
number of resulting cycles = 7
cycle lengths after merge (length:number) = {3: 1, 6: 1, 8: 1, 37: 1, 82: 1, 90: 1, 112: 1}
gb-trace iteration=11 subcycle id=C1 vertices=[00i0,00j0,00k0,00X0,00V3,00v3,00u3,00y3,00w3,00W3,00Y3,00Z3,00z3,00x3,00X3,00U3,01U0,01y5,01z5,01Z5,01V5,01v5,01u5,01Z0,01V0,01i0,01u1,01v1,01V1,01i1,01j1,01k1,01x1,01X1,01U1,01u0,01Z4,01V4,01i4,01v4,01u4,01y4,01z4,01x4,01X4,01k4,01j4,01w4,01W4,01Y4,01U4,01U2,01Y2,01W2,01w2,01j2,01k2,01X2,01x2,01z2,01y2,01u2,01v2,01i2,01V2,01Z2,01W0,01j0,01k0,01u3,01X0,01U3,01z0,00Z0,00V0,00u1]
gb-trace iteration=11 subcycle id=C2 vertices=[00u0,10u0,10U1,10Y1,10Z1,10V1,10v1,10u1,10V0,10Z0,10u5,10y5,10U0,00U0,00u5,00y5,00z5,00Z5,00Y5,00W5,00w5,00j5,00k5,00x5,00X5,00U5,00W0,00Y2,00Z2,00z2,00x2,00k2,00X2,00U2,00U4,00X4,00x4,00z4,00y4,00u4,00v4]
gb-trace iteration=11 subcycle id=C3 vertices=[00i1,00v1,00V1,00Z1,00z1,00y1,00w1,00W1,00Y1,00U1,00X1,00x1,00k1,00j1]
gb-trace iteration=11 subcycle id=C4 vertices=[00i2,00V2,00v2,00u2,00y2,00w2,00W2,00j2]
gb-trace iteration=11 subcycle id=C5 vertices=[00i3,00k3,00j3]
gb-trace iteration=11 subcycle id=C6 vertices=[00i4,00V4,00Z4,00Y4,00W4,00w4,00j4,00k4]
gb-trace iteration=11 subcycle id=C7 vertices=[00i5,00V5,00v5]
gb-trace iteration=11 subcycle id=C8 vertices=[01w1,01y1,01z1,01Z1,01Y1,01W1]
gb-trace iteration=11 subcycle id=C9 vertices=[01i3,01v3,01V3,01Z3,01Y3,01W3,01j3,01w3,01y3,01z3,01x3,01X3,01k3]
gb-trace iteration=11 subcycle id=C10 vertices=[01i5,01j5,01w5,01W5,01Y5,01U5,01X5,01x5,01k5]
gb-trace iteration=11 subcycle id=C11 vertices=[10i0,10k0,10u3,10X0,10y3,10w3,10j3,10W3,10Y3,10U3,11U0,11Y5,11W5,11w5,11j5,11k5,11x5,11X5,11U5,11W0,11U2,11U4,11Y4,11Z4,11V4,11i4,11v4,11u4,11u0,10u4,10v4,10i4,10V4,10Z4,10Y4,10U4,10U2,10Y2,10Z2,10V2,10i2,10k2,10j2,10W2,10w2,10y2,10z2,10x2,10X2,10W0,10v2,10u2,10j0]
gb-trace iteration=11 subcycle id=C12 vertices=[10i1,10j1,10W1,10w1,10y1,10z1,10x1,10X1,10k1]
gb-trace iteration=11 subcycle id=C13 vertices=[10i3,10v3,10V3,10Z3,10z3,10x3,10X3,10k3]
gb-trace iteration=11 subcycle id=C14 vertices=[10j4,10W4,10w4,10y4,10z4,10x4,10X4,10k4]
gb-trace iteration=11 subcycle id=C15 vertices=[10i5,10v5,10V5,10Z5,10z5,10x5,10X5,10U5,10Y5,10W5,10w5,10j5,10k5]
gb-trace iteration=11 subcycle id=C16 vertices=[11i0,11j0,11k0,11u3,11y3,11X0,11v3,11i3,11V3,11Z3,11z3,11x3,11X3,11k3,11j3,11w3,11W3,11Y3,11U3,11z0,11Z0,11V0,11W1,11j1,11w1,11y1,11z1,11Z1,11Y1,11U1,11X1,11x1,11k1,11i1,11V1,11v1,11u1]
gb-trace iteration=11 subcycle id=C17 vertices=[11i2,11k2,11X2,11x2,11z2,11y2,11u2,11v2,11V2,11Z2,11Y2,11W2,11w2,11j2]
gb-trace iteration=11 subcycle id=C18 vertices=[11j4,11k4,11X4,11x4,11z4,11y4,11w4,11W4]
gb-trace iteration=11 subcycle id=C19 vertices=[11i5,11v5,11u5,11y5,11z5,11Z5,11V5]
gb-trace iteration=11 merge C1 + C3 = C20
gb-trace iteration=11 merge C18 + C11 = C21
gb-trace iteration=11 merge C17 + C21 = C22
gb-trace iteration=11 merge C2 + C4 = C23
gb-trace iteration=11 merge C15 + C23 = C24
gb-trace iteration=11 merge C19 + C22 = C25
gb-trace iteration=11 merge C13 + C25 = C26
gb-trace iteration=11 merge C12 + C24 = C27
gb-trace iteration=11 merge C20 + C9 = C28
gb-trace iteration=11 merge C10 + C28 = C29
gb-trace iteration=11 merge C27 + C6 = C30
gb-trace iteration=11 merge C7 + C30 = C31
gb-trace iteration=11 resulting id=C16 vertices=[11i0,11j0,11k0,11u3,11y3,11X0,11v3,11i3,11V3,11Z3,11z3,11x3,11X3,11k3,11j3,11w3,11W3,11Y3,11U3,11z0,11Z0,11V0,11W1,11j1,11w1,11y1,11z1,11Z1,11Y1,11U1,11X1,11x1,11k1,11i1,11V1,11v1,11u1]
gb-trace iteration=11 resulting id=C14 vertices=[10j4,10W4,10w4,10y4,10z4,10x4,10X4,10k4]
gb-trace iteration=11 resulting id=C8 vertices=[01w1,01y1,01z1,01Z1,01Y1,01W1]
gb-trace iteration=11 resulting id=C26 vertices=[10i3,10v3,10u3,10k0,10i0,10j0,10u2,10v2,10W0,10X2,10x2,10z2,10y2,10w2,10W2,10j2,10k2,10i2,10V2,10Z2,10Y2,10U2,10U4,10Y4,10Z4,10V4,10i4,10v4,10u4,11u0,11z4,11x4,11X4,11k4,11j4,11W4,11w4,11y4,11u4,11v4,11i4,11V4,11Z4,11Y4,11U4,11U2,11X2,11k2,11i2,11j2,11w2,11W2,11Y2,11Z2,11V2,11v2,11u2,11y2,11z2,11x2,11W0,11U5,11X5,11x5,11k5,11j5,11w5,11W5,11Y5,11Z5,11V5,11i5,11v5,11u5,11y5,11z5,11U0,10U3,10Y3,10W3,10j3,10w3,10y3,10X0,10V3,10Z3,10z3,10x3,10X3,10k3]
gb-trace iteration=11 resulting id=C5 vertices=[00i3,00k3,00j3]
gb-trace iteration=11 resulting id=C29 vertices=[01i5,01j5,01w5,01y5,01z5,01Z5,01V5,01v5,01u5,01Z0,01V0,01i0,01u1,01v1,01V1,01i1,01j1,01k1,01x1,01X1,01U1,01u0,01Z4,01V4,01i4,01v4,01u4,01y4,01z4,01x4,01X4,01k4,01j4,01w4,01W4,01Y4,01U4,01U2,01Y2,01W2,01w2,01j2,01k2,01X2,01x2,01z2,01y2,01u2,01v2,01i2,01V2,01Z2,01W0,01j0,01k0,01u3,01v3,01i3,01k3,01X3,01x3,01z3,01y3,01w3,01j3,01W3,01Y3,01Z3,01V3,01X0,01U3,01z0,00Z0,00V0,00V1,00Z1,00z1,00y1,00w1,00W1,00Y1,00U1,00X1,00x1,00k1,00j1,00i1,00v1,00u1,00i0,00j0,00k0,00X0,00V3,00v3,00u3,00y3,00w3,00W3,00Y3,00Z3,00z3,00x3,00X3,00U3,01U0,01W5,01Y5,01U5,01X5,01x5,01k5]
gb-trace iteration=11 resulting id=C31 vertices=[00i5,00V5,00U0,10U0,10Z5,10V5,10v5,10i5,10k5,10j5,10w5,10W5,10Y5,10U5,10X5,10x5,10z5,10y5,10u5,10Z0,10V0,10w1,10W1,10j1,10i1,10k1,10X1,10x1,10z1,10y1,10u1,10v1,10V1,10Z1,10Y1,10U1,10u0,00u0,00V4,00Z4,00Y4,00W4,00w4,00j4,00k4,00i4,00v4,00u4,00y4,00z4,00x4,00X4,00U4,00U2,00X2,00k2,00x2,00z2,00Z2,00Y2,00W2,00j2,00i2,00V2,00v2,00u2,00y2,00w2,00W0,00U5,00X5,00x5,00k5,00j5,00w5,00W5,00Y5,00Z5,00z5,00y5,00u5,00v5]
cut arcs by clause length (length:number) = {6: 2, 8: 2, 12: 4, 22: 2, 24: 4}
number of added block clauses (this increment) = 14
number of added block clauses (accumulated) = 312
add block clauses time = 505.274us
increment time = 889.657us

CEGAR iteration...
cegar iteration = 12
sat solving time = 1.170861ms
number of subcycles found = 26
cycle lengths before merge (length:number) = {3: 5, 4: 1, 6: 1, 8: 5, 9: 3, 12: 2, 13: 4, 14: 1, 15: 1, 20: 1, 59: 1, 62: 1}
merge operation: 59 + 12 = 71
merge operation: 8 + 20 = 28
merge operation: 12 + 28 = 40
merge operation: 3 + 13 = 16
merge operation: 62 + 8 = 70
merge operation: 9 + 40 = 49
merge operation: 70 + 9 = 79
merge operation: 71 + 14 = 85
merge operation: 13 + 79 = 92
merge operation: 85 + 13 = 98
merge operation: 6 + 92 = 98
merge operation: 13 + 4 = 17
merge operation: 3 + 98 = 101
merge operation: 98 + 8 = 106
merge operation: 9 + 106 = 115
number of merge operations = 15
number of resulting cycles = 11
cycle lengths after merge (length:number) = {3: 3, 8: 2, 15: 1, 16: 1, 17: 1, 49: 1, 101: 1, 115: 1}
gb-trace iteration=12 subcycle id=C1 vertices=[00i0,00j0,00k0,00u3,00y3,00X0,00v3,00V3,00i3,00k3,00j3,00w3,00W3,00Y3,00Z3,00z3,00x3,00X3,00U3,01U0,01u5,01v5,01V5,01Z5,01Y5,01U5,01W0,01U2,01U4,01Y4,01Z4,01V4,01u0,01U1,01X1,01V0,01v1,01V1,01i1,01j1,01k1,01x1,01z1,01Z1,01Y1,01W1,01w1,01y1,01u1,01i0,01j0,01k0,01u3,01X0,01U3,01z0,01Z0,00Z0,00V0]
gb-trace iteration=12 subcycle id=C2 vertices=[00u0,00u4,00v4,00i4,00V4,00Z4,00Y4,00U4,00U2,00Y2,00Z2,00z2,00x2,00k2,00X2,00W0,00U5,00Y5,00W5,00w5,00j5,00k5,00X5,00x5,00z5,00y5,00u5,00v5,00i5,00V5,00Z5,00U0,10U0,10y5,10u5,10Z0,11Z0,11u5,11y5,11z5,11Z5,11V5,11i5,11v5,11U0,10U3,10X3,10x3,10k3,10j3,10i3,10v3,10V3,10X0,10u3,10k0,10i0,10V0,10Z1,10Y1,10U1,10u0]
gb-trace iteration=12 subcycle id=C3 vertices=[00i1,00v1,00u1,00y1,00z1,00x1,00k1,00X1,00U1,00Y1,00Z1,00V1]
gb-trace iteration=12 subcycle id=C4 vertices=[00j1,00W1,00w1]
gb-trace iteration=12 subcycle id=C5 vertices=[00i2,00V2,00v2,00u2,00y2,00w2,00W2,00j2]
gb-trace iteration=12 subcycle id=C6 vertices=[00j4,00k4,00X4,00x4,00z4,00y4,00w4,00W4]
gb-trace iteration=12 subcycle id=C7 vertices=[01i2,01V2,01Z2,01Y2,01W2,01w2,01j2,01k2,01X2,01x2,01z2,01y2,01u2,01v2]
gb-trace iteration=12 subcycle id=C8 vertices=[01i3,01v3,01V3,01Z3,01Y3,01W3,01j3,01w3,01y3,01z3,01x3,01X3,01k3]
gb-trace iteration=12 subcycle id=C9 vertices=[01i4,01v4,01u4,01y4,01z4,01x4,01X4,01k4]
gb-trace iteration=12 subcycle id=C10 vertices=[01j4,01w4,01W4]
gb-trace iteration=12 subcycle id=C11 vertices=[01i5,01j5,01W5,01w5,01y5,01z5,01x5,01X5,01k5]
gb-trace iteration=12 subcycle id=C12 vertices=[10j0,10W0,10v2,10u2]
gb-trace iteration=12 subcycle id=C13 vertices=[10i1,10V1,10v1,10u1,10y1,10z1,10x1,10X1,10k1]
gb-trace iteration=12 subcycle id=C14 vertices=[10j1,10W1,10w1]
gb-trace iteration=12 subcycle id=C15 vertices=[10i2,10k2,10j2,10W2,10w2,10y2,10z2,10x2,10X2,10U2,10Y2,10Z2,10V2]
gb-trace iteration=12 subcycle id=C16 vertices=[10w3,10W3,10Y3,10Z3,10z3,10y3]
gb-trace iteration=12 subcycle id=C17 vertices=[10i4,10v4,10u4,10y4,10w4,10j4,10W4,10Y4,10U4,10X4,10k4,10x4,10z4,10Z4,10V4]
gb-trace iteration=12 subcycle id=C18 vertices=[10i5,10v5,10V5,10Z5,10z5,10x5,10X5,10U5,10Y5,10W5,10w5,10j5,10k5]
gb-trace iteration=12 subcycle id=C19 vertices=[11i0,11u1,11V0,11Y1,11U1,11u0,11U4,11Y4,11Z4,11V4,11i4,11v4,11u4,11z0,11U3,11X0,11v3,11u3,11k0,11j0]
gb-trace iteration=12 subcycle id=C20 vertices=[11W0,11u2,11v2,11V2,11i2,11k2,11x2,11X2,11U2,11Y2,11Z2,11z2,11y2]
gb-trace iteration=12 subcycle id=C21 vertices=[11i1,11v1,11V1,11Z1,11z1,11y1,11w1,11W1,11j1]
gb-trace iteration=12 subcycle id=C22 vertices=[11k1,11x1,11X1]
gb-trace iteration=12 subcycle id=C23 vertices=[11j2,11W2,11w2]
gb-trace iteration=12 subcycle id=C24 vertices=[11i3,11V3,11Z3,11Y3,11W3,11w3,11y3,11z3,11x3,11X3,11k3,11j3]
gb-trace iteration=12 subcycle id=C25 vertices=[11j4,11k4,11X4,11x4,11z4,11y4,11w4,11W4]
gb-trace iteration=12 subcycle id=C26 vertices=[11j5,11k5,11x5,11X5,11U5,11Y5,11W5,11w5]
gb-trace iteration=12 merge C1 + C3 = C27
gb-trace iteration=12 merge C25 + C19 = C28
gb-trace iteration=12 merge C24 + C28 = C29
gb-trace iteration=12 merge C23 + C20 = C30
gb-trace iteration=12 merge C2 + C6 = C31
gb-trace iteration=12 merge C21 + C29 = C32
gb-trace iteration=12 merge C31 + C13 = C33
gb-trace iteration=12 merge C27 + C7 = C34
gb-trace iteration=12 merge C18 + C33 = C35
gb-trace iteration=12 merge C34 + C8 = C36
gb-trace iteration=12 merge C16 + C35 = C37
gb-trace iteration=12 merge C15 + C12 = C38
gb-trace iteration=12 merge C14 + C37 = C39
gb-trace iteration=12 merge C36 + C9 = C40
gb-trace iteration=12 merge C11 + C40 = C41
gb-trace iteration=12 resulting id=C22 vertices=[11k1,11x1,11X1]
gb-trace iteration=12 resulting id=C17 vertices=[10i4,10v4,10u4,10y4,10w4,10j4,10W4,10Y4,10U4,10X4,10k4,10x4,10z4,10Z4,10V4]
gb-trace iteration=12 resulting id=C26 vertices=[11j5,11k5,11x5,11X5,11U5,11Y5,11W5,11w5]
gb-trace iteration=12 resulting id=C4 vertices=[00j1,00W1,00w1]
gb-trace iteration=12 resulting id=C5 vertices=[00i2,00V2,00v2,00u2,00y2,00w2,00W2,00j2]
gb-trace iteration=12 resulting id=C30 vertices=[11j2,11W2,11W0,11u2,11v2,11V2,11i2,11k2,11x2,11X2,11U2,11Y2,11Z2,11z2,11y2,11w2]
gb-trace iteration=12 resulting id=C32 vertices=[11i1,11v1,11u1,11i0,11j0,11k0,11u3,11v3,11i3,11j3,11k3,11X3,11x3,11z3,11y3,11w3,11W3,11Y3,11Z3,11V3,11X0,11U3,11z0,11u4,11v4,11i4,11V4,11Z4,11Y4,11U4,11X4,11k4,11j4,11W4,11w4,11y4,11z4,11x4,11u0,11U1,11Y1,11V0,11V1,11Z1,11z1,11y1,11w1,11W1,11j1]
gb-trace iteration=12 resulting id=C38 vertices=[10i2,10k2,10j2,10W2,10w2,10y2,10z2,10x2,10X2,10U2,10Y2,10Z2,10W0,10j0,10u2,10v2,10V2]
gb-trace iteration=12 resulting id=C39 vertices=[10j1,10W1,10V0,10Z1,10Y1,10U1,10u0,00u0,00z4,00x4,00X4,00k4,00j4,00W4,00w4,00y4,00u4,00v4,00i4,00V4,00Z4,00Y4,00U4,00U2,00Y2,00Z2,00z2,00x2,00k2,00X2,00W0,00U5,00Y5,00W5,00w5,00j5,00k5,00X5,00x5,00z5,00y5,00u5,00v5,00i5,00V5,00Z5,00U0,10U0,10Z5,10V5,10v5,10i5,10k5,10j5,10w5,10W5,10Y5,10U5,10X5,10x5,10z5,10y5,10u5,10Z0,11Z0,11u5,11y5,11z5,11Z5,11V5,11i5,11v5,11U0,10U3,10X3,10x3,10k3,10j3,10i3,10v3,10V3,10Z3,10z3,10y3,10w3,10W3,10Y3,10X0,10u3,10k0,10i0,10u1,10v1,10V1,10i1,10k1,10X1,10x1,10z1,10y1,10w1]
gb-trace iteration=12 resulting id=C10 vertices=[01j4,01w4,01W4]
gb-trace iteration=12 resulting id=C41 vertices=[01i5,01j5,01W5,01w5,01U0,00U3,00X3,00x3,00z3,00Z3,00Y3,00W3,00w3,00j3,00k3,00i3,00V3,00v3,00X0,00y3,00u3,00k0,00j0,00i0,00u1,00y1,00z1,00x1,00k1,00X1,00U1,00Y1,00Z1,00V1,00i1,00v1,00V0,00Z0,01Z0,01z0,01U3,01X0,01V3,01Z3,01Y3,01W3,01j3,01w3,01y3,01z3,01x3,01X3,01k3,01i3,01v3,01u3,01k0,01j0,01i0,01u1,01y1,01w1,01W1,01Y1,01Z1,01z1,01x1,01k1,01j1,01i1,01V1,01v1,01V0,01X1,01U1,01u0,01v4,01u4,01y4,01z4,01x4,01X4,01k4,01i4,01V4,01Z4,01Y4,01U4,01U2,01Y2,01W2,01w2,01j2,01k2,01X2,01x2,01z2,01y2,01u2,01v2,01i2,01V2,01Z2,01W0,01U5,01Y5,01Z5,01V5,01v5,01u5,01y5,01z5,01x5,01X5,01k5]
cut arcs by clause length (length:number) = {4: 4, 6: 6, 12: 4, 14: 4, 18: 2, 46: 2}
number of added block clauses (this increment) = 22
number of added block clauses (accumulated) = 334
add block clauses time = 552.079us
increment time = 1.722940ms

CEGAR iteration...
cegar iteration = 13
sat solving time = 2.100966ms
number of subcycles found = 20
cycle lengths before merge (length:number) = {3: 4, 6: 2, 7: 1, 8: 3, 9: 3, 10: 1, 11: 1, 12: 1, 14: 2, 81: 1, 114: 1}
merge operation: 81 + 9 = 90
merge operation: 12 + 114 = 126
merge operation: 3 + 14 = 17
merge operation: 126 + 8 = 134
merge operation: 6 + 134 = 140
merge operation: 8 + 90 = 98
merge operation: 9 + 140 = 149
merge operation: 98 + 10 = 108
merge operation: 3 + 108 = 111
merge operation: 11 + 111 = 122
merge operation: 14 + 122 = 136
merge operation: 8 + 136 = 144
number of merge operations = 12
number of resulting cycles = 8
cycle lengths after merge (length:number) = {3: 2, 6: 1, 7: 1, 9: 1, 17: 1, 144: 1, 149: 1}
gb-trace iteration=13 subcycle id=C1 vertices=[00i0,00u1,00v1,00V1,00Z1,00Y1,00V0,00U1,00u0,00u4,00v4,00i4,00V4,00Z4,00Y4,00U4,00U2,00Y2,00W2,00j2,00w2,00y2,00u2,00v2,00i2,00V2,00Z2,00z2,00x2,00k2,00X2,00W0,00U5,00X5,00x5,00k5,00j5,00i5,00V5,00v5,00u5,00Z0,01Z0,01V0,01u1,01i0,01k0,01j0,01W0,01U2,01U4,01Y4,01Z4,01V4,01v4,01u4,01z0,01U3,01Y3,01Z3,01V3,01X0,01U0,00U3,00Y3,00Z3,00V3,00i3,00v3,00u3,00y3,00z3,00x3,00X3,00k3,00j3,00w3,00W3,00X0,00k0,00j0]
gb-trace iteration=13 subcycle id=C2 vertices=[00U0,00W5,00Y5,00Z5,00z5,00y5,00w5]
gb-trace iteration=13 subcycle id=C3 vertices=[00i1,00k1,00X1,00x1,00z1,00y1,00w1,00W1,00j1]
gb-trace iteration=13 subcycle id=C4 vertices=[00j4,00k4,00X4,00x4,00z4,00y4,00w4,00W4]
gb-trace iteration=13 subcycle id=C5 vertices=[01u0,01y4,01z4,01x4,01X4,01k4,01i4,01j4,01w4,01W4]
gb-trace iteration=13 subcycle id=C6 vertices=[01i1,01v1,01V1]
gb-trace iteration=13 subcycle id=C7 vertices=[01j1,01k1,01x1,01X1,01U1,01Y1,01Z1,01z1,01y1,01w1,01W1]
gb-trace iteration=13 subcycle id=C8 vertices=[01i2,01V2,01Z2,01Y2,01W2,01w2,01j2,01k2,01X2,01x2,01z2,01y2,01u2,01v2]
gb-trace iteration=13 subcycle id=C9 vertices=[01i3,01v3,01u3,01y3,01z3,01x3,01X3,01k3]
gb-trace iteration=13 subcycle id=C10 vertices=[01j3,01w3,01W3]
gb-trace iteration=13 subcycle id=C11 vertices=[01i5,01j5,01w5,01W5,01Y5,01U5,01X5,01x5,01k5]
gb-trace iteration=13 subcycle id=C12 vertices=[01u5,01v5,01V5,01Z5,01z5,01y5]
gb-trace iteration=13 subcycle id=C13 vertices=[10i0,10j0,10u2,10v2,10V2,10i2,10k2,10j2,10W2,10w2,10y2,10z2,10x2,10X2,10U2,10Y2,10Z2,10W0,10U5,10U0,10v5,10V5,10Z5,10Y5,10W5,10w5,10j5,10i5,10k5,10X5,10x5,10z5,10y5,10u5,10Z0,10V0,10Z1,10Y1,10U1,10u0,10y4,10w4,10j4,10W4,10Y4,10U4,10X4,10k4,10x4,10z4,10Z4,10V4,10i4,10v4,10u4,11u0,11U4,11Y4,11Z4,11V4,11i4,11v4,11u4,11z0,11U3,11X0,11v3,11u3,11k0,11i0,11u1,11v1,11i1,11V1,11Z1,11z1,11y1,11w1,11W1,11j1,11k1,11x1,11X1,11U1,11Y1,11V0,11Z0,11u5,11y5,11w5,11j5,11W5,11Y5,11U5,11X5,11k5,11x5,11z5,11Z5,11V5,11i5,11v5,11U0,10U3,10X3,10x3,10k3,10j3,10i3,10v3,10V3,10X0,10u3,10k0]
gb-trace iteration=13 subcycle id=C14 vertices=[10i1,10V1,10v1,10u1,10y1,10z1,10x1,10X1,10k1]
gb-trace iteration=13 subcycle id=C15 vertices=[10j1,10W1,10w1]
gb-trace iteration=13 subcycle id=C16 vertices=[10w3,10W3,10Y3,10Z3,10z3,10y3]
gb-trace iteration=13 subcycle id=C17 vertices=[11j0,11u2,11v2,11V2,11i2,11k2,11x2,11X2,11U2,11Y2,11Z2,11z2,11y2,11W0]
gb-trace iteration=13 subcycle id=C18 vertices=[11j2,11W2,11w2]
gb-trace iteration=13 subcycle id=C19 vertices=[11i3,11V3,11Z3,11Y3,11W3,11w3,11y3,11z3,11x3,11X3,11k3,11j3]
gb-trace iteration=13 subcycle id=C20 vertices=[11j4,11k4,11X4,11x4,11z4,11y4,11w4,11W4]
gb-trace iteration=13 merge C1 + C3 = C21
gb-trace iteration=13 merge C19 + C13 = C22
gb-trace iteration=13 merge C18 + C17 = C23
gb-trace iteration=13 merge C22 + C20 = C24
gb-trace iteration=13 merge C16 + C24 = C25
gb-trace iteration=13 merge C4 + C21 = C26
gb-trace iteration=13 merge C14 + C25 = C27
gb-trace iteration=13 merge C26 + C5 = C28
gb-trace iteration=13 merge C6 + C28 = C29
gb-trace iteration=13 merge C7 + C29 = C30
gb-trace iteration=13 merge C8 + C30 = C31
gb-trace iteration=13 merge C9 + C31 = C32
gb-trace iteration=13 resulting id=C15 vertices=[10j1,10W1,10w1]
gb-trace iteration=13 resulting id=C2 vertices=[00U0,00W5,00Y5,00Z5,00z5,00y5,00w5]
gb-trace iteration=13 resulting id=C23 vertices=[11j2,11W2,11W0,11j0,11u2,11v2,11V2,11i2,11k2,11x2,11X2,11U2,11Y2,11Z2,11z2,11y2,11w2]
gb-trace iteration=13 resulting id=C12 vertices=[01u5,01v5,01V5,01Z5,01z5,01y5]
gb-trace iteration=13 resulting id=C27 vertices=[10i1,10V1,10Z1,10Y1,10U1,10u0,10y4,10w4,10j4,10W4,10Y4,10U4,10X4,10k4,10x4,10z4,10Z4,10V4,10i4,10v4,10u4,11u0,11x4,11z4,11y4,11w4,11W4,11j4,11k4,11X4,11U4,11Y4,11Z4,11V4,11i4,11v4,11u4,11z0,11U3,11X0,11V3,11Z3,11Y3,11W3,11w3,11y3,11z3,11x3,11X3,11k3,11j3,11i3,11v3,11u3,11k0,11i0,11u1,11v1,11i1,11V1,11Z1,11z1,11y1,11w1,11W1,11j1,11k1,11x1,11X1,11U1,11Y1,11V0,11Z0,11u5,11y5,11w5,11j5,11W5,11Y5,11U5,11X5,11k5,11x5,11z5,11Z5,11V5,11i5,11v5,11U0,10U3,10X3,10x3,10k3,10j3,10i3,10v3,10V3,10Z3,10z3,10y3,10w3,10W3,10Y3,10X0,10u3,10k0,10i0,10j0,10u2,10v2,10V2,10i2,10k2,10j2,10W2,10w2,10y2,10z2,10x2,10X2,10U2,10Y2,10Z2,10W0,10U5,10U0,10v5,10V5,10Z5,10Y5,10W5,10w5,10j5,10i5,10k5,10X5,10x5,10z5,10y5,10u5,10Z0,10V0,10v1,10u1,10y1,10z1,10x1,10X1,10k1]
gb-trace iteration=13 resulting id=C11 vertices=[01i5,01j5,01w5,01W5,01Y5,01U5,01X5,01x5,01k5]
gb-trace iteration=13 resulting id=C10 vertices=[01j3,01w3,01W3]
gb-trace iteration=13 resulting id=C32 vertices=[01i3,01V3,01Z3,01Y3,01U3,01z0,01u4,01y4,01z4,01x4,01X4,01k4,01i4,01j4,01w4,01W4,01u0,01v4,01V4,01Z4,01Y4,01U4,01U2,01Y2,01W2,01w2,01j2,01k2,01X2,01x2,01z2,01y2,01u2,01v2,01i2,01V2,01Z2,01W0,01j0,01k0,01i0,01u1,01v1,01i1,01V1,01Z1,01z1,01y1,01w1,01W1,01j1,01k1,01x1,01X1,01U1,01Y1,01V0,01Z0,00Z0,00u5,00v5,00V5,00i5,00j5,00k5,00x5,00X5,00U5,00W0,00X2,00k2,00x2,00z2,00Z2,00V2,00i2,00v2,00u2,00y2,00w2,00j2,00W2,00Y2,00U2,00U4,00Y4,00Z4,00V4,00i4,00v4,00u4,00y4,00w4,00W4,00j4,00k4,00X4,00x4,00z4,00u0,00U1,00V0,00w1,00y1,00z1,00x1,00X1,00k1,00i1,00j1,00W1,00Y1,00Z1,00V1,00v1,00u1,00i0,00j0,00k0,00X0,00W3,00w3,00j3,00k3,00X3,00x3,00z3,00y3,00u3,00v3,00i3,00V3,00Z3,00Y3,00U3,01U0,01X0,01v3,01u3,01y3,01z3,01x3,01X3,01k3]
cut arcs by clause length (length:number) = {4: 2, 6: 4, 12: 6, 14: 2, 34: 2}
number of added block clauses (this increment) = 16
number of added block clauses (accumulated) = 350
add block clauses time = 487.631us
increment time = 2.588597ms

CEGAR iteration...
cegar iteration = 14
sat solving time = 14.966109ms
number of subcycles found = 21
cycle lengths before merge (length:number) = {3: 2, 6: 1, 7: 2, 8: 1, 9: 7, 10: 2, 11: 1, 13: 2, 14: 1, 17: 1, 153: 1}
merge operation: 153 + 9 = 162
merge operation: 13 + 162 = 175
merge operation: 7 + 175 = 182
merge operation: 10 + 182 = 192
merge operation: 9 + 192 = 201
merge operation: 9 + 201 = 210
merge operation: 10 + 210 = 220
merge operation: 9 + 220 = 229
merge operation: 9 + 229 = 238
merge operation: 8 + 238 = 246
merge operation: 13 + 246 = 259
merge operation: 14 + 259 = 273
merge operation: 11 + 273 = 284
merge operation: 9 + 284 = 293
number of merge operations = 14
number of resulting cycles = 7
cycle lengths after merge (length:number) = {3: 2, 6: 1, 7: 1, 9: 1, 17: 1, 293: 1}
gb-trace iteration=14 subcycle id=C1 vertices=[00i0,00V0,00u1,00v1,00V1,00Z1,00Y1,00U1,00u0,10u0,10u4,10y4,10z4,10x4,10X4,10U4,10U2,10X2,10x2,10z2,10y2,10u2,10j0,10k0,10X0,10u3,10y3,10w3,10W3,10Y3,10U3,11U0,11Y5,11W5,11w5,11j5,11k5,11x5,11X5,11U5,11W0,11j0,11u2,11v2,11V2,11i2,11k2,11x2,11X2,11U2,11U4,11Y4,11Z4,11V4,11v4,11u4,11z0,11U3,11X0,11u3,11k0,11i0,11u1,11v1,11i1,11V1,11Z1,11z1,11y1,11w1,11W1,11j1,11k1,11x1,11X1,11U1,11Y1,11V0,11Z0,10Z0,10u5,10v5,10V5,10i5,10j5,10k5,10x5,10X5,10U5,10Y5,10Z5,10z5,10y5,10w5,10W5,10U0,00U0,00X0,00u3,00y3,00z3,00x3,00X3,00U3,01U0,01u5,01y5,01w5,01W5,01Y5,01U5,01W0,01U2,01U4,01Y4,01Z4,01V4,01i4,01v4,01u0,01u4,01z0,01U3,01X0,01u3,01k0,01j0,01i0,01u1,01V0,01Z0,00Z0,00u5,00y5,00w5,00W5,00j5,00k5,00X5,00x5,00z5,00Z5,00Y5,00U5,00W0,00U2,00Y2,00Z2,00V2,00v2,00u2,00j0,00k0]
gb-trace iteration=14 subcycle id=C2 vertices=[00i1,00j1,00W1,00w1,00y1,00z1,00x1,00X1,00k1]
gb-trace iteration=14 subcycle id=C3 vertices=[00i2,00k2,00X2,00x2,00z2,00y2,00w2,00W2,00j2]
gb-trace iteration=14 subcycle id=C4 vertices=[00i3,00k3,00j3,00w3,00W3,00Y3,00Z3,00V3,00v3]
gb-trace iteration=14 subcycle id=C5 vertices=[00i4,00V4,00v4,00u4,00y4,00w4,00W4,00j4,00k4]
gb-trace iteration=14 subcycle id=C6 vertices=[00x4,00z4,00Z4,00Y4,00U4,00X4]
gb-trace iteration=14 subcycle id=C7 vertices=[00i5,00V5,00v5]
gb-trace iteration=14 subcycle id=C8 vertices=[01i1,01v1,01V1]
gb-trace iteration=14 subcycle id=C9 vertices=[01j1,01k1,01x1,01X1,01U1,01Y1,01Z1,01z1,01y1,01w1,01W1]
gb-trace iteration=14 subcycle id=C10 vertices=[01i2,01V2,01Z2,01Y2,01W2,01w2,01j2,01k2,01X2,01x2,01z2,01y2,01u2,01v2]
gb-trace iteration=14 subcycle id=C11 vertices=[01i3,01v3,01V3,01Z3,01Y3,01W3,01w3,01y3,01z3,01x3,01X3,01k3,01j3]
gb-trace iteration=14 subcycle id=C12 vertices=[01j4,01W4,01w4,01y4,01z4,01x4,01X4,01k4]
gb-trace iteration=14 subcycle id=C13 vertices=[01i5,01j5,01k5,01X5,01x5,01z5,01Z5,01V5,01v5]
gb-trace iteration=14 subcycle id=C14 vertices=[10i0,10V0,10W1,10j1,10w1,10y1,10z1,10Z1,10Y1,10U1,10X1,10x1,10k1,10i1,10V1,10v1,10u1]
gb-trace iteration=14 subcycle id=C15 vertices=[10W0,10Y2,10W2,10w2,10j2,10k2,10i2,10v2,10V2,10Z2]
gb-trace iteration=14 subcycle id=C16 vertices=[10i3,10v3,10V3,10Z3,10z3,10x3,10X3,10k3,10j3]
gb-trace iteration=14 subcycle id=C17 vertices=[10i4,10v4,10V4,10Z4,10Y4,10W4,10w4,10j4,10k4]
gb-trace iteration=14 subcycle id=C18 vertices=[11u0,11z4,11x4,11X4,11k4,11i4,11j4,11W4,11w4,11y4]
gb-trace iteration=14 subcycle id=C19 vertices=[11j2,11W2,11Y2,11Z2,11z2,11y2,11w2]
gb-trace iteration=14 subcycle id=C20 vertices=[11i3,11v3,11V3,11Z3,11Y3,11W3,11w3,11y3,11z3,11x3,11X3,11k3,11j3]
gb-trace iteration=14 subcycle id=C21 vertices=[11i5,11v5,11u5,11y5,11z5,11Z5,11V5]
gb-trace iteration=14 merge C1 + C2 = C22
gb-trace iteration=14 merge C20 + C22 = C23
gb-trace iteration=14 merge C21 + C23 = C24
gb-trace iteration=14 merge C18 + C24 = C25
gb-trace iteration=14 merge C17 + C25 = C26
gb-trace iteration=14 merge C16 + C26 = C27
gb-trace iteration=14 merge C15 + C27 = C28
gb-trace iteration=14 merge C3 + C28 = C29
gb-trace iteration=14 merge C13 + C29 = C30
gb-trace iteration=14 merge C12 + C30 = C31
gb-trace iteration=14 merge C11 + C31 = C32
gb-trace iteration=14 merge C10 + C32 = C33
gb-trace iteration=14 merge C9 + C33 = C34
gb-trace iteration=14 merge C4 + C34 = C35
gb-trace iteration=14 resulting id=C19 vertices=[11j2,11W2,11Y2,11Z2,11z2,11y2,11w2]
gb-trace iteration=14 resulting id=C14 vertices=[10i0,10V0,10W1,10j1,10w1,10y1,10z1,10Z1,10Y1,10U1,10X1,10x1,10k1,10i1,10V1,10v1,10u1]
gb-trace iteration=14 resulting id=C8 vertices=[01i1,01v1,01V1]
gb-trace iteration=14 resulting id=C7 vertices=[00i5,00V5,00v5]
gb-trace iteration=14 resulting id=C5 vertices=[00i4,00V4,00v4,00u4,00y4,00w4,00W4,00j4,00k4]
gb-trace iteration=14 resulting id=C6 vertices=[00x4,00z4,00Z4,00Y4,00U4,00X4]
gb-trace iteration=14 resulting id=C35 vertices=[00i3,00k3,00j3,00w3,00W3,00Y3,00Z3,00V3,00X0,00U0,10U0,10W5,10w5,10y5,10z5,10Z5,10Y5,10U5,10X5,10x5,10k5,10j5,10i5,10V5,10v5,10u5,10Z0,11Z0,11V0,11Y1,11U1,11X1,11x1,11k1,11j1,11W1,11w1,11y1,11z1,11Z1,11V1,11i1,11v1,11u1,11i0,11k0,11u3,11v3,11i3,11j3,11k3,11X3,11x3,11z3,11y3,11w3,11W3,11Y3,11Z3,11V3,11X0,11U3,11z0,11u4,11v4,11V4,11u0,11y4,11w4,11W4,11j4,11i4,11k4,11X4,11x4,11z4,11Z4,11Y4,11U4,11U2,11X2,11x2,11k2,11i2,11V2,11v2,11u2,11j0,11W0,11U5,11X5,11x5,11k5,11j5,11w5,11W5,11Y5,11Z5,11V5,11i5,11v5,11u5,11y5,11z5,11U0,10U3,10Y3,10W3,10w3,10y3,10u3,10v3,10i3,10j3,10k3,10X3,10x3,10z3,10Z3,10V3,10X0,10k0,10j0,10u2,10y2,10z2,10x2,10X2,10W0,10Z2,10V2,10v2,10i2,10k2,10j2,10w2,10W2,10Y2,10U2,10U4,10X4,10x4,10z4,10y4,10u4,10v4,10i4,10k4,10j4,10w4,10W4,10Y4,10Z4,10V4,10u0,00u0,00U1,00Y1,00Z1,00V1,00v1,00u1,00y1,00z1,00x1,00X1,00k1,00i1,00j1,00W1,00w1,00V0,00i0,00k0,00j0,00u2,00v2,00V2,00Z2,00Y2,00U2,00X2,00k2,00i2,00j2,00W2,00w2,00y2,00z2,00x2,00W0,00U5,00Y5,00Z5,00z5,00x5,00X5,00k5,00j5,00W5,00w5,00y5,00u5,00Z0,01Z0,01V0,01z1,01Z1,01Y1,01U1,01X1,01x1,01k1,01j1,01W1,01w1,01y1,01u1,01i0,01j0,01k0,01u3,01v3,01i3,01j3,01k3,01X3,01x3,01z3,01y3,01w3,01W3,01Y3,01Z3,01V3,01X0,01U3,01z0,01u4,01y4,01z4,01x4,01X4,01k4,01j4,01W4,01w4,01u0,01v4,01i4,01V4,01Z4,01Y4,01U4,01U2,01Y2,01W2,01w2,01j2,01k2,01X2,01x2,01z2,01y2,01u2,01v2,01i2,01V2,01Z2,01W0,01U5,01Y5,01W5,01w5,01y5,01u5,01v5,01i5,01j5,01k5,01X5,01x5,01z5,01Z5,01V5,01U0,00U3,00X3,00x3,00z3,00y3,00u3,00v3]
cut arcs by clause length (length:number) = {4: 2, 6: 4, 12: 6, 42: 2}
number of added block clauses (this increment) = 14
number of added block clauses (accumulated) = 364
add block clauses time = 790.215us
increment time = 15.756324ms

CEGAR iteration...
cegar iteration = 15
sat solving time = 2.000772ms
number of subcycles found = 28
cycle lengths before merge (length:number) = {3: 5, 6: 1, 7: 6, 8: 7, 9: 5, 12: 1, 43: 1, 59: 1, 60: 1}
merge operation: 43 + 7 = 50
merge operation: 7 + 60 = 67
merge operation: 59 + 9 = 68
merge operation: 67 + 9 = 76
merge operation: 8 + 76 = 84
merge operation: 3 + 84 = 87
merge operation: 9 + 50 = 59
merge operation: 7 + 59 = 66
merge operation: 9 + 87 = 96
merge operation: 7 + 68 = 75
merge operation: 6 + 96 = 102
merge operation: 75 + 3 = 78
merge operation: 8 + 78 = 86
merge operation: 8 + 86 = 94
number of merge operations = 14
number of resulting cycles = 14
cycle lengths after merge (length:number) = {3: 3, 7: 2, 8: 4, 9: 1, 12: 1, 66: 1, 94: 1, 102: 1}
gb-trace iteration=15 subcycle id=C1 vertices=[00i0,00V0,00u1,00v1,00V1,00Z1,00Y1,00W1,00w1,00y1,00z1,00x1,00X1,00U1,00u0,10u0,10v4,10u4,10y4,10z4,10x4,10k4,10X4,10U4,10U2,10X2,10x2,10z2,10y2,10u2,10j0,10W0,10U5,10Y5,10Z5,10V5,10v5,10u5,10U0,00U0,00X0,00k0,00j0]
gb-trace iteration=15 subcycle id=C2 vertices=[00W0,00u2,00v2,00V2,00Z2,00Y2,00U2,00U4,00X4,00x4,00k4,00i4,00V4,00v4,00u4,01u0,01U1,01Y1,01W1,01j1,01w1,01y1,01u1,01v1,01V0,01i0,01k0,01j0,01u2,01y2,01z2,01Z2,01W0,01U5,01Y5,01W5,01j5,01w5,01y5,01u5,01U0,01X0,01u3,01y3,01z3,01x3,01k3,01X3,01U3,01z0,01Z0,00Z0,00u5,00v5,00i5,00V5,00Z5,00Y5,00U5]
gb-trace iteration=15 subcycle id=C3 vertices=[00i1,00j1,00k1]
gb-trace iteration=15 subcycle id=C4 vertices=[00i2,00k2,00X2,00x2,00z2,00y2,00w2,00W2,00j2]
gb-trace iteration=15 subcycle id=C5 vertices=[00i3,00v3,00u3,00y3,00z3,00Z3,00V3]
gb-trace iteration=15 subcycle id=C6 vertices=[00j3,00w3,00W3,00Y3,00U3,00X3,00x3,00k3]
gb-trace iteration=15 subcycle id=C7 vertices=[00j4,00w4,00y4,00z4,00Z4,00Y4,00W4]
gb-trace iteration=15 subcycle id=C8 vertices=[00j5,00k5,00X5,00x5,00z5,00y5,00w5,00W5]
gb-trace iteration=15 subcycle id=C9 vertices=[01i1,01k1,01X1,01x1,01z1,01Z1,01V1]
gb-trace iteration=15 subcycle id=C10 vertices=[01i2,01V2,01v2]
gb-trace iteration=15 subcycle id=C11 vertices=[01j2,01k2,01x2,01X2,01U2,01Y2,01W2,01w2]
gb-trace iteration=15 subcycle id=C12 vertices=[01i3,01v3,01V3,01Z3,01Y3,01W3,01w3,01j3]
gb-trace iteration=15 subcycle id=C13 vertices=[01i4,01k4,01j4]
gb-trace iteration=15 subcycle id=C14 vertices=[01u4,01y4,01w4,01W4,01Y4,01U4,01X4,01x4,01z4,01Z4,01V4,01v4]
gb-trace iteration=15 subcycle id=C15 vertices=[01i5,01v5,01V5,01Z5,01z5,01x5,01X5,01k5]
gb-trace iteration=15 subcycle id=C16 vertices=[10i0,10k0,10X0,10u3,10y3,10w3,10W3,10Y3,10U3,11U0,11X0,11k0,11u3,11v3,11i3,11V3,11Z3,11Y3,11U3,11z0,11u4,11v4,11V4,11i4,11j4,11W4,11w4,11y4,11u0,11U1,11X1,11x1,11k1,11i1,11j1,11w1,11W1,11Y1,11Z1,11z1,11y1,11u1,11i0,11j0,11W0,11U5,11X5,11k5,11x5,11z5,11Z5,11Y5,11W5,11j5,11w5,11y5,11u5,11Z0,10Z0,10V0]
gb-trace iteration=15 subcycle id=C17 vertices=[10i1,10k1,10j1,10W1,10w1,10y1,10u1,10v1,10V1]
gb-trace iteration=15 subcycle id=C18 vertices=[10x1,10X1,10U1,10Y1,10Z1,10z1]
gb-trace iteration=15 subcycle id=C19 vertices=[10i2,10v2,10V2,10Z2,10Y2,10W2,10w2,10j2,10k2]
gb-trace iteration=15 subcycle id=C20 vertices=[10i3,10v3,10V3,10Z3,10z3,10x3,10X3,10k3,10j3]
gb-trace iteration=15 subcycle id=C21 vertices=[10i4,10V4,10Z4,10Y4,10W4,10w4,10j4]
gb-trace iteration=15 subcycle id=C22 vertices=[10i5,10j5,10W5,10w5,10y5,10z5,10x5,10X5,10k5]
gb-trace iteration=15 subcycle id=C23 vertices=[11V0,11v1,11V1]
gb-trace iteration=15 subcycle id=C24 vertices=[11i2,11j2,11W2,11w2,11y2,11u2,11v2,11V2]
gb-trace iteration=15 subcycle id=C25 vertices=[11k2,11X2,11U2,11Y2,11Z2,11z2,11x2]
gb-trace iteration=15 subcycle id=C26 vertices=[11j3,11W3,11w3,11y3,11z3,11x3,11X3,11k3]
gb-trace iteration=15 subcycle id=C27 vertices=[11k4,11x4,11z4,11Z4,11Y4,11U4,11X4]
gb-trace iteration=15 subcycle id=C28 vertices=[11i5,11v5,11V5]
gb-trace iteration=15 merge C1 + C5 = C29
gb-trace iteration=15 merge C27 + C16 = C30
gb-trace iteration=15 merge C2 + C4 = C31
gb-trace iteration=15 merge C30 + C17 = C32
gb-trace iteration=15 merge C24 + C32 = C33
gb-trace iteration=15 merge C23 + C33 = C34
gb-trace iteration=15 merge C22 + C29 = C35
gb-trace iteration=15 merge C21 + C35 = C36
gb-trace iteration=15 merge C20 + C34 = C37
gb-trace iteration=15 merge C9 + C31 = C38
gb-trace iteration=15 merge C18 + C37 = C39
gb-trace iteration=15 merge C38 + C10 = C40
gb-trace iteration=15 merge C12 + C40 = C41
gb-trace iteration=15 merge C15 + C41 = C42
gb-trace iteration=15 resulting id=C26 vertices=[11j3,11W3,11w3,11y3,11z3,11x3,11X3,11k3]
gb-trace iteration=15 resulting id=C25 vertices=[11k2,11X2,11U2,11Y2,11Z2,11z2,11x2]
gb-trace iteration=15 resulting id=C3 vertices=[00i1,00j1,00k1]
gb-trace iteration=15 resulting id=C19 vertices=[10i2,10v2,10V2,10Z2,10Y2,10W2,10w2,10j2,10k2]
gb-trace iteration=15 resulting id=C28 vertices=[11i5,11v5,11V5]
gb-trace iteration=15 resulting id=C6 vertices=[00j3,00w3,00W3,00Y3,00U3,00X3,00x3,00k3]
gb-trace iteration=15 resulting id=C7 vertices=[00j4,00w4,00y4,00z4,00Z4,00Y4,00W4]
gb-trace iteration=15 resulting id=C8 vertices=[00j5,00k5,00X5,00x5,00z5,00y5,00w5,00W5]
gb-trace iteration=15 resulting id=C36 vertices=[10i4,10v4,10u4,10y4,10z4,10x4,10k4,10X4,10U4,10U2,10X2,10x2,10z2,10y2,10u2,10j0,10W0,10U5,10Y5,10Z5,10V5,10v5,10u5,10y5,10z5,10x5,10X5,10k5,10i5,10j5,10W5,10w5,10U0,00U0,00X0,00v3,00i3,00V3,00Z3,00z3,00y3,00u3,00k0,00j0,00i0,00V0,00u1,00v1,00V1,00Z1,00Y1,00W1,00w1,00y1,00z1,00x1,00X1,00U1,00u0,10u0,10V4,10Z4,10Y4,10W4,10w4,10j4]
gb-trace iteration=15 resulting id=C39 vertices=[10x1,10X1,10U1,10Y1,10Z1,10V0,10Z0,11Z0,11u5,11y5,11w5,11j5,11W5,11Y5,11Z5,11z5,11x5,11k5,11X5,11U5,11W0,11y2,11w2,11W2,11j2,11i2,11V2,11v2,11u2,11j0,11i0,11u1,11v1,11V1,11V0,11y1,11z1,11Z1,11Y1,11W1,11w1,11j1,11i1,11k1,11x1,11X1,11U1,11u0,11x4,11k4,11X4,11U4,11Y4,11Z4,11z4,11y4,11w4,11W4,11j4,11i4,11V4,11v4,11u4,11z0,11U3,11Y3,11Z3,11V3,11i3,11v3,11u3,11k0,11X0,11U0,10U3,10Y3,10W3,10w3,10y3,10u3,10v3,10i3,10j3,10k3,10X3,10x3,10z3,10Z3,10V3,10X0,10k0,10i0,10u1,10v1,10V1,10i1,10k1,10j1,10W1,10w1,10y1,10z1]
gb-trace iteration=15 resulting id=C11 vertices=[01j2,01k2,01x2,01X2,01U2,01Y2,01W2,01w2]
gb-trace iteration=15 resulting id=C14 vertices=[01u4,01y4,01w4,01W4,01Y4,01U4,01X4,01x4,01z4,01Z4,01V4,01v4]
gb-trace iteration=15 resulting id=C13 vertices=[01i4,01k4,01j4]
gb-trace iteration=15 resulting id=C42 vertices=[01i5,01v5,01u5,01y5,01w5,01j5,01W5,01Y5,01U5,01W0,01v2,01i2,01V2,01Z2,01z2,01y2,01u2,01j0,01k0,01i0,01V0,01Z1,01z1,01x1,01X1,01k1,01i1,01V1,01v1,01u1,01y1,01w1,01j1,01W1,01Y1,01U1,01u0,00u4,00v4,00V4,00i4,00k4,00x4,00X4,00U4,00U2,00Y2,00Z2,00V2,00v2,00u2,00y2,00w2,00W2,00j2,00i2,00k2,00X2,00x2,00z2,00W0,00U5,00Y5,00Z5,00V5,00i5,00v5,00u5,00Z0,01Z0,01z0,01U3,01X3,01k3,01x3,01z3,01y3,01u3,01v3,01i3,01j3,01w3,01W3,01Y3,01Z3,01V3,01X0,01U0,01V5,01Z5,01z5,01x5,01X5,01k5]
cut arcs by clause length (length:number) = {6: 6, 12: 14, 20: 2, 36: 2, 52: 2, 62: 2}
number of added block clauses (this increment) = 28
number of added block clauses (accumulated) = 392
add block clauses time = 646.560us
increment time = 2.647332ms

CEGAR iteration...
cegar iteration = 16
sat solving time = 3.366315ms
number of subcycles found = 21
cycle lengths before merge (length:number) = {3: 4, 6: 1, 7: 1, 8: 4, 9: 5, 11: 2, 14: 1, 62: 1, 63: 1, 75: 1}
merge operation: 63 + 11 = 74
merge operation: 62 + 14 = 76
merge operation: 9 + 76 = 85
merge operation: 8 + 85 = 93
merge operation: 7 + 75 = 82
merge operation: 8 + 82 = 90
merge operation: 11 + 93 = 104
merge operation: 90 + 9 = 99
number of merge operations = 8
number of resulting cycles = 13
cycle lengths after merge (length:number) = {3: 4, 6: 1, 8: 2, 9: 3, 74: 1, 99: 1, 104: 1}
gb-trace iteration=16 subcycle id=C1 vertices=[00i0,00u1,00y1,00w1,00W1,00j1,00k1,00X1,00x1,00z1,00Z1,00Y1,00V0,00U1,00u0,10u0,10x4,10k4,10X4,10U4,10U2,10Y2,10Z2,10V2,10v2,10u2,10j0,10W0,10U5,10Y5,10Z5,10V5,10v5,10u5,10y5,10z5,10x5,10X5,10k5,10i5,10j5,10W5,10w5,10U0,00U0,00X0,00x3,00z3,00y3,00w3,00W3,00j3,00k3,00X3,00U3,00Y3,00Z3,00V3,00i3,00v3,00u3,00k0,00j0]
gb-trace iteration=16 subcycle id=C2 vertices=[00W0,00U2,00U4,00Y4,00W4,00j4,00w4,00y4,00u4,01u0,01U1,01Y1,01W1,01j1,01w1,01y1,01u1,01V0,01i0,01k0,01j0,01u2,01v2,01i2,01V2,01Z2,01Y2,01U2,01U4,01Y4,01Z4,01V4,01i4,01v4,01u4,01z0,01U3,01X3,01k3,01x3,01X0,01U0,01v5,01V5,01Z5,01z5,01x5,01X5,01U5,01Y5,01W5,01w5,01y5,01u5,01Z0,00Z0,00u5,00y5,00w5,00W5,00Y5,00U5]
gb-trace iteration=16 subcycle id=C3 vertices=[00i1,00v1,00V1]
gb-trace iteration=16 subcycle id=C4 vertices=[00i2,00v2,00u2,00y2,00z2,00x2,00X2,00k2,00j2,00w2,00W2,00Y2,00Z2,00V2]
gb-trace iteration=16 subcycle id=C5 vertices=[00i4,00v4,00V4,00Z4,00z4,00x4,00X4,00k4]
gb-trace iteration=16 subcycle id=C6 vertices=[00i5,00v5,00V5,00Z5,00z5,00x5,00X5,00k5,00j5]
gb-trace iteration=16 subcycle id=C7 vertices=[01W0,01w2,01W2,01j2,01k2,01X2,01x2,01z2,01y2]
gb-trace iteration=16 subcycle id=C8 vertices=[01i1,01k1,01X1,01x1,01z1,01Z1,01V1,01v1]
gb-trace iteration=16 subcycle id=C9 vertices=[01i3,01j3,01w3,01W3,01Y3,01Z3,01z3,01y3,01u3,01v3,01V3]
gb-trace iteration=16 subcycle id=C10 vertices=[01j4,01W4,01w4,01y4,01z4,01x4,01X4,01k4]
gb-trace iteration=16 subcycle id=C11 vertices=[01i5,01j5,01k5]
gb-trace iteration=16 subcycle id=C12 vertices=[10i0,10V0,10Z0,11z0,11U3,11Y3,11W3,11w3,11y3,11u3,11k0,11j0,11u2,11v2,11V2,11i2,11j2,11W2,11w2,11W0,11y2,11z2,11Z2,11Y2,11U2,11U4,11X4,11k4,11x4,11z4,11Z4,11Y4,11u0,11U1,11Y1,11W1,11w1,11y1,11u1,11i0,11V0,11Z0,11u5,11y5,11w5,11j5,11W5,11Y5,11U5,11X5,11k5,11x5,11z5,11Z5,11V5,11i5,11v5,11U0,10U3,10X3,10x3,10k3,10j3,10i3,10v3,10V3,10Z3,10z3,10y3,10w3,10W3,10Y3,10X0,10u3,10k0]
gb-trace iteration=16 subcycle id=C13 vertices=[10i1,10k1,10j1,10W1,10w1,10y1,10u1,10v1,10V1]
gb-trace iteration=16 subcycle id=C14 vertices=[10x1,10z1,10Z1,10Y1,10U1,10X1]
gb-trace iteration=16 subcycle id=C15 vertices=[10i2,10j2,10W2,10w2,10y2,10z2,10x2,10X2,10k2]
gb-trace iteration=16 subcycle id=C16 vertices=[10i4,10V4,10v4,10u4,10y4,10z4,10Z4,10Y4,10W4,10w4,10j4]
gb-trace iteration=16 subcycle id=C17 vertices=[11X0,11v3,11V3,11Z3,11z3,11x3,11X3]
gb-trace iteration=16 subcycle id=C18 vertices=[11i1,11v1,11V1,11Z1,11z1,11x1,11X1,11k1,11j1]
gb-trace iteration=16 subcycle id=C19 vertices=[11k2,11X2,11x2]
gb-trace iteration=16 subcycle id=C20 vertices=[11i3,11j3,11k3]
gb-trace iteration=16 subcycle id=C21 vertices=[11i4,11j4,11W4,11w4,11y4,11u4,11v4,11V4]
gb-trace iteration=16 merge C1 + C16 = C22
gb-trace iteration=16 merge C2 + C4 = C23
gb-trace iteration=16 merge C7 + C23 = C24
gb-trace iteration=16 merge C8 + C24 = C25
gb-trace iteration=16 merge C17 + C12 = C26
gb-trace iteration=16 merge C21 + C26 = C27
gb-trace iteration=16 merge C9 + C25 = C28
gb-trace iteration=16 merge C27 + C13 = C29
gb-trace iteration=16 resulting id=C20 vertices=[11i3,11j3,11k3]
gb-trace iteration=16 resulting id=C19 vertices=[11k2,11X2,11x2]
gb-trace iteration=16 resulting id=C3 vertices=[00i1,00v1,00V1]
gb-trace iteration=16 resulting id=C22 vertices=[00i0,00u1,00y1,00w1,00W1,00j1,00k1,00X1,00x1,00z1,00Z1,00Y1,00V0,00U1,00u0,10u0,10y4,10u4,10v4,10V4,10i4,10j4,10w4,10W4,10Y4,10Z4,10z4,10x4,10k4,10X4,10U4,10U2,10Y2,10Z2,10V2,10v2,10u2,10j0,10W0,10U5,10Y5,10Z5,10V5,10v5,10u5,10y5,10z5,10x5,10X5,10k5,10i5,10j5,10W5,10w5,10U0,00U0,00X0,00x3,00z3,00y3,00w3,00W3,00j3,00k3,00X3,00U3,00Y3,00Z3,00V3,00i3,00v3,00u3,00k0,00j0]
gb-trace iteration=16 resulting id=C5 vertices=[00i4,00v4,00V4,00Z4,00z4,00x4,00X4,00k4]
gb-trace iteration=16 resulting id=C6 vertices=[00i5,00v5,00V5,00Z5,00z5,00x5,00X5,00k5,00j5]
gb-trace iteration=16 resulting id=C18 vertices=[11i1,11v1,11V1,11Z1,11z1,11x1,11X1,11k1,11j1]
gb-trace iteration=16 resulting id=C15 vertices=[10i2,10j2,10W2,10w2,10y2,10z2,10x2,10X2,10k2]
gb-trace iteration=16 resulting id=C14 vertices=[10x1,10z1,10Z1,10Y1,10U1,10X1]
gb-trace iteration=16 resulting id=C10 vertices=[01j4,01W4,01w4,01y4,01z4,01x4,01X4,01k4]
gb-trace iteration=16 resulting id=C11 vertices=[01i5,01j5,01k5]
gb-trace iteration=16 resulting id=C28 vertices=[01i3,01j3,01w3,01W3,01Y3,01Z3,01X0,01U0,01v5,01V5,01Z5,01z5,01x5,01X5,01U5,01Y5,01W5,01w5,01y5,01u5,01Z0,00Z0,00u5,00y5,00w5,00W5,00Y5,00U5,00W0,00x2,00z2,00y2,00u2,00v2,00i2,00V2,00Z2,00Y2,00W2,00w2,00j2,00k2,00X2,00U2,00U4,00Y4,00W4,00j4,00w4,00y4,00u4,01u0,01U1,01Y1,01W1,01j1,01w1,01y1,01u1,01v1,01i1,01k1,01X1,01x1,01z1,01Z1,01V1,01V0,01i0,01k0,01j0,01u2,01y2,01z2,01x2,01X2,01k2,01j2,01W2,01w2,01W0,01v2,01i2,01V2,01Z2,01Y2,01U2,01U4,01Y4,01Z4,01V4,01i4,01v4,01u4,01z0,01U3,01X3,01k3,01x3,01z3,01y3,01u3,01v3,01V3]
gb-trace iteration=16 resulting id=C29 vertices=[11i4,11j4,11W4,11Y4,11Z4,11z4,11x4,11k4,11X4,11U4,11U2,11Y2,11Z2,11z2,11y2,11W0,11w2,11W2,11j2,11i2,11V2,11v2,11u2,11j0,11k0,11u3,11v3,11V3,11Z3,11z3,11x3,11X3,11X0,11y3,11w3,11W3,11Y3,11U3,11z0,10Z0,10V0,10y1,10w1,10W1,10j1,10k1,10i1,10V1,10v1,10u1,10i0,10k0,10u3,10X0,10Y3,10W3,10w3,10y3,10z3,10Z3,10V3,10v3,10i3,10j3,10k3,10x3,10X3,10U3,11U0,11v5,11i5,11V5,11Z5,11z5,11x5,11k5,11X5,11U5,11Y5,11W5,11j5,11w5,11y5,11u5,11Z0,11V0,11i0,11u1,11y1,11w1,11W1,11Y1,11U1,11u0,11w4,11y4,11u4,11v4,11V4]
cut arcs by clause length (length:number) = {6: 8, 12: 12, 40: 2, 46: 2, 52: 2}
number of added block clauses (this increment) = 26
number of added block clauses (accumulated) = 418
add block clauses time = 558.039us
increment time = 3.924354ms

CEGAR iteration...
cegar iteration = 17
sat solving time = 4.174848ms
number of subcycles found = 26
cycle lengths before merge (length:number) = {3: 5, 6: 1, 7: 4, 8: 7, 9: 2, 10: 1, 13: 2, 15: 1, 19: 1, 56: 1, 89: 1}
merge operation: 89 + 8 = 97
merge operation: 8 + 56 = 64
merge operation: 7 + 10 = 17
merge operation: 9 + 64 = 73
merge operation: 8 + 73 = 81
merge operation: 13 + 81 = 94
merge operation: 6 + 97 = 103
merge operation: 15 + 94 = 109
merge operation: 103 + 3 = 106
merge operation: 13 + 19 = 32
merge operation: 7 + 32 = 39
merge operation: 8 + 39 = 47
number of merge operations = 12
number of resulting cycles = 14
cycle lengths after merge (length:number) = {3: 4, 7: 2, 8: 3, 9: 1, 17: 1, 47: 1, 106: 1, 109: 1}
gb-trace iteration=17 subcycle id=C1 vertices=[00i0,00k0,00X0,00U0,10U0,10Y5,10W5,10j5,10w5,10y5,10u5,10v5,10i5,10V5,10Z5,10z5,10x5,10k5,10X5,10U5,10W0,10j0,10u2,10y2,10z2,10Z2,10Y2,10W2,10w2,10j2,10k2,10x2,10X2,10U2,10U4,10Y4,10W4,10j4,10w4,10y4,10u4,10v4,10i4,10V4,10Z4,10z4,10x4,10k4,10X4,10u0,00u0,00Y4,00U4,00X4,00x4,00k4,00i4,00v4,00V4,00Z4,00z4,00y4,00u4,01u0,01U1,01Y1,01W1,01j1,01w1,01y1,01z1,01Z1,01V1,01i1,01v1,01u1,01i0,01V0,01Z0,01z0,00Z0,00V0,00U1,00Y1,00Z1,00V1,00i1,00v1,00u1]
gb-trace iteration=17 subcycle id=C2 vertices=[00j0,00u2,00v2,00i2,00V2,00Z2,00W0]
gb-trace iteration=17 subcycle id=C3 vertices=[00j1,00W1,00w1,00y1,00z1,00x1,00X1,00k1]
gb-trace iteration=17 subcycle id=C4 vertices=[00j2,00w2,00y2,00z2,00x2,00k2,00X2,00U2,00Y2,00W2]
gb-trace iteration=17 subcycle id=C5 vertices=[00i3,00j3,00w3,00W3,00Y3,00U3,00X3,00x3,00k3]
gb-trace iteration=17 subcycle id=C6 vertices=[00u3,00v3,00V3,00Z3,00z3,00y3]
gb-trace iteration=17 subcycle id=C7 vertices=[00j4,00W4,00w4]
gb-trace iteration=17 subcycle id=C8 vertices=[00i5,00j5,00W5,00w5,00y5,00u5,00v5,00V5]
gb-trace iteration=17 subcycle id=C9 vertices=[00k5,00x5,00z5,00Z5,00Y5,00U5,00X5]
gb-trace iteration=17 subcycle id=C10 vertices=[01j0,01k0,01X0,01U0,01Y5,01U5,01W0,01U2,01Y2,01Z2,01z2,01x2,01X2,01k2,01j2,01W2,01w2,01y2,01u2]
gb-trace iteration=17 subcycle id=C11 vertices=[01k1,01x1,01X1]
gb-trace iteration=17 subcycle id=C12 vertices=[01i2,01v2,01V2]
gb-trace iteration=17 subcycle id=C13 vertices=[01i3,01V3,01Z3,01z3,01y3,01u3,01v3]
gb-trace iteration=17 subcycle id=C14 vertices=[01j3,01k3,01x3,01X3,01U3,01Y3,01W3,01w3]
gb-trace iteration=17 subcycle id=C15 vertices=[01i4,01V4,01v4,01u4,01y4,01w4,01W4,01j4]
gb-trace iteration=17 subcycle id=C16 vertices=[01k4,01X4,01U4,01Y4,01Z4,01z4,01x4]
gb-trace iteration=17 subcycle id=C17 vertices=[01i5,01v5,01u5,01y5,01w5,01W5,01j5,01k5,01X5,01x5,01z5,01Z5,01V5]
gb-trace iteration=17 subcycle id=C18 vertices=[10i0,10V0,10Z0,11Z0,11u5,11y5,11w5,11j5,11W5,11Y5,11U5,11W0,11z2,11y2,11u2,11j0,11k0,11i0,11V0,11v1,11u1,11y1,11z1,11x1,11X1,11U1,11u0,11X4,11U4,11Y4,11Z4,11V4,11v4,11u4,11z0,11U3,11Y3,11W3,11j3,11w3,11y3,11u3,11v3,11i3,11V3,11Z3,11z3,11x3,11k3,11X3,11X0,11U0,10U3,10X3,10X0,10k0]
gb-trace iteration=17 subcycle id=C19 vertices=[10i1,10v1,10u1,10y1,10w1,10j1,10W1,10Y1,10U1,10X1,10k1,10x1,10z1,10Z1,10V1]
gb-trace iteration=17 subcycle id=C20 vertices=[10i2,10v2,10V2]
gb-trace iteration=17 subcycle id=C21 vertices=[10i3,10V3,10Z3,10Y3,10W3,10w3,10j3,10k3,10x3,10z3,10y3,10u3,10v3]
gb-trace iteration=17 subcycle id=C22 vertices=[11i1,11V1,11Z1,11Y1,11W1,11w1,11j1,11k1]
gb-trace iteration=17 subcycle id=C23 vertices=[11i2,11v2,11V2,11Z2,11Y2,11U2,11X2,11x2,11k2]
gb-trace iteration=17 subcycle id=C24 vertices=[11j2,11W2,11w2]
gb-trace iteration=17 subcycle id=C25 vertices=[11i4,11j4,11W4,11w4,11y4,11z4,11x4,11k4]
gb-trace iteration=17 subcycle id=C26 vertices=[11i5,11k5,11X5,11x5,11z5,11Z5,11V5,11v5]
gb-trace iteration=17 merge C1 + C3 = C27
gb-trace iteration=17 merge C25 + C18 = C28
gb-trace iteration=17 merge C2 + C4 = C29
gb-trace iteration=17 merge C23 + C28 = C30
gb-trace iteration=17 merge C22 + C30 = C31
gb-trace iteration=17 merge C21 + C31 = C32
gb-trace iteration=17 merge C6 + C27 = C33
gb-trace iteration=17 merge C19 + C32 = C34
gb-trace iteration=17 merge C33 + C7 = C35
gb-trace iteration=17 merge C17 + C10 = C36
gb-trace iteration=17 merge C13 + C36 = C37
gb-trace iteration=17 merge C14 + C37 = C38
gb-trace iteration=17 resulting id=C24 vertices=[11j2,11W2,11w2]
gb-trace iteration=17 resulting id=C20 vertices=[10i2,10v2,10V2]
gb-trace iteration=17 resulting id=C26 vertices=[11i5,11k5,11X5,11x5,11z5,11Z5,11V5,11v5]
gb-trace iteration=17 resulting id=C29 vertices=[00j0,00u2,00v2,00i2,00V2,00Z2,00z2,00y2,00w2,00j2,00W2,00Y2,00U2,00X2,00k2,00x2,00W0]
gb-trace iteration=17 resulting id=C5 vertices=[00i3,00j3,00w3,00W3,00Y3,00U3,00X3,00x3,00k3]
gb-trace iteration=17 resulting id=C16 vertices=[01k4,01X4,01U4,01Y4,01Z4,01z4,01x4]
gb-trace iteration=17 resulting id=C34 vertices=[10i1,10v1,10V0,10Z0,11Z0,11u5,11y5,11w5,11j5,11W5,11Y5,11U5,11W0,11V2,11v2,11i2,11k2,11x2,11X2,11U2,11Y2,11Z2,11z2,11y2,11u2,11j0,11k0,11i0,11V0,11V1,11Z1,11Y1,11W1,11w1,11j1,11k1,11i1,11v1,11u1,11y1,11z1,11x1,11X1,11U1,11u0,11z4,11y4,11w4,11W4,11j4,11i4,11k4,11x4,11X4,11U4,11Y4,11Z4,11V4,11v4,11u4,11z0,11U3,11Y3,11W3,11j3,11w3,11y3,11u3,11v3,11i3,11V3,11Z3,11z3,11x3,11k3,11X3,11X0,11U0,10U3,10X3,10k3,10j3,10w3,10W3,10Y3,10Z3,10V3,10i3,10v3,10u3,10y3,10z3,10x3,10X0,10k0,10i0,10u1,10y1,10w1,10j1,10W1,10Y1,10U1,10X1,10k1,10x1,10z1,10Z1,10V1]
gb-trace iteration=17 resulting id=C8 vertices=[00i5,00j5,00W5,00w5,00y5,00u5,00v5,00V5]
gb-trace iteration=17 resulting id=C9 vertices=[00k5,00x5,00z5,00Z5,00Y5,00U5,00X5]
gb-trace iteration=17 resulting id=C35 vertices=[00u3,00k0,00i0,00u1,00v1,00i1,00V1,00Z1,00Y1,00U1,00X1,00k1,00j1,00W1,00w1,00y1,00z1,00x1,00V0,00Z0,01z0,01Z0,01V0,01i0,01u1,01v1,01i1,01V1,01Z1,01z1,01y1,01w1,01j1,01W1,01Y1,01U1,01u0,00u4,00y4,00z4,00Z4,00V4,00v4,00i4,00k4,00x4,00X4,00U4,00Y4,00W4,00j4,00w4,00u0,10u0,10X4,10k4,10x4,10z4,10Z4,10V4,10i4,10v4,10u4,10y4,10w4,10j4,10W4,10Y4,10U4,10U2,10X2,10x2,10k2,10j2,10w2,10W2,10Y2,10Z2,10z2,10y2,10u2,10j0,10W0,10U5,10X5,10k5,10x5,10z5,10Z5,10V5,10i5,10v5,10u5,10y5,10w5,10j5,10W5,10Y5,10U0,00U0,00X0,00v3,00V3,00Z3,00z3,00y3]
gb-trace iteration=17 resulting id=C11 vertices=[01k1,01x1,01X1]
gb-trace iteration=17 resulting id=C12 vertices=[01i2,01v2,01V2]
gb-trace iteration=17 resulting id=C15 vertices=[01i4,01V4,01v4,01u4,01y4,01w4,01W4,01j4]
gb-trace iteration=17 resulting id=C38 vertices=[01j3,01k3,01x3,01X3,01U3,01Y3,01W3,01X0,01U0,01w5,01y5,01u5,01v5,01i5,01V5,01Z5,01z5,01x5,01X5,01k5,01j5,01W5,01Y5,01U5,01W0,01U2,01Y2,01Z2,01z2,01x2,01X2,01k2,01j2,01W2,01w2,01y2,01u2,01j0,01k0,01u3,01v3,01i3,01V3,01Z3,01z3,01y3,01w3]
cut arcs by clause length (length:number) = {4: 2, 6: 8, 12: 14, 24: 2, 62: 2}
number of added block clauses (this increment) = 28
number of added block clauses (accumulated) = 446
add block clauses time = 568.149us
increment time = 4.742997ms

CEGAR iteration...
cegar iteration = 18
sat solving time = 2.019887ms
number of subcycles found = 18
cycle lengths before merge (length:number) = {3: 2, 6: 1, 8: 5, 9: 3, 10: 1, 14: 3, 24: 1, 86: 1, 97: 1}
merge operation: 97 + 8 = 105
merge operation: 14 + 86 = 100
merge operation: 3 + 100 = 103
merge operation: 14 + 103 = 117
merge operation: 14 + 3 = 17
merge operation: 117 + 9 = 126
merge operation: 10 + 126 = 136
merge operation: 8 + 136 = 144
merge operation: 24 + 9 = 33
merge operation: 105 + 8 = 113
number of merge operations = 10
number of resulting cycles = 8
cycle lengths after merge (length:number) = {6: 1, 8: 2, 9: 1, 17: 1, 33: 1, 113: 1, 144: 1}
gb-trace iteration=18 subcycle id=C1 vertices=[00i0,00j0,00u2,00v2,00i2,00V2,00Z2,00W0,00Y2,00W2,00j2,00w2,00y2,00z2,00x2,00k2,00X2,00U2,00U4,00X4,00x4,00k4,00i4,00v4,00V4,00Z4,00z4,00u0,00Y4,00W4,00j4,00w4,00y4,00u4,01u0,01U1,01Y1,01Z1,01z1,01y1,01w1,01W1,01V0,01X1,01x1,01k1,01j1,01i1,01V1,01v1,01u1,01i0,01j0,01k0,01u3,01v3,01i3,01V3,01Z3,01Y3,01U3,01X0,01U0,00U3,00X3,00k3,00x3,00z3,00y3,00u3,00k0,00X0,00U0,00U5,00X5,00k5,00x5,00z5,00y5,00w5,00j5,00W5,00Y5,00Z5,00V5,00i5,00v5,00u5,00Z0,00V0,00U1,00Y1,00Z1,00V1,00i1,00v1,00u1]
gb-trace iteration=18 subcycle id=C2 vertices=[00j1,00W1,00w1,00y1,00z1,00x1,00X1,00k1]
gb-trace iteration=18 subcycle id=C3 vertices=[00i3,00v3,00V3,00Z3,00Y3,00W3,00w3,00j3]
gb-trace iteration=18 subcycle id=C4 vertices=[01z0,01u4,01v4,01V4,01i4,01j4,01k4,01x4,01X4,01U4,01U2,01Y2,01W2,01w2,01y2,01u2,01W0,01U5,01Y5,01Z5,01V5,01v5,01u5,01Z0]
gb-trace iteration=18 subcycle id=C5 vertices=[01i2,01v2,01V2,01Z2,01z2,01x2,01X2,01k2,01j2]
gb-trace iteration=18 subcycle id=C6 vertices=[01j3,01k3,01X3,01x3,01z3,01y3,01w3,01W3]
gb-trace iteration=18 subcycle id=C7 vertices=[01w4,01W4,01Y4,01Z4,01z4,01y4]
gb-trace iteration=18 subcycle id=C8 vertices=[01i5,01j5,01W5,01w5,01y5,01z5,01x5,01X5,01k5]
gb-trace iteration=18 subcycle id=C9 vertices=[10i0,10u1,10y1,10w1,10j1,10W1,10Y1,10U1,10V0,10Z0,10u5,10v5,10i5,10V5,10Z5,10U0,10X0,10x3,10z3,10y3,10u3,10v3,10i3,10V3,10Z3,10Y3,10W3,10w3,10j3,10k3,10X3,10U3,11U0,11X0,11Z3,11z3,11x3,11k3,11X3,11U3,11Y3,11W3,11j3,11w3,11y3,11u3,11k0,11j0,11u2,11W0,11U5,11X5,11k5,11x5,11z5,11y5,11u5,11Z0,11z0,11u4,11u0,10u4,10v4,10V4,10i4,10j4,10k4,10X4,10x4,10z4,10y4,10w4,10W4,10u0,10Z4,10Y4,10U4,10U2,10X2,10k2,10x2,10z2,10y2,10u2,10j0,10k0]
gb-trace iteration=18 subcycle id=C10 vertices=[10W0,10Y2,10W2,10w2,10j2,10i2,10v2,10V2,10Z2]
gb-trace iteration=18 subcycle id=C11 vertices=[10i1,10k1,10X1,10x1,10z1,10Z1,10V1,10v1]
gb-trace iteration=18 subcycle id=C12 vertices=[10j5,10w5,10y5,10z5,10x5,10k5,10X5,10U5,10Y5,10W5]
gb-trace iteration=18 subcycle id=C13 vertices=[11i0,11V0,11u1]
gb-trace iteration=18 subcycle id=C14 vertices=[11i1,11v1,11V1,11Z1,11z1,11y1,11w1,11j1,11W1,11Y1,11U1,11X1,11x1,11k1]
gb-trace iteration=18 subcycle id=C15 vertices=[11i2,11v2,11V2,11Z2,11Y2,11U2,11X2,11x2,11z2,11y2,11w2,11W2,11j2,11k2]
gb-trace iteration=18 subcycle id=C16 vertices=[11i3,11V3,11v3]
gb-trace iteration=18 subcycle id=C17 vertices=[11i4,11j4,11W4,11w4,11y4,11z4,11x4,11k4,11X4,11U4,11Y4,11Z4,11V4,11v4]
gb-trace iteration=18 subcycle id=C18 vertices=[11i5,11v5,11V5,11Z5,11Y5,11W5,11w5,11j5]
gb-trace iteration=18 merge C1 + C2 = C19
gb-trace iteration=18 merge C17 + C9 = C20
gb-trace iteration=18 merge C16 + C20 = C21
gb-trace iteration=18 merge C15 + C21 = C22
gb-trace iteration=18 merge C14 + C13 = C23
gb-trace iteration=18 merge C22 + C10 = C24
gb-trace iteration=18 merge C12 + C24 = C25
gb-trace iteration=18 merge C11 + C25 = C26
gb-trace iteration=18 merge C4 + C5 = C27
gb-trace iteration=18 merge C19 + C6 = C28
gb-trace iteration=18 resulting id=C23 vertices=[11i1,11v1,11u1,11i0,11V0,11V1,11Z1,11z1,11y1,11w1,11j1,11W1,11Y1,11U1,11X1,11x1,11k1]
gb-trace iteration=18 resulting id=C18 vertices=[11i5,11v5,11V5,11Z5,11Y5,11W5,11w5,11j5]
gb-trace iteration=18 resulting id=C3 vertices=[00i3,00v3,00V3,00Z3,00Y3,00W3,00w3,00j3]
gb-trace iteration=18 resulting id=C8 vertices=[01i5,01j5,01W5,01w5,01y5,01z5,01x5,01X5,01k5]
gb-trace iteration=18 resulting id=C26 vertices=[10i1,10k1,10X1,10U1,10Y1,10W1,10j1,10w1,10y1,10u1,10i0,10k0,10j0,10u2,10y2,10W0,10Y2,10W2,10w2,10j2,10i2,10v2,10V2,10Z2,10z2,10x2,10k2,10X2,10U2,10U4,10Y4,10Z4,10u0,10W4,10w4,10y4,10z4,10x4,10X4,10k4,10j4,10i4,10V4,10v4,10u4,11u0,11w4,11W4,11j4,11i4,11v4,11V4,11Z4,11Y4,11U4,11X4,11k4,11x4,11z4,11y4,11u4,11z0,11Z0,11u5,11y5,11z5,11x5,11k5,11X5,11U5,11W0,11V2,11Z2,11Y2,11U2,11X2,11x2,11z2,11y2,11w2,11W2,11j2,11k2,11i2,11v2,11u2,11j0,11k0,11u3,11y3,11w3,11j3,11W3,11Y3,11U3,11X3,11k3,11x3,11z3,11Z3,11V3,11i3,11v3,11X0,11U0,10U3,10X3,10k3,10j3,10w3,10W3,10Y3,10Z3,10V3,10i3,10v3,10u3,10y3,10z3,10x3,10X0,10U0,10y5,10w5,10j5,10W5,10Y5,10U5,10X5,10k5,10x5,10z5,10Z5,10V5,10i5,10v5,10u5,10Z0,10V0,10x1,10z1,10Z1,10V1,10v1]
gb-trace iteration=18 resulting id=C27 vertices=[01z0,01u4,01v4,01V4,01i4,01j4,01k4,01x4,01X4,01U4,01U2,01Y2,01W2,01w2,01y2,01u2,01v2,01i2,01j2,01k2,01X2,01x2,01z2,01Z2,01V2,01W0,01U5,01Y5,01Z5,01V5,01v5,01u5,01Z0]
gb-trace iteration=18 resulting id=C7 vertices=[01w4,01W4,01Y4,01Z4,01z4,01y4]
gb-trace iteration=18 resulting id=C28 vertices=[00i0,00j0,00u2,00v2,00i2,00V2,00Z2,00W0,00Y2,00W2,00j2,00w2,00y2,00z2,00x2,00k2,00X2,00U2,00U4,00X4,00x4,00k4,00i4,00v4,00V4,00Z4,00z4,00u0,00Y4,00W4,00j4,00w4,00y4,00u4,01u0,01U1,01Y1,01Z1,01z1,01y1,01w1,01W1,01V0,01X1,01x1,01k1,01j1,01i1,01V1,01v1,01u1,01i0,01j0,01k0,01u3,01v3,01i3,01V3,01Z3,01Y3,01U3,01X3,01k3,01j3,01W3,01w3,01y3,01z3,01x3,01X0,01U0,00U3,00X3,00k3,00x3,00z3,00y3,00u3,00k0,00X0,00U0,00U5,00X5,00k5,00x5,00z5,00y5,00w5,00j5,00W5,00Y5,00Z5,00V5,00i5,00v5,00u5,00Z0,00V0,00x1,00z1,00y1,00w1,00W1,00j1,00k1,00X1,00U1,00Y1,00Z1,00V1,00i1,00v1,00u1]
cut arcs by clause length (length:number) = {4: 2, 12: 8, 18: 2, 30: 2, 44: 2}
number of added block clauses (this increment) = 16
number of added block clauses (accumulated) = 462
add block clauses time = 579.831us
increment time = 2.599718ms

CEGAR iteration...
cegar iteration = 19
sat solving time = 717.361us
number of subcycles found = 15
cycle lengths before merge (length:number) = {7: 1, 8: 2, 9: 5, 10: 1, 14: 1, 15: 1, 26: 1, 34: 1, 67: 1, 104: 1}
merge operation: 67 + 7 = 74
merge operation: 9 + 104 = 113
merge operation: 14 + 113 = 127
merge operation: 10 + 127 = 137
merge operation: 8 + 137 = 145
merge operation: 9 + 145 = 154
merge operation: 74 + 9 = 83
merge operation: 9 + 26 = 35
merge operation: 8 + 34 = 42
merge operation: 9 + 42 = 51
number of merge operations = 10
number of resulting cycles = 5
cycle lengths after merge (length:number) = {15: 1, 35: 1, 51: 1, 83: 1, 154: 1}
gb-trace iteration=19 subcycle id=C1 vertices=[00i0,00u1,00v1,00i1,00j1,00k1,00X1,00x1,00z1,00y1,00w1,00W1,00Y1,00Z1,00V1,00V0,00U1,00u0,00w4,00j4,00W4,00Y4,00Z4,00z4,00y4,00u4,00v4,00V4,00i4,00k4,00x4,00X4,00U4,00U2,00X2,00x2,00k2,00j2,00w2,00W2,00Y2,00W0,00U5,00X5,00k5,00x5,00z5,00y5,00w5,00j5,00W5,00Y5,00Z5,00V5,00i5,00v5,00u5,00U0,00X0,00U3,00Y3,00W3,00w3,00y3,00u3,00k0,00j0]
gb-trace iteration=19 subcycle id=C2 vertices=[00Z0,01z0,01u4,01y4,01w4,01W4,01Y4,01U4,01u0,01U1,01X1,01x1,01k1,01j1,01i1,01V1,01v1,01u1,01y1,01w1,01W1,01Y1,01Z1,01z1,01V0,01Z0]
gb-trace iteration=19 subcycle id=C3 vertices=[00i2,00v2,00u2,00y2,00z2,00Z2,00V2]
gb-trace iteration=19 subcycle id=C4 vertices=[00i3,00j3,00k3,00X3,00x3,00z3,00Z3,00V3,00v3]
gb-trace iteration=19 subcycle id=C5 vertices=[01i0,01k0,01u3,01v3,01i3,01V3,01Z3,01Y3,01U3,01X0,01U0,01Z5,01z5,01x5,01X5,01k5,01j5,01i5,01V5,01v5,01u5,01y5,01w5,01W5,01Y5,01U5,01W0,01U2,01Y2,01W2,01w2,01y2,01u2,01j0]
gb-trace iteration=19 subcycle id=C6 vertices=[01i2,01v2,01V2,01Z2,01z2,01x2,01X2,01k2,01j2]
gb-trace iteration=19 subcycle id=C7 vertices=[01j3,01k3,01X3,01x3,01z3,01y3,01w3,01W3]
gb-trace iteration=19 subcycle id=C8 vertices=[01i4,01v4,01V4,01Z4,01z4,01x4,01X4,01k4,01j4]
gb-trace iteration=19 subcycle id=C9 vertices=[10i0,10u1,10y1,10w1,10j1,10W1,10Y1,10U1,10V0,10Z0,10u5,10v5,10i5,10V5,10Z5,10U0,10X0,10x3,10z3,10y3,10u3,10v3,10i3,10V3,10Z3,10Y3,10W3,10w3,10j3,10k3,10X3,10U3,11U0,11X0,11Y3,11W3,11j3,11w3,11y3,11u3,11v3,11i3,11V3,11Z3,11z3,11x3,11k3,11X3,11U3,11z0,11Z0,11V0,11u1,11i0,11k0,11j0,11u2,11W0,11X2,11x2,11z2,11y2,11w2,11W2,11j2,11k2,11i2,11v2,11V2,11Z2,11Y2,11U2,11U4,11Y4,11Z4,11V4,11v4,11u4,11u0,10u4,10u0,10Z4,10V4,10v4,10i4,10j4,10k4,10X4,10x4,10z4,10y4,10w4,10W4,10Y4,10U4,10U2,10X2,10k2,10x2,10z2,10y2,10u2,10j0,10k0]
gb-trace iteration=19 subcycle id=C10 vertices=[10W0,10Y2,10W2,10w2,10j2,10i2,10v2,10V2,10Z2]
gb-trace iteration=19 subcycle id=C11 vertices=[10i1,10k1,10X1,10x1,10z1,10Z1,10V1,10v1]
gb-trace iteration=19 subcycle id=C12 vertices=[10j5,10w5,10y5,10z5,10x5,10k5,10X5,10U5,10Y5,10W5]
gb-trace iteration=19 subcycle id=C13 vertices=[11i1,11v1,11V1,11Z1,11z1,11y1,11w1,11j1,11W1,11Y1,11U1,11X1,11x1,11k1]
gb-trace iteration=19 subcycle id=C14 vertices=[11i4,11j4,11W4,11w4,11y4,11z4,11x4,11X4,11k4]
gb-trace iteration=19 subcycle id=C15 vertices=[11i5,11v5,11u5,11y5,11w5,11j5,11W5,11Y5,11U5,11X5,11k5,11x5,11z5,11Z5,11V5]
gb-trace iteration=19 merge C1 + C3 = C16
gb-trace iteration=19 merge C14 + C9 = C17
gb-trace iteration=19 merge C13 + C17 = C18
gb-trace iteration=19 merge C12 + C18 = C19
gb-trace iteration=19 merge C11 + C19 = C20
gb-trace iteration=19 merge C10 + C20 = C21
gb-trace iteration=19 merge C16 + C4 = C22
gb-trace iteration=19 merge C8 + C2 = C23
gb-trace iteration=19 merge C7 + C5 = C24
gb-trace iteration=19 merge C6 + C24 = C25
gb-trace iteration=19 resulting id=C23 vertices=[01i4,01v4,01V4,01Z4,01z4,01x4,01u0,01U1,01X1,01x1,01k1,01j1,01i1,01V1,01v1,01u1,01y1,01w1,01W1,01Y1,01Z1,01z1,01V0,01Z0,00Z0,01z0,01u4,01y4,01w4,01W4,01Y4,01U4,01X4,01k4,01j4]
gb-trace iteration=19 resulting id=C22 vertices=[00i0,00u1,00v1,00i1,00j1,00k1,00X1,00x1,00z1,00y1,00w1,00W1,00Y1,00Z1,00V1,00V0,00U1,00u0,00w4,00j4,00W4,00Y4,00Z4,00z4,00y4,00u4,00v4,00V4,00i4,00k4,00x4,00X4,00U4,00U2,00X2,00x2,00k2,00j2,00w2,00W2,00Y2,00Z2,00z2,00y2,00u2,00v2,00i2,00V2,00W0,00U5,00X5,00k5,00x5,00z5,00y5,00w5,00j5,00W5,00Y5,00Z5,00V5,00i5,00v5,00u5,00U0,00X0,00x3,00z3,00Z3,00V3,00v3,00i3,00j3,00k3,00X3,00U3,00Y3,00W3,00w3,00y3,00u3,00k0,00j0]
gb-trace iteration=19 resulting id=C15 vertices=[11i5,11v5,11u5,11y5,11w5,11j5,11W5,11Y5,11U5,11X5,11k5,11x5,11z5,11Z5,11V5]
gb-trace iteration=19 resulting id=C21 vertices=[10W0,10X2,10k2,10x2,10z2,10y2,10u2,10j0,10k0,10i0,10u1,10y1,10w1,10j1,10W1,10Y1,10U1,10X1,10k1,10i1,10v1,10V1,10Z1,10z1,10x1,10V0,10Z0,10u5,10v5,10i5,10V5,10Z5,10z5,10x5,10k5,10X5,10U5,10Y5,10W5,10j5,10w5,10y5,10U0,10X0,10x3,10z3,10y3,10u3,10v3,10i3,10V3,10Z3,10Y3,10W3,10w3,10j3,10k3,10X3,10U3,11U0,11X0,11Y3,11W3,11j3,11w3,11y3,11u3,11v3,11i3,11V3,11Z3,11z3,11x3,11k3,11X3,11U3,11z0,11Z0,11V0,11V1,11Z1,11z1,11y1,11w1,11j1,11W1,11Y1,11U1,11X1,11x1,11k1,11i1,11v1,11u1,11i0,11k0,11j0,11u2,11W0,11X2,11x2,11z2,11y2,11w2,11W2,11j2,11k2,11i2,11v2,11V2,11Z2,11Y2,11U2,11U4,11Y4,11Z4,11V4,11v4,11u4,11y4,11z4,11x4,11X4,11k4,11i4,11j4,11W4,11w4,11u0,10u4,10u0,10Z4,10V4,10v4,10i4,10j4,10k4,10X4,10x4,10z4,10y4,10w4,10W4,10Y4,10U4,10U2,10Y2,10W2,10w2,10j2,10i2,10v2,10V2,10Z2]
gb-trace iteration=19 resulting id=C25 vertices=[01i2,01v2,01V2,01Z2,01z2,01x2,01W0,01U5,01Y5,01W5,01w5,01y5,01u5,01v5,01V5,01i5,01j5,01k5,01X5,01x5,01z5,01Z5,01U0,01X0,01x3,01z3,01y3,01w3,01W3,01j3,01k3,01X3,01U3,01Y3,01Z3,01V3,01i3,01v3,01u3,01k0,01i0,01j0,01u2,01y2,01w2,01W2,01Y2,01U2,01X2,01k2,01j2]
cut arcs by clause length (length:number) = {6: 4, 8: 2, 14: 2, 16: 2}
number of added block clauses (this increment) = 10
number of added block clauses (accumulated) = 472
add block clauses time = 463.233us
increment time = 1.180594ms

CEGAR iteration...
cegar iteration = 20
sat solving time = 2.077598ms
number of subcycles found = 18
cycle lengths before merge (length:number) = {3: 4, 8: 3, 9: 3, 13: 1, 14: 3, 31: 1, 56: 1, 58: 1, 75: 1}
merge operation: 31 + 3 = 34
merge operation: 14 + 56 = 70
merge operation: 34 + 14 = 48
merge operation: 9 + 58 = 67
merge operation: 75 + 14 = 89
merge operation: 8 + 67 = 75
merge operation: 13 + 70 = 83
merge operation: 48 + 3 = 51
merge operation: 9 + 89 = 98
merge operation: 8 + 98 = 106
merge operation: 9 + 106 = 115
merge operation: 3 + 115 = 118
number of merge operations = 12
number of resulting cycles = 6
cycle lengths after merge (length:number) = {3: 1, 8: 1, 51: 1, 75: 1, 83: 1, 118: 1}
gb-trace iteration=20 subcycle id=C1 vertices=[00i0,00V0,00U1,00u0,00z4,00Z4,00V4,00i4,00v4,00u4,00y4,00w4,00j4,00W4,00Y4,00U4,00U2,00X2,00x2,00k2,00j2,00w2,00y2,00z2,00Z2,00V2,00i2,00v2,00u2,00j0,00k0]
gb-trace iteration=20 subcycle id=C2 vertices=[00U0,00X0,00U3,01U0,01Z5,01z5,01x5,01X5,01k5,01j5,01i5,01V5,01v5,01u5,01y5,01w5,01W5,01Y5,01U5,01W0,01U2,01Y2,01W2,01w2,01y2,01u2,01j0,01i0,01k0,01X0,01u3,01v3,01i3,01V3,01Z3,01Y3,01U3,01z0,01u4,01y4,01w4,01W4,01Y4,01U4,01u0,01U1,01X1,01x1,01k1,01j1,01i1,01V1,01v1,01u1,01y1,01w1,01W1,01Y1,01Z1,01z1,01V0,01Z0,00Z0,00u5,00y5,00z5,00Z5,00V5,00v5,00i5,00k5,00x5,00X5,00U5,00Y5]
gb-trace iteration=20 subcycle id=C3 vertices=[00W0,00W2,00Y2]
gb-trace iteration=20 subcycle id=C4 vertices=[00i1,00V1,00Z1,00Y1,00W1,00w1,00j1,00k1,00X1,00x1,00z1,00y1,00u1,00v1]
gb-trace iteration=20 subcycle id=C5 vertices=[00i3,00j3,00k3,00X3,00x3,00z3,00Z3,00Y3,00W3,00w3,00y3,00u3,00v3,00V3]
gb-trace iteration=20 subcycle id=C6 vertices=[00k4,00x4,00X4]
gb-trace iteration=20 subcycle id=C7 vertices=[00j5,00W5,00w5]
gb-trace iteration=20 subcycle id=C8 vertices=[01i2,01v2,01V2,01Z2,01z2,01x2,01X2,01k2,01j2]
gb-trace iteration=20 subcycle id=C9 vertices=[01j3,01k3,01X3,01x3,01z3,01y3,01w3,01W3]
gb-trace iteration=20 subcycle id=C10 vertices=[01i4,01v4,01V4,01Z4,01z4,01x4,01X4,01k4,01j4]
gb-trace iteration=20 subcycle id=C11 vertices=[10i0,10V0,10u1,10y1,10w1,10j1,10W1,10Y1,10U1,10u0,10u4,10y4,10w4,10W4,10Y4,10U4,10U2,10Y2,10W2,10w2,10y2,10u2,10v2,10V2,10i2,10j2,10k2,10X2,10x2,10z2,10Z2,10W0,10U5,10Y5,10W5,10w5,10y5,10u5,10v5,10i5,10j5,10k5,10X5,10x5,10z5,10Z5,10V5,10U0,10X0,10v3,10i3,10V3,10Z3,10z3,10y3,10u3,10k0,10j0]
gb-trace iteration=20 subcycle id=C12 vertices=[10Z0,11z0,11Z0]
gb-trace iteration=20 subcycle id=C13 vertices=[10i1,10k1,10X1,10x1,10z1,10Z1,10V1,10v1]
gb-trace iteration=20 subcycle id=C14 vertices=[10j3,10k3,10x3,10X3,10U3,10Y3,10W3,10w3]
gb-trace iteration=20 subcycle id=C15 vertices=[10i4,10j4,10k4,10X4,10x4,10z4,10Z4,10V4,10v4]
gb-trace iteration=20 subcycle id=C16 vertices=[11i0,11u1,11V0,11W1,11j1,11w1,11y1,11z1,11x1,11X1,11k1,11i1,11v1,11V1,11Z1,11Y1,11U1,11u0,11Y4,11U4,11U2,11X2,11x2,11z2,11Z2,11Y2,11W2,11j2,11k2,11i2,11V2,11v2,11u2,11y2,11w2,11W0,11U5,11Y5,11W5,11j5,11k5,11X5,11x5,11z5,11Z5,11V5,11i5,11v5,11u5,11y5,11w5,11U0,11X0,11u3,11k0,11j0]
gb-trace iteration=20 subcycle id=C17 vertices=[11i3,11k3,11x3,11X3,11U3,11Y3,11W3,11j3,11w3,11y3,11z3,11Z3,11V3,11v3]
gb-trace iteration=20 subcycle id=C18 vertices=[11i4,11k4,11X4,11x4,11z4,11Z4,11V4,11v4,11u4,11y4,11w4,11W4,11j4]
gb-trace iteration=20 merge C1 + C3 = C19
gb-trace iteration=20 merge C17 + C16 = C20
gb-trace iteration=20 merge C19 + C4 = C21
gb-trace iteration=20 merge C15 + C11 = C22
gb-trace iteration=20 merge C2 + C5 = C23
gb-trace iteration=20 merge C13 + C22 = C24
gb-trace iteration=20 merge C18 + C20 = C25
gb-trace iteration=20 merge C21 + C6 = C26
gb-trace iteration=20 merge C10 + C23 = C27
gb-trace iteration=20 merge C9 + C27 = C28
gb-trace iteration=20 merge C8 + C28 = C29
gb-trace iteration=20 merge C7 + C29 = C30
gb-trace iteration=20 resulting id=C14 vertices=[10j3,10k3,10x3,10X3,10U3,10Y3,10W3,10w3]
gb-trace iteration=20 resulting id=C12 vertices=[10Z0,11z0,11Z0]
gb-trace iteration=20 resulting id=C25 vertices=[11i4,11k4,11X4,11x4,11z4,11u0,11U1,11Y1,11Z1,11V1,11v1,11i1,11k1,11X1,11x1,11z1,11y1,11w1,11j1,11W1,11V0,11u1,11i0,11j0,11k0,11u3,11y3,11z3,11Z3,11V3,11v3,11i3,11k3,11x3,11X3,11U3,11Y3,11W3,11j3,11w3,11X0,11U0,11w5,11y5,11u5,11v5,11i5,11V5,11Z5,11z5,11x5,11X5,11k5,11j5,11W5,11Y5,11U5,11W0,11w2,11y2,11u2,11v2,11V2,11i2,11k2,11j2,11W2,11Y2,11Z2,11z2,11x2,11X2,11U2,11U4,11Y4,11Z4,11V4,11v4,11u4,11y4,11w4,11W4,11j4]
gb-trace iteration=20 resulting id=C24 vertices=[10i1,10k1,10X1,10x1,10z1,10Z1,10V1,10V0,10i0,10j0,10k0,10u3,10y3,10z3,10Z3,10V3,10i3,10v3,10X0,10U0,10V5,10Z5,10z5,10x5,10X5,10k5,10j5,10i5,10v5,10u5,10y5,10w5,10W5,10Y5,10U5,10W0,10Z2,10z2,10x2,10X2,10k2,10j2,10i2,10V2,10v2,10u2,10y2,10w2,10W2,10Y2,10U2,10U4,10Y4,10W4,10w4,10y4,10u4,10v4,10i4,10j4,10k4,10X4,10x4,10z4,10Z4,10V4,10u0,10U1,10Y1,10W1,10j1,10w1,10y1,10u1,10v1]
gb-trace iteration=20 resulting id=C26 vertices=[00i0,00u1,00y1,00z1,00x1,00X1,00k1,00j1,00w1,00W1,00Y1,00Z1,00V1,00i1,00v1,00V0,00U1,00u0,00X4,00k4,00x4,00z4,00Z4,00V4,00i4,00v4,00u4,00y4,00w4,00j4,00W4,00Y4,00U4,00U2,00Y2,00W2,00W0,00X2,00x2,00k2,00j2,00w2,00y2,00z2,00Z2,00V2,00i2,00v2,00u2,00j0,00k0]
gb-trace iteration=20 resulting id=C30 vertices=[00j5,00W5,00Y5,00U5,00X5,00x5,00k5,00i5,00v5,00V5,00Z5,00z5,00y5,00u5,00Z0,01Z0,01V0,01z1,01Z1,01Y1,01W1,01w1,01y1,01u1,01v1,01V1,01i1,01j1,01k1,01x1,01X1,01U1,01u0,01x4,01z4,01Z4,01V4,01v4,01i4,01j4,01k4,01X4,01U4,01Y4,01W4,01w4,01y4,01u4,01z0,01U3,01Y3,01Z3,01V3,01i3,01v3,01u3,01y3,01w3,01W3,01j3,01k3,01X3,01x3,01z3,01X0,01k0,01i0,01j0,01u2,01y2,01w2,01W2,01Y2,01U2,01X2,01k2,01j2,01i2,01v2,01V2,01Z2,01z2,01x2,01W0,01U5,01Y5,01W5,01w5,01y5,01u5,01v5,01V5,01i5,01j5,01k5,01X5,01x5,01z5,01Z5,01U0,00U3,00X3,00k3,00j3,00i3,00V3,00v3,00u3,00y3,00w3,00W3,00Y3,00Z3,00z3,00x3,00X0,00U0,00w5]
cut arcs by clause length (length:number) = {6: 8, 12: 2, 16: 2}
number of added block clauses (this increment) = 12
number of added block clauses (accumulated) = 484
add block clauses time = 485.778us
increment time = 2.563376ms

CEGAR iteration...
cegar iteration = 21
sat solving time = 1.876772ms
number of subcycles found = 23
cycle lengths before merge (length:number) = {3: 3, 6: 4, 7: 1, 8: 6, 9: 4, 10: 1, 11: 1, 14: 1, 82: 1, 97: 1}
merge operation: 82 + 6 = 88
merge operation: 8 + 97 = 105
merge operation: 6 + 105 = 111
merge operation: 9 + 111 = 120
merge operation: 3 + 88 = 91
merge operation: 10 + 120 = 130
merge operation: 7 + 130 = 137
merge operation: 9 + 91 = 100
merge operation: 8 + 137 = 145
merge operation: 100 + 6 = 106
merge operation: 14 + 106 = 120
merge operation: 3 + 120 = 123
merge operation: 8 + 123 = 131
merge operation: 9 + 131 = 140
merge operation: 11 + 140 = 151
number of merge operations = 15
number of resulting cycles = 8
cycle lengths after merge (length:number) = {3: 1, 6: 1, 8: 3, 9: 1, 145: 1, 151: 1}
gb-trace iteration=21 subcycle id=C1 vertices=[00i0,00V0,00Z0,00u5,00y5,00z5,00Z5,00V5,00v5,00i5,00k5,00x5,00X5,00U5,00Y5,00U0,00X0,00U3,01U0,01Z5,01z5,01x5,01X5,01k5,01j5,01i5,01V5,01v5,01u5,01y5,01w5,01W5,01Y5,01U5,01W0,01U2,01Y2,01W2,01w2,01y2,01u2,01j0,01i0,01k0,01X0,01u3,01v3,01i3,01V3,01Z3,01Y3,01U3,01z0,01Z0,01V0,01x1,01k1,01X1,01U1,01u0,00u4,00y4,00w4,00j4,00W4,00Y4,00U4,00U2,00X2,00x2,00k2,00j2,00w2,00y2,00z2,00Z2,00V2,00i2,00v2,00u2,00j0,00k0]
gb-trace iteration=21 subcycle id=C2 vertices=[00u0,00z4,00Z4,00V4,00i4,00v4]
gb-trace iteration=21 subcycle id=C3 vertices=[00W0,00W2,00Y2]
gb-trace iteration=21 subcycle id=C4 vertices=[00i1,00k1,00j1,00W1,00w1,00y1,00u1,00v1,00V1]
gb-trace iteration=21 subcycle id=C5 vertices=[00x1,00z1,00Z1,00Y1,00U1,00X1]
gb-trace iteration=21 subcycle id=C6 vertices=[00i3,00j3,00k3,00X3,00x3,00z3,00Z3,00Y3,00W3,00w3,00y3,00u3,00v3,00V3]
gb-trace iteration=21 subcycle id=C7 vertices=[00k4,00x4,00X4]
gb-trace iteration=21 subcycle id=C8 vertices=[00j5,00W5,00w5]
gb-trace iteration=21 subcycle id=C9 vertices=[01i1,01V1,01v1,01u1,01y1,01z1,01Z1,01Y1,01W1,01w1,01j1]
gb-trace iteration=21 subcycle id=C10 vertices=[01i2,01v2,01V2,01Z2,01z2,01x2,01X2,01k2,01j2]
gb-trace iteration=21 subcycle id=C11 vertices=[01j3,01k3,01X3,01x3,01z3,01y3,01w3,01W3]
gb-trace iteration=21 subcycle id=C12 vertices=[01i4,01j4,01w4,01W4,01Y4,01U4,01X4,01x4,01k4]
gb-trace iteration=21 subcycle id=C13 vertices=[01u4,01y4,01z4,01Z4,01V4,01v4]
gb-trace iteration=21 subcycle id=C14 vertices=[10i0,10u1,10y1,10w1,10j1,10W1,10Y1,10U1,10V0,10Z0,11z0,11u4,11v4,11i4,11V4,11Z4,11Y4,11U4,11U2,11X2,11x2,11z2,11y2,11u2,11j0,11k0,11X0,11U0,11U5,11Y5,11Z5,11V5,11i5,11v5,11u5,11Z0,11V0,11i0,11u1,11y1,11z1,11x1,11k1,11X1,11U1,11u0,10u4,10u0,10w4,10y4,10z4,10x4,10k4,10X4,10U4,10U2,10Y2,10W2,10j2,10w2,10y2,10u2,10j0,10W0,10U5,10Y5,10W5,10w5,10y5,10u5,10v5,10i5,10j5,10k5,10X5,10x5,10z5,10Z5,10V5,10U0,10X0,10Z3,10Y3,10U3,10X3,10k3,10x3,10z3,10y3,10w3,10W3,10j3,10i3,10V3,10v3,10u3,10k0]
gb-trace iteration=21 subcycle id=C15 vertices=[10i1,10k1,10X1,10x1,10z1,10Z1,10V1,10v1]
gb-trace iteration=21 subcycle id=C16 vertices=[10i2,10k2,10X2,10x2,10z2,10Z2,10V2,10v2]
gb-trace iteration=21 subcycle id=C17 vertices=[10i4,10v4,10V4,10Z4,10Y4,10W4,10j4]
gb-trace iteration=21 subcycle id=C18 vertices=[11W0,11Z2,11Y2,11W2,11w2,11j2,11k2,11i2,11V2,11v2]
gb-trace iteration=21 subcycle id=C19 vertices=[11i1,11j1,11w1,11W1,11Y1,11Z1,11V1,11v1]
gb-trace iteration=21 subcycle id=C20 vertices=[11i3,11k3,11x3,11X3,11U3,11Y3,11W3,11w3,11j3]
gb-trace iteration=21 subcycle id=C21 vertices=[11u3,11y3,11z3,11Z3,11V3,11v3]
gb-trace iteration=21 subcycle id=C22 vertices=[11j4,11k4,11X4,11x4,11z4,11y4,11w4,11W4]
gb-trace iteration=21 subcycle id=C23 vertices=[11j5,11W5,11w5,11y5,11z5,11x5,11X5,11k5]
gb-trace iteration=21 merge C1 + C2 = C24
gb-trace iteration=21 merge C23 + C14 = C25
gb-trace iteration=21 merge C21 + C25 = C26
gb-trace iteration=21 merge C20 + C26 = C27
gb-trace iteration=21 merge C3 + C24 = C28
gb-trace iteration=21 merge C18 + C27 = C29
gb-trace iteration=21 merge C17 + C29 = C30
gb-trace iteration=21 merge C4 + C28 = C31
gb-trace iteration=21 merge C15 + C30 = C32
gb-trace iteration=21 merge C31 + C5 = C33
gb-trace iteration=21 merge C6 + C33 = C34
gb-trace iteration=21 merge C8 + C34 = C35
gb-trace iteration=21 merge C11 + C35 = C36
gb-trace iteration=21 merge C10 + C36 = C37
gb-trace iteration=21 merge C9 + C37 = C38
gb-trace iteration=21 resulting id=C22 vertices=[11j4,11k4,11X4,11x4,11z4,11y4,11w4,11W4]
gb-trace iteration=21 resulting id=C19 vertices=[11i1,11j1,11w1,11W1,11Y1,11Z1,11V1,11v1]
gb-trace iteration=21 resulting id=C16 vertices=[10i2,10k2,10X2,10x2,10z2,10Z2,10V2,10v2]
gb-trace iteration=21 resulting id=C13 vertices=[01u4,01y4,01z4,01Z4,01V4,01v4]
gb-trace iteration=21 resulting id=C32 vertices=[10i1,10k1,10X1,10U1,10Y1,10W1,10j1,10w1,10y1,10u1,10i0,10k0,10u3,10v3,10V3,10i3,10j3,10W3,10w3,10y3,10z3,10x3,10k3,10X3,10U3,10Y3,10Z3,10X0,10U0,10V5,10Z5,10z5,10x5,10X5,10k5,10j5,10i5,10v5,10u5,10y5,10w5,10W5,10Y5,10U5,10W0,10j0,10u2,10y2,10w2,10j2,10W2,10Y2,10U2,10U4,10X4,10k4,10x4,10z4,10y4,10w4,10u0,10V4,10Z4,10Y4,10W4,10j4,10i4,10v4,10u4,11u0,11U1,11X1,11k1,11x1,11z1,11y1,11u1,11i0,11V0,11Z0,11u5,11v5,11i5,11V5,11Z5,11Y5,11U5,11X5,11k5,11j5,11W5,11w5,11y5,11z5,11x5,11U0,11X0,11W3,11Y3,11U3,11X3,11x3,11k3,11i3,11j3,11w3,11y3,11z3,11Z3,11V3,11v3,11u3,11k0,11j0,11u2,11y2,11z2,11Z2,11Y2,11W2,11w2,11j2,11k2,11i2,11V2,11v2,11W0,11x2,11X2,11U2,11U4,11Y4,11Z4,11V4,11i4,11v4,11u4,11z0,10Z0,10V0,10x1,10z1,10Z1,10V1,10v1]
gb-trace iteration=21 resulting id=C12 vertices=[01i4,01j4,01w4,01W4,01Y4,01U4,01X4,01x4,01k4]
gb-trace iteration=21 resulting id=C7 vertices=[00k4,00x4,00X4]
gb-trace iteration=21 resulting id=C38 vertices=[01i1,01V1,01v1,01u1,01y1,01V0,01Z0,01z0,01U3,01Y3,01Z3,01V3,01i3,01v3,01u3,01y3,01w3,01W3,01j3,01k3,01X3,01x3,01z3,01X0,01k0,01i0,01j0,01u2,01y2,01w2,01W2,01Y2,01U2,01X2,01k2,01j2,01i2,01v2,01V2,01Z2,01z2,01x2,01W0,01U5,01Y5,01W5,01w5,01y5,01u5,01v5,01V5,01i5,01j5,01k5,01X5,01x5,01z5,01Z5,01U0,00U3,00X3,00k3,00j3,00i3,00V3,00v3,00u3,00y3,00w3,00W3,00Y3,00Z3,00z3,00x3,00X0,00U0,00w5,00j5,00W5,00Y5,00U5,00X5,00x5,00k5,00i5,00v5,00V5,00Z5,00z5,00y5,00u5,00Z0,00V0,00Z1,00Y1,00U1,00X1,00x1,00z1,00y1,00w1,00W1,00j1,00k1,00i1,00V1,00v1,00u1,00i0,00k0,00j0,00u2,00v2,00i2,00V2,00Z2,00z2,00y2,00w2,00W0,00Y2,00W2,00j2,00k2,00x2,00X2,00U2,00U4,00Y4,00W4,00j4,00w4,00y4,00z4,00Z4,00V4,00i4,00v4,00u0,00u4,01u0,01U1,01X1,01k1,01x1,01z1,01Z1,01Y1,01W1,01w1,01j1]
cut arcs by clause length (length:number) = {6: 2, 12: 10, 22: 2, 38: 2}
number of added block clauses (this increment) = 16
number of added block clauses (accumulated) = 500
add block clauses time = 606.676us
increment time = 2.483448ms

CEGAR iteration...
cegar iteration = 22
sat solving time = 2.468647ms
number of subcycles found = 22
cycle lengths before merge (length:number) = {3: 2, 6: 1, 7: 3, 8: 3, 9: 7, 11: 1, 14: 1, 24: 1, 39: 1, 49: 1, 81: 1}
merge operation: 49 + 7 = 56
merge operation: 81 + 9 = 90
merge operation: 8 + 39 = 47
merge operation: 14 + 56 = 70
merge operation: 24 + 9 = 33
merge operation: 90 + 3 = 93
merge operation: 11 + 93 = 104
merge operation: 70 + 8 = 78
merge operation: 9 + 8 = 17
number of merge operations = 9
number of resulting cycles = 13
cycle lengths after merge (length:number) = {3: 1, 6: 1, 7: 2, 9: 4, 17: 1, 33: 1, 47: 1, 78: 1, 104: 1}
gb-trace iteration=22 subcycle id=C1 vertices=[00i0,00j0,00W0,00X2,00x2,00k2,00j2,00w2,00W2,00Y2,00U2,00U4,00Y4,00W4,00w4,00y4,00u4,01u0,01U1,01X1,01x1,01k1,01j1,01i1,01V1,01v1,01u1,01y1,01z1,01Z1,01Y1,01W1,01w1,01V0,01i0,01j0,01k0,01u3,01v3,01i3,01V3,01Z3,01Y3,01U3,01X0,01U0,00U3,00X0,00k0]
gb-trace iteration=22 subcycle id=C2 vertices=[00u0,10u0,10U1,10X1,10k1,10x1,10z1,10Z1,10Y1,10W1,10j1,10i1,10V1,10v1,10u1,10y1,10w1,10V0,10i0,10j0,10u2,10v2,10V2,10i2,10k2,10x2,10X2,10W0,10Z2,10z2,10y2,10w2,10j2,10W2,10Y2,10U2,10U4,10X4,10x4,10z4,10y4,10u4,11u0,11U1,11X1,11x1,11k1,11i1,11V1,11v1,11u1,11i0,11V0,11Z0,10Z0,10u5,10U0,00U0,00U5,00X5,00x5,00z5,00y5,00u5,00Z0,00V0,00y1,00u1,00v1,00V1,00i1,00j1,00w1,00W1,00Y1,00Z1,00z1,00x1,00k1,00X1,00U1]
gb-trace iteration=22 subcycle id=C3 vertices=[00i2,00v2,00u2,00y2,00z2,00Z2,00V2]
gb-trace iteration=22 subcycle id=C4 vertices=[00i3,00j3,00k3,00X3,00x3,00z3,00Z3,00Y3,00W3,00w3,00y3,00u3,00v3,00V3]
gb-trace iteration=22 subcycle id=C5 vertices=[00i4,00j4,00k4,00X4,00x4,00z4,00Z4,00V4,00v4]
gb-trace iteration=22 subcycle id=C6 vertices=[00i5,00v5,00V5,00Z5,00Y5,00W5,00w5,00j5,00k5]
gb-trace iteration=22 subcycle id=C7 vertices=[01z0,01u4,01y4,01z4,01x4,01X4,01U4,01U2,01Y2,01W2,01w2,01y2,01u2,01W0,01U5,01X5,01x5,01k5,01j5,01i5,01V5,01v5,01u5,01Z0]
gb-trace iteration=22 subcycle id=C8 vertices=[01i2,01v2,01V2,01Z2,01z2,01x2,01X2,01k2,01j2]
gb-trace iteration=22 subcycle id=C9 vertices=[01j3,01k3,01X3,01x3,01z3,01y3,01w3,01W3]
gb-trace iteration=22 subcycle id=C10 vertices=[01i4,01k4,01j4,01w4,01W4,01Y4,01Z4,01V4,01v4]
gb-trace iteration=22 subcycle id=C11 vertices=[01w5,01y5,01z5,01Z5,01Y5,01W5]
gb-trace iteration=22 subcycle id=C12 vertices=[10k0,10u3,10y3,10z3,10x3,10k3,10X3,10U3,10X0]
gb-trace iteration=22 subcycle id=C13 vertices=[10i3,10j3,10w3,10W3,10Y3,10Z3,10V3,10v3]
gb-trace iteration=22 subcycle id=C14 vertices=[10i4,10k4,10j4,10w4,10W4,10Y4,10Z4,10V4,10v4]
gb-trace iteration=22 subcycle id=C15 vertices=[10i5,10V5,10v5]
gb-trace iteration=22 subcycle id=C16 vertices=[10j5,10W5,10w5,10y5,10z5,10Z5,10Y5,10U5,10X5,10x5,10k5]
gb-trace iteration=22 subcycle id=C17 vertices=[11j0,11W0,11U5,11Y5,11W5,11w5,11y5,11u5,11v5,11U0,11X0,11k0,11u3,11v3,11V3,11i3,11k3,11x3,11X3,11U3,11z0,11u4,11v4,11V4,11Z4,11Y4,11U4,11U2,11X2,11x2,11k2,11j2,11w2,11W2,11Y2,11Z2,11z2,11y2,11u2]
gb-trace iteration=22 subcycle id=C18 vertices=[11j1,11W1,11Y1,11Z1,11z1,11y1,11w1]
gb-trace iteration=22 subcycle id=C19 vertices=[11i2,11V2,11v2]
gb-trace iteration=22 subcycle id=C20 vertices=[11j3,11W3,11Y3,11Z3,11z3,11y3,11w3]
gb-trace iteration=22 subcycle id=C21 vertices=[11i4,11j4,11W4,11w4,11y4,11z4,11x4,11X4,11k4]
gb-trace iteration=22 subcycle id=C22 vertices=[11i5,11j5,11k5,11X5,11x5,11z5,11Z5,11V5]
gb-trace iteration=22 merge C1 + C3 = C23
gb-trace iteration=22 merge C2 + C6 = C24
gb-trace iteration=22 merge C22 + C17 = C25
gb-trace iteration=22 merge C4 + C23 = C26
gb-trace iteration=22 merge C7 + C8 = C27
gb-trace iteration=22 merge C24 + C15 = C28
gb-trace iteration=22 merge C16 + C28 = C29
gb-trace iteration=22 merge C26 + C9 = C30
gb-trace iteration=22 merge C12 + C13 = C31
gb-trace iteration=22 resulting id=C21 vertices=[11i4,11j4,11W4,11w4,11y4,11z4,11x4,11X4,11k4]
gb-trace iteration=22 resulting id=C20 vertices=[11j3,11W3,11Y3,11Z3,11z3,11y3,11w3]
gb-trace iteration=22 resulting id=C19 vertices=[11i2,11V2,11v2]
gb-trace iteration=22 resulting id=C18 vertices=[11j1,11W1,11Y1,11Z1,11z1,11y1,11w1]
gb-trace iteration=22 resulting id=C5 vertices=[00i4,00j4,00k4,00X4,00x4,00z4,00Z4,00V4,00v4]
gb-trace iteration=22 resulting id=C25 vertices=[11i5,11j5,11k5,11X5,11x5,11z5,11Z5,11U0,11X0,11k0,11u3,11v3,11V3,11i3,11k3,11x3,11X3,11U3,11z0,11u4,11v4,11V4,11Z4,11Y4,11U4,11U2,11X2,11x2,11k2,11j2,11w2,11W2,11Y2,11Z2,11z2,11y2,11u2,11j0,11W0,11U5,11Y5,11W5,11w5,11y5,11u5,11v5,11V5]
gb-trace iteration=22 resulting id=C27 vertices=[01z0,01u4,01y4,01z4,01x4,01X4,01U4,01U2,01Y2,01W2,01w2,01y2,01u2,01v2,01i2,01j2,01k2,01X2,01x2,01z2,01Z2,01V2,01W0,01U5,01X5,01x5,01k5,01j5,01i5,01V5,01v5,01u5,01Z0]
gb-trace iteration=22 resulting id=C14 vertices=[10i4,10k4,10j4,10w4,10W4,10Y4,10Z4,10V4,10v4]
gb-trace iteration=22 resulting id=C29 vertices=[10j5,10W5,10w5,10y5,10z5,10U0,00U0,00Z5,00V5,00v5,00i5,00k5,00j5,00w5,00W5,00Y5,00U5,00X5,00x5,00z5,00y5,00u5,00Z0,00V0,00y1,00u1,00v1,00V1,00i1,00j1,00w1,00W1,00Y1,00Z1,00z1,00x1,00k1,00X1,00U1,00u0,10u0,10U1,10X1,10k1,10x1,10z1,10Z1,10Y1,10W1,10j1,10i1,10V1,10v1,10u1,10y1,10w1,10V0,10i0,10j0,10u2,10v2,10V2,10i2,10k2,10x2,10X2,10W0,10Z2,10z2,10y2,10w2,10j2,10W2,10Y2,10U2,10U4,10X4,10x4,10z4,10y4,10u4,11u0,11U1,11X1,11x1,11k1,11i1,11V1,11v1,11u1,11i0,11V0,11Z0,10Z0,10u5,10v5,10i5,10V5,10Z5,10Y5,10U5,10X5,10x5,10k5]
gb-trace iteration=22 resulting id=C10 vertices=[01i4,01k4,01j4,01w4,01W4,01Y4,01Z4,01V4,01v4]
gb-trace iteration=22 resulting id=C11 vertices=[01w5,01y5,01z5,01Z5,01Y5,01W5]
gb-trace iteration=22 resulting id=C30 vertices=[00i3,00j3,00k3,00X3,00U3,01U0,01X0,01x3,01z3,01y3,01w3,01W3,01j3,01k3,01X3,01U3,01Y3,01Z3,01V3,01i3,01v3,01u3,01k0,01j0,01i0,01V0,01w1,01W1,01Y1,01Z1,01z1,01y1,01u1,01v1,01V1,01i1,01j1,01k1,01x1,01X1,01U1,01u0,00u4,00y4,00w4,00W4,00Y4,00U4,00U2,00Y2,00W2,00w2,00j2,00k2,00x2,00X2,00W0,00y2,00z2,00Z2,00V2,00i2,00v2,00u2,00j0,00i0,00k0,00X0,00x3,00z3,00Z3,00Y3,00W3,00w3,00y3,00u3,00v3,00V3]
gb-trace iteration=22 resulting id=C31 vertices=[10k0,10u3,10y3,10z3,10x3,10k3,10X3,10U3,10Y3,10W3,10w3,10j3,10i3,10v3,10V3,10Z3,10X0]
cut arcs by clause length (length:number) = {4: 2, 6: 2, 12: 14, 30: 2, 36: 2, 44: 2, 62: 2}
number of added block clauses (this increment) = 26
number of added block clauses (accumulated) = 526
add block clauses time = 584.839us
increment time = 3.053486ms

CEGAR iteration...
cegar iteration = 23
sat solving time = 1.940225ms
number of subcycles found = 25
cycle lengths before merge (length:number) = {3: 2, 6: 2, 7: 4, 8: 6, 9: 2, 11: 1, 13: 1, 14: 2, 15: 1, 18: 1, 22: 1, 51: 1, 68: 1}
merge operation: 51 + 14 = 65
merge operation: 8 + 68 = 76
merge operation: 8 + 76 = 84
merge operation: 15 + 65 = 80
merge operation: 8 + 18 = 26
merge operation: 3 + 26 = 29
merge operation: 80 + 8 = 88
merge operation: 11 + 88 = 99
merge operation: 22 + 6 = 28
merge operation: 14 + 8 = 22
merge operation: 7 + 22 = 29
merge operation: 13 + 29 = 42
merge operation: 8 + 42 = 50
number of merge operations = 13
number of resulting cycles = 12
cycle lengths after merge (length:number) = {3: 1, 6: 1, 7: 3, 9: 2, 28: 1, 29: 1, 50: 1, 84: 1, 99: 1}
gb-trace iteration=23 subcycle id=C1 vertices=[00i0,00u1,00V0,00Z0,00u5,00v5,00V5,00Z5,00Y5,00U5,00W0,00X2,00x2,00k2,00j2,00w2,00W2,00Y2,00U2,00U4,00Y4,00W4,00w4,00y4,00u4,00v4,00u0,10u0,10U1,10X1,10k1,10x1,10z1,10Z1,10Y1,10W1,10j1,10i1,10V1,10v1,10u1,10y1,10w1,10V0,10Z0,10u5,10U0,00U0,00X0,00k0,00j0]
gb-trace iteration=23 subcycle id=C2 vertices=[00i1,00v1,00V1,00Z1,00z1,00y1,00w1,00j1,00W1,00Y1,00U1,00X1,00x1,00k1]
gb-trace iteration=23 subcycle id=C3 vertices=[00i2,00v2,00u2,00y2,00z2,00Z2,00V2]
gb-trace iteration=23 subcycle id=C4 vertices=[00i3,00v3,00u3,00y3,00w3,00j3,00W3,00Y3,00U3,00X3,00k3,00x3,00z3,00Z3,00V3]
gb-trace iteration=23 subcycle id=C5 vertices=[00i4,00j4,00k4,00X4,00x4,00z4,00Z4,00V4]
gb-trace iteration=23 subcycle id=C6 vertices=[00i5,00k5,00X5,00x5,00z5,00y5,00w5,00W5,00j5]
gb-trace iteration=23 subcycle id=C7 vertices=[01i0,01u1,01v1,01V1,01i1,01k1,01x1,01X1,01U1,01u0,01y4,01w4,01W4,01j4,01k4,01i4,01V4,01v4,01u4,01z0,01Z0,01V0]
gb-trace iteration=23 subcycle id=C8 vertices=[01j0,01k0,01u3,01v3,01i3,01V3,01Z3,01Y3,01U3,01X0,01U0,01Y5,01U5,01W0]
gb-trace iteration=23 subcycle id=C9 vertices=[01j1,01W1,01Y1,01Z1,01z1,01y1,01w1]
gb-trace iteration=23 subcycle id=C10 vertices=[01i2,01j2,01W2,01w2,01y2,01u2,01v2,01V2]
gb-trace iteration=23 subcycle id=C11 vertices=[01k2,01x2,01z2,01Z2,01Y2,01U2,01X2]
gb-trace iteration=23 subcycle id=C12 vertices=[01j3,01k3,01X3,01x3,01z3,01y3,01w3,01W3]
gb-trace iteration=23 subcycle id=C13 vertices=[01x4,01X4,01U4,01Y4,01Z4,01z4]
gb-trace iteration=23 subcycle id=C14 vertices=[01i5,01V5,01Z5,01z5,01x5,01X5,01k5,01j5,01W5,01w5,01y5,01u5,01v5]
gb-trace iteration=23 subcycle id=C15 vertices=[10i0,10j0,10u2,10v2,10V2,10i2,10k2,10x2,10X2,10W0,10Z2,10z2,10y2,10w2,10j2,10W2,10Y2,10U2,10U4,10Y4,10Z4,10V4,10v4,10u4,11u0,11u4,11y4,11z4,11x4,11k4,11X4,11U4,11U2,11X2,11x2,11k2,11j2,11i2,11V2,11v2,11u2,11j0,11W0,11U5,11Y5,11W5,11w5,11y5,11u5,11v5,11U0,10U3,10Y3,10Z3,10V3,10v3,10u3,10y3,10w3,10W3,10j3,10i3,10k3,10X3,10x3,10z3,10X0,10k0]
gb-trace iteration=23 subcycle id=C16 vertices=[10i4,10k4,10X4,10x4,10z4,10y4,10w4,10W4,10j4]
gb-trace iteration=23 subcycle id=C17 vertices=[10i5,10V5,10v5]
gb-trace iteration=23 subcycle id=C18 vertices=[10j5,10W5,10w5,10y5,10z5,10Z5,10Y5,10U5,10X5,10x5,10k5]
gb-trace iteration=23 subcycle id=C19 vertices=[11i0,11V0,11Z0,11z0,11U3,11Y3,11W3,11j3,11k3,11X3,11x3,11z3,11Z3,11V3,11i3,11v3,11u3,11k0]
gb-trace iteration=23 subcycle id=C20 vertices=[11X0,11y3,11w3]
gb-trace iteration=23 subcycle id=C21 vertices=[11i1,11V1,11v1,11u1,11y1,11w1,11W1,11j1]
gb-trace iteration=23 subcycle id=C22 vertices=[11k1,11X1,11U1,11Y1,11Z1,11z1,11x1]
gb-trace iteration=23 subcycle id=C23 vertices=[11w2,11W2,11Y2,11Z2,11z2,11y2]
gb-trace iteration=23 subcycle id=C24 vertices=[11i4,11j4,11w4,11W4,11Y4,11Z4,11V4,11v4]
gb-trace iteration=23 subcycle id=C25 vertices=[11i5,11j5,11k5,11X5,11x5,11z5,11Z5,11V5]
gb-trace iteration=23 merge C1 + C2 = C26
gb-trace iteration=23 merge C24 + C15 = C27
gb-trace iteration=23 merge C25 + C27 = C28
gb-trace iteration=23 merge C4 + C26 = C29
gb-trace iteration=23 merge C21 + C19 = C30
gb-trace iteration=23 merge C20 + C30 = C31
gb-trace iteration=23 merge C29 + C5 = C32
gb-trace iteration=23 merge C18 + C32 = C33
gb-trace iteration=23 merge C7 + C13 = C34
gb-trace iteration=23 merge C8 + C10 = C35
gb-trace iteration=23 merge C11 + C35 = C36
gb-trace iteration=23 merge C14 + C36 = C37
gb-trace iteration=23 merge C12 + C37 = C38
gb-trace iteration=23 resulting id=C23 vertices=[11w2,11W2,11Y2,11Z2,11z2,11y2]
gb-trace iteration=23 resulting id=C22 vertices=[11k1,11X1,11U1,11Y1,11Z1,11z1,11x1]
gb-trace iteration=23 resulting id=C3 vertices=[00i2,00v2,00u2,00y2,00z2,00Z2,00V2]
gb-trace iteration=23 resulting id=C17 vertices=[10i5,10V5,10v5]
gb-trace iteration=23 resulting id=C31 vertices=[11X0,11x3,11X3,11k3,11j3,11W3,11Y3,11U3,11z0,11Z0,11V0,11v1,11V1,11i1,11j1,11W1,11w1,11y1,11u1,11i0,11k0,11u3,11v3,11i3,11V3,11Z3,11z3,11y3,11w3]
gb-trace iteration=23 resulting id=C6 vertices=[00i5,00k5,00X5,00x5,00z5,00y5,00w5,00W5,00j5]
gb-trace iteration=23 resulting id=C16 vertices=[10i4,10k4,10X4,10x4,10z4,10y4,10w4,10W4,10j4]
gb-trace iteration=23 resulting id=C28 vertices=[11i5,11j5,11k5,11X5,11x5,11z5,11Z5,11U0,10U3,10Y3,10Z3,10V3,10v3,10u3,10y3,10w3,10W3,10j3,10i3,10k3,10X3,10x3,10z3,10X0,10k0,10i0,10j0,10u2,10v2,10V2,10i2,10k2,10x2,10X2,10W0,10Z2,10z2,10y2,10w2,10j2,10W2,10Y2,10U2,10U4,10Y4,10Z4,10V4,10v4,10u4,11u0,11V4,11Z4,11Y4,11W4,11w4,11j4,11i4,11v4,11u4,11y4,11z4,11x4,11k4,11X4,11U4,11U2,11X2,11x2,11k2,11j2,11i2,11V2,11v2,11u2,11j0,11W0,11U5,11Y5,11W5,11w5,11y5,11u5,11v5,11V5]
gb-trace iteration=23 resulting id=C9 vertices=[01j1,01W1,01Y1,01Z1,01z1,01y1,01w1]
gb-trace iteration=23 resulting id=C34 vertices=[01i0,01u1,01v1,01V1,01i1,01k1,01x1,01X1,01U1,01u0,01x4,01X4,01U4,01Y4,01Z4,01z4,01y4,01w4,01W4,01j4,01k4,01i4,01V4,01v4,01u4,01z0,01Z0,01V0]
gb-trace iteration=23 resulting id=C33 vertices=[10j5,10W5,10w5,10U0,00U0,00X0,00v3,00i3,00V3,00Z3,00z3,00x3,00k3,00X3,00U3,00Y3,00W3,00j3,00w3,00y3,00u3,00k0,00j0,00i0,00u1,00v1,00i1,00k1,00x1,00X1,00U1,00Y1,00W1,00j1,00w1,00y1,00z1,00Z1,00V1,00V0,00Z0,00u5,00v5,00V5,00Z5,00Y5,00U5,00W0,00X2,00x2,00k2,00j2,00w2,00W2,00Y2,00U2,00U4,00Y4,00W4,00w4,00y4,00u4,00v4,00V4,00i4,00j4,00k4,00X4,00x4,00z4,00Z4,00u0,10u0,10U1,10X1,10k1,10x1,10z1,10Z1,10Y1,10W1,10j1,10i1,10V1,10v1,10u1,10y1,10w1,10V0,10Z0,10u5,10y5,10z5,10Z5,10Y5,10U5,10X5,10x5,10k5]
gb-trace iteration=23 resulting id=C38 vertices=[01j3,01k3,01X3,01U3,01Y3,01Z3,01V3,01i3,01v3,01u3,01k0,01j0,01u2,01v2,01V2,01i2,01j2,01W2,01w2,01y2,01z2,01Z2,01Y2,01U2,01X2,01k2,01x2,01W0,01U5,01Y5,01Z5,01z5,01x5,01X5,01k5,01j5,01W5,01w5,01y5,01u5,01v5,01i5,01V5,01U0,01X0,01x3,01z3,01y3,01w3,01W3]
cut arcs by clause length (length:number) = {6: 4, 12: 12, 18: 2, 20: 2, 34: 2, 52: 2}
number of added block clauses (this increment) = 24
number of added block clauses (accumulated) = 550
add block clauses time = 557.457us
increment time = 2.497682ms

CEGAR iteration...
cegar iteration = 24
sat solving time = 1.800844ms
number of subcycles found = 23
cycle lengths before merge (length:number) = {3: 1, 6: 4, 8: 4, 9: 6, 10: 1, 13: 1, 14: 1, 15: 1, 27: 1, 35: 1, 42: 1, 69: 1}
merge operation: 9 + 8 = 17
merge operation: 42 + 10 = 52
merge operation: 8 + 27 = 35
merge operation: 9 + 35 = 44
merge operation: 9 + 35 = 44
merge operation: 52 + 15 = 67
merge operation: 69 + 9 = 78
merge operation: 14 + 44 = 58
merge operation: 44 + 6 = 50
merge operation: 8 + 67 = 75
merge operation: 13 + 75 = 88
number of merge operations = 11
number of resulting cycles = 12
cycle lengths after merge (length:number) = {3: 1, 6: 3, 8: 1, 9: 2, 17: 1, 50: 1, 58: 1, 78: 1, 88: 1}
gb-trace iteration=24 subcycle id=C1 vertices=[00i0,00V0,00y1,00z1,00Z1,00V1,00i1,00v1,00u1]
gb-trace iteration=24 subcycle id=C2 vertices=[00j0,00W0,00z2,00x2,00k2,00X2,00U2,00U4,00X4,00u0,10u0,10U1,10X1,10k1,10x1,10z1,10Z1,10Y1,10W1,10j1,10i1,10V1,10v1,10u1,10y1,10w1,10V0,10i0,10j0,10k0,10u3,10y3,10z3,10x3,10k3,10X3,10U3,10X0,10U0,00U0,00X0,00k0]
gb-trace iteration=24 subcycle id=C3 vertices=[00Z0,01z0,01u4,01u0,01Y4,01Z4,01V4,01v4,01i4,01j4,01W4,01w4,01y4,01z4,01x4,01k4,01X4,01U4,01U2,01X2,01k2,01x2,01z2,01y2,01u2,01j0,01W0,01U5,01Y5,01W5,01w5,01y5,01u5,01U0,01X0,01x3,01X3,01U3,01Y3,01W3,01w3,01j3,01k3,01i3,01v3,01V3,01Z3,01z3,01y3,01u3,01k0,01i0,01u1,01v1,01V1,01i1,01k1,01j1,01W1,01w1,01y1,01z1,01Z1,01Y1,01U1,01X1,01x1,01V0,01Z0]
gb-trace iteration=24 subcycle id=C4 vertices=[00j1,00w1,00W1,00Y1,00U1,00X1,00x1,00k1]
gb-trace iteration=24 subcycle id=C5 vertices=[00i2,00v2,00u2,00y2,00w2,00j2,00W2,00Y2,00Z2,00V2]
gb-trace iteration=24 subcycle id=C6 vertices=[00i3,00v3,00u3,00y3,00w3,00j3,00W3,00Y3,00U3,00X3,00k3,00x3,00z3,00Z3,00V3]
gb-trace iteration=24 subcycle id=C7 vertices=[00i4,00V4,00Z4,00Y4,00W4,00w4,00j4,00k4,00x4,00z4,00y4,00u4,00v4]
gb-trace iteration=24 subcycle id=C8 vertices=[00i5,00k5,00x5,00X5,00U5,00Y5,00W5,00w5,00j5]
gb-trace iteration=24 subcycle id=C9 vertices=[00u5,00y5,00z5,00Z5,00V5,00v5]
gb-trace iteration=24 subcycle id=C10 vertices=[01i2,01v2,01V2,01Z2,01Y2,01W2,01w2,01j2]
gb-trace iteration=24 subcycle id=C11 vertices=[01i5,01v5,01V5,01Z5,01z5,01x5,01X5,01k5,01j5]
gb-trace iteration=24 subcycle id=C12 vertices=[10W0,10u2,10v2,10V2,10i2,10j2,10k2,10x2,10X2,10U2,10U4,10X4,10x4,10k4,10j4,10i4,10V4,10v4,10u4,11u0,11U1,11Y1,11Z1,11V1,11v1,11u1,11V0,11Z0,10Z0,10u5,10v5,10V5,10Z5,10Y5,10U5]
gb-trace iteration=24 subcycle id=C13 vertices=[10w2,10W2,10Y2,10Z2,10z2,10y2]
gb-trace iteration=24 subcycle id=C14 vertices=[10i3,10v3,10V3,10Z3,10Y3,10W3,10w3,10j3]
gb-trace iteration=24 subcycle id=C15 vertices=[10w4,10W4,10Y4,10Z4,10z4,10y4]
gb-trace iteration=24 subcycle id=C16 vertices=[10i5,10k5,10X5,10x5,10z5,10y5,10w5,10W5,10j5]
gb-trace iteration=24 subcycle id=C17 vertices=[11i0,11j0,11k0]
gb-trace iteration=24 subcycle id=C18 vertices=[11z0,11U3,11Y3,11W3,11j3,11w3,11y3,11u3,11X0,11U0,11U5,11W0,11u2,11v2,11V2,11Z2,11Y2,11U2,11U4,11X4,11x4,11k4,11j4,11i4,11V4,11v4,11u4]
gb-trace iteration=24 subcycle id=C19 vertices=[11i1,11k1,11X1,11x1,11z1,11y1,11w1,11W1,11j1]
gb-trace iteration=24 subcycle id=C20 vertices=[11i2,11k2,11X2,11x2,11z2,11y2,11w2,11W2,11j2]
gb-trace iteration=24 subcycle id=C21 vertices=[11i3,11v3,11V3,11Z3,11z3,11x3,11X3,11k3]
gb-trace iteration=24 subcycle id=C22 vertices=[11w4,11y4,11z4,11Z4,11Y4,11W4]
gb-trace iteration=24 subcycle id=C23 vertices=[11i5,11j5,11k5,11X5,11x5,11z5,11Z5,11Y5,11W5,11w5,11y5,11u5,11v5,11V5]
gb-trace iteration=24 merge C1 + C4 = C24
gb-trace iteration=24 merge C2 + C5 = C25
gb-trace iteration=24 merge C21 + C18 = C26
gb-trace iteration=24 merge C20 + C26 = C27
gb-trace iteration=24 merge C19 + C12 = C28
gb-trace iteration=24 merge C25 + C6 = C29
gb-trace iteration=24 merge C3 + C11 = C30
gb-trace iteration=24 merge C23 + C27 = C31
gb-trace iteration=24 merge C28 + C13 = C32
gb-trace iteration=24 merge C14 + C29 = C33
gb-trace iteration=24 merge C7 + C33 = C34
gb-trace iteration=24 resulting id=C22 vertices=[11w4,11y4,11z4,11Z4,11Y4,11W4]
gb-trace iteration=24 resulting id=C17 vertices=[11i0,11j0,11k0]
gb-trace iteration=24 resulting id=C16 vertices=[10i5,10k5,10X5,10x5,10z5,10y5,10w5,10W5,10j5]
gb-trace iteration=24 resulting id=C15 vertices=[10w4,10W4,10Y4,10Z4,10z4,10y4]
gb-trace iteration=24 resulting id=C24 vertices=[00i0,00V0,00W1,00Y1,00U1,00X1,00x1,00k1,00j1,00w1,00y1,00z1,00Z1,00V1,00i1,00v1,00u1]
gb-trace iteration=24 resulting id=C31 vertices=[11i5,11j5,11k5,11X5,11U5,11W0,11z2,11x2,11X2,11k2,11i2,11j2,11W2,11w2,11y2,11u2,11v2,11V2,11Z2,11Y2,11U2,11U4,11X4,11x4,11k4,11j4,11i4,11V4,11v4,11u4,11z0,11U3,11Y3,11W3,11j3,11w3,11y3,11u3,11v3,11i3,11k3,11X3,11x3,11z3,11Z3,11V3,11X0,11U0,11x5,11z5,11Z5,11Y5,11W5,11w5,11y5,11u5,11v5,11V5]
gb-trace iteration=24 resulting id=C30 vertices=[00Z0,01z0,01u4,01u0,01Y4,01Z4,01V4,01v4,01i4,01j4,01W4,01w4,01y4,01z4,01x4,01k4,01X4,01U4,01U2,01X2,01k2,01x2,01z2,01y2,01u2,01j0,01W0,01U5,01Y5,01W5,01w5,01y5,01u5,01v5,01i5,01j5,01k5,01X5,01x5,01z5,01Z5,01V5,01U0,01X0,01x3,01X3,01U3,01Y3,01W3,01w3,01j3,01k3,01i3,01v3,01V3,01Z3,01z3,01y3,01u3,01k0,01i0,01u1,01v1,01V1,01i1,01k1,01j1,01W1,01w1,01y1,01z1,01Z1,01Y1,01U1,01X1,01x1,01V0,01Z0]
gb-trace iteration=24 resulting id=C8 vertices=[00i5,00k5,00x5,00X5,00U5,00Y5,00W5,00w5,00j5]
gb-trace iteration=24 resulting id=C9 vertices=[00u5,00y5,00z5,00Z5,00V5,00v5]
gb-trace iteration=24 resulting id=C10 vertices=[01i2,01v2,01V2,01Z2,01Y2,01W2,01w2,01j2]
gb-trace iteration=24 resulting id=C32 vertices=[11i1,11k1,11X1,11x1,11z1,11V0,11Z0,10Z0,10u5,10v5,10V5,10Z5,10Y5,10U5,10W0,10w2,10W2,10Y2,10Z2,10z2,10y2,10u2,10v2,10V2,10i2,10j2,10k2,10x2,10X2,10U2,10U4,10X4,10x4,10k4,10j4,10i4,10V4,10v4,10u4,11u0,11U1,11Y1,11Z1,11V1,11v1,11u1,11y1,11w1,11W1,11j1]
gb-trace iteration=24 resulting id=C34 vertices=[00i4,00V4,00Z4,00Y4,00W4,00w4,00j4,00k4,00X4,00U4,00U2,00X2,00k2,00x2,00z2,00W0,00y2,00w2,00j2,00W2,00Y2,00Z2,00V2,00i2,00v2,00u2,00j0,00k0,00u3,00y3,00w3,00j3,00W3,00Y3,00U3,00X3,00k3,00x3,00z3,00Z3,00V3,00i3,00v3,00X0,00U0,10U0,10X0,10Z3,10V3,10v3,10i3,10j3,10w3,10W3,10Y3,10U3,10X3,10k3,10x3,10z3,10y3,10u3,10k0,10j0,10i0,10V0,10w1,10y1,10u1,10v1,10V1,10i1,10j1,10W1,10Y1,10Z1,10z1,10x1,10k1,10X1,10U1,10u0,00u0,00x4,00z4,00y4,00u4,00v4]
cut arcs by clause length (length:number) = {4: 2, 6: 2, 12: 12, 16: 2, 20: 2, 44: 2, 46: 2}
number of added block clauses (this increment) = 24
number of added block clauses (accumulated) = 574
add block clauses time = 574.001us
increment time = 2.374845ms

CEGAR iteration...
cegar iteration = 25
sat solving time = 2.483470ms
number of subcycles found = 20
cycle lengths before merge (length:number) = {3: 3, 6: 2, 7: 3, 8: 3, 9: 2, 12: 1, 14: 3, 18: 1, 70: 1, 112: 1}
merge operation: 112 + 8 = 120
merge operation: 14 + 70 = 84
merge operation: 12 + 120 = 132
merge operation: 8 + 132 = 140
merge operation: 9 + 18 = 27
merge operation: 14 + 27 = 41
merge operation: 140 + 7 = 147
merge operation: 3 + 84 = 87
merge operation: 14 + 87 = 101
merge operation: 7 + 101 = 108
number of merge operations = 10
number of resulting cycles = 10
cycle lengths after merge (length:number) = {3: 2, 6: 2, 7: 1, 8: 1, 9: 1, 41: 1, 108: 1, 147: 1}
gb-trace iteration=25 subcycle id=C1 vertices=[00i0,00u1,00y1,00w1,00W1,00j1,00i1,00V1,00v1,00V0,00Z0,00u5,00U0,00X5,00U5,00W0,00Y2,00W2,00j2,00w2,00y2,00u2,00v2,00i2,00V2,00Z2,00z2,00x2,00k2,00X2,00U2,00U4,00X4,00k4,00x4,00u0,00z4,00y4,00u4,01u0,01U1,01Y1,01W1,01w1,01y1,01u1,01v1,01V0,01Z0,01z0,01U3,01Y3,01W3,01w3,01j3,01k3,01x3,01X3,01X0,01k0,01i0,01j0,01u2,01y2,01w2,01W2,01Y2,01U2,01X2,01x2,01k2,01j2,01i2,01v2,01V2,01Z2,01z2,01W0,01U5,01Y5,01Z5,01z5,01x5,01X5,01k5,01i5,01V5,01v5,01u5,01y5,01w5,01j5,01W5,01U0,00U3,00X3,00k3,00x3,00z3,00y3,00w3,00j3,00W3,00Y3,00Z3,00V3,00i3,00v3,00X0,00u3,00k0,00j0]
gb-trace iteration=25 subcycle id=C2 vertices=[00k1,00X1,00U1,00Y1,00Z1,00z1,00x1]
gb-trace iteration=25 subcycle id=C3 vertices=[00i4,00v4,00V4,00Z4,00Y4,00W4,00w4,00j4]
gb-trace iteration=25 subcycle id=C4 vertices=[00i5,00j5,00k5,00x5,00z5,00y5,00w5,00W5,00Y5,00Z5,00V5,00v5]
gb-trace iteration=25 subcycle id=C5 vertices=[01i1,01V1,01Z1,01z1,01x1,01X1,01k1,01j1]
gb-trace iteration=25 subcycle id=C6 vertices=[01i3,01V3,01Z3,01z3,01y3,01u3,01v3]
gb-trace iteration=25 subcycle id=C7 vertices=[01i4,01V4,01v4,01u4,01y4,01w4,01W4,01j4,01k4]
gb-trace iteration=25 subcycle id=C8 vertices=[01x4,01z4,01Z4,01Y4,01U4,01X4]
gb-trace iteration=25 subcycle id=C9 vertices=[10i0,10k0,10u3,10v3,10V3,10Z3,10Y3,10W3,10w3,10j3,10i3,10k3,10X3,10x3,10z3,10y3,10X0,10U3,11U0,11X0,11k0,11u3,11y3,11z3,11x3,11X3,11k3,11i3,11v3,11V3,11Z3,11Y3,11U3,11z0,11u4,11u0,10u4,10u0,10U1,10X1,10k1,10x1,10z1,10Z1,10Y1,10W1,10j1,10i1,10V1,10v1,10u1,10y1,10w1,10V0,10Z0,10u5,10v5,10V5,10i5,10j5,10W5,10Y5,10Z5,10z5,10y5,10w5,10U0,10U5,10W0,10j0]
gb-trace iteration=25 subcycle id=C10 vertices=[10i2,10v2,10u2,10y2,10z2,10Z2,10V2]
gb-trace iteration=25 subcycle id=C11 vertices=[10j2,10k2,10x2,10X2,10U2,10Y2,10W2,10w2]
gb-trace iteration=25 subcycle id=C12 vertices=[10i4,10v4,10V4,10Z4,10Y4,10U4,10X4,10x4,10z4,10y4,10w4,10W4,10j4,10k4]
gb-trace iteration=25 subcycle id=C13 vertices=[10k5,10x5,10X5]
gb-trace iteration=25 subcycle id=C14 vertices=[11i0,11j0,11W0,11U5,11Y5,11Z5,11V5,11v5,11i5,11k5,11X5,11x5,11z5,11y5,11u5,11Z0,11V0,11u1]
gb-trace iteration=25 subcycle id=C15 vertices=[11i1,11k1,11j1,11W1,11w1,11y1,11z1,11x1,11X1,11U1,11Y1,11Z1,11V1,11v1]
gb-trace iteration=25 subcycle id=C16 vertices=[11i2,11k2,11j2,11W2,11w2,11y2,11u2,11v2,11V2]
gb-trace iteration=25 subcycle id=C17 vertices=[11x2,11z2,11Z2,11Y2,11U2,11X2]
gb-trace iteration=25 subcycle id=C18 vertices=[11j3,11w3,11W3]
gb-trace iteration=25 subcycle id=C19 vertices=[11i4,11j4,11W4,11w4,11y4,11z4,11x4,11k4,11X4,11U4,11Y4,11Z4,11V4,11v4]
gb-trace iteration=25 subcycle id=C20 vertices=[11j5,11W5,11w5]
gb-trace iteration=25 merge C1 + C3 = C21
gb-trace iteration=25 merge C19 + C9 = C22
gb-trace iteration=25 merge C4 + C21 = C23
gb-trace iteration=25 merge C5 + C23 = C24
gb-trace iteration=25 merge C16 + C14 = C25
gb-trace iteration=25 merge C15 + C25 = C26
gb-trace iteration=25 merge C24 + C6 = C27
gb-trace iteration=25 merge C13 + C22 = C28
gb-trace iteration=25 merge C12 + C28 = C29
gb-trace iteration=25 merge C10 + C29 = C30
gb-trace iteration=25 resulting id=C18 vertices=[11j3,11w3,11W3]
gb-trace iteration=25 resulting id=C2 vertices=[00k1,00X1,00U1,00Y1,00Z1,00z1,00x1]
gb-trace iteration=25 resulting id=C20 vertices=[11j5,11W5,11w5]
gb-trace iteration=25 resulting id=C17 vertices=[11x2,11z2,11Z2,11Y2,11U2,11X2]
gb-trace iteration=25 resulting id=C11 vertices=[10j2,10k2,10x2,10X2,10U2,10Y2,10W2,10w2]
gb-trace iteration=25 resulting id=C26 vertices=[11i1,11k1,11j1,11W1,11w1,11V0,11Z0,11u5,11y5,11z5,11x5,11X5,11k5,11i5,11v5,11V5,11Z5,11Y5,11U5,11W0,11y2,11w2,11W2,11j2,11k2,11i2,11V2,11v2,11u2,11j0,11i0,11u1,11y1,11z1,11x1,11X1,11U1,11Y1,11Z1,11V1,11v1]
gb-trace iteration=25 resulting id=C7 vertices=[01i4,01V4,01v4,01u4,01y4,01w4,01W4,01j4,01k4]
gb-trace iteration=25 resulting id=C8 vertices=[01x4,01z4,01Z4,01Y4,01U4,01X4]
gb-trace iteration=25 resulting id=C27 vertices=[01i1,01v1,01u1,01y1,01w1,01W1,01Y1,01U1,01u0,00u4,00y4,00z4,00Z4,00Y4,00W4,00w4,00j4,00i4,00v4,00V4,00u0,00x4,00k4,00X4,00U4,00U2,00X2,00k2,00x2,00z2,00Z2,00V2,00i2,00v2,00u2,00y2,00w2,00j2,00W2,00Y2,00W0,00U5,00X5,00k5,00j5,00i5,00v5,00V5,00Z5,00Y5,00W5,00w5,00y5,00z5,00x5,00U0,00u5,00Z0,00V0,00v1,00V1,00i1,00j1,00W1,00w1,00y1,00u1,00i0,00j0,00k0,00u3,00X0,00v3,00i3,00V3,00Z3,00Y3,00W3,00j3,00w3,00y3,00z3,00x3,00k3,00X3,00U3,01U0,01W5,01j5,01w5,01y5,01u5,01v5,01V5,01i5,01k5,01X5,01x5,01z5,01Z5,01Y5,01U5,01W0,01z2,01Z2,01V2,01v2,01i2,01j2,01k2,01x2,01X2,01U2,01Y2,01W2,01w2,01y2,01u2,01j0,01i0,01k0,01u3,01y3,01z3,01Z3,01V3,01i3,01v3,01X0,01X3,01x3,01k3,01j3,01w3,01W3,01Y3,01U3,01z0,01Z0,01V0,01V1,01Z1,01z1,01x1,01X1,01k1,01j1]
gb-trace iteration=25 resulting id=C30 vertices=[10i2,10v2,10W0,10U5,10X5,10k5,10x5,10U0,10w5,10y5,10z5,10Z5,10Y5,10W5,10j5,10i5,10V5,10v5,10u5,10Z0,10V0,10w1,10y1,10u1,10v1,10V1,10i1,10j1,10W1,10Y1,10Z1,10z1,10x1,10k1,10X1,10U1,10u0,10V4,10Z4,10Y4,10U4,10X4,10x4,10z4,10y4,10w4,10W4,10j4,10k4,10i4,10v4,10u4,11u0,11w4,11W4,11j4,11i4,11v4,11V4,11Z4,11Y4,11U4,11X4,11k4,11x4,11z4,11y4,11u4,11z0,11U3,11Y3,11Z3,11V3,11v3,11i3,11k3,11X3,11x3,11z3,11y3,11u3,11k0,11X0,11U0,10U3,10X0,10y3,10z3,10x3,10X3,10k3,10i3,10j3,10w3,10W3,10Y3,10Z3,10V3,10v3,10u3,10k0,10i0,10j0,10u2,10y2,10z2,10Z2,10V2]
cut arcs by clause length (length:number) = {6: 4, 12: 10, 28: 2, 30: 2, 38: 2}
number of added block clauses (this increment) = 20
number of added block clauses (accumulated) = 594
add block clauses time = 517.888us
increment time = 3.001358ms

CEGAR iteration...
cegar iteration = 26
sat solving time = 595.003us
number of subcycles found = 19
cycle lengths before merge (length:number) = {3: 1, 6: 2, 7: 2, 8: 2, 9: 4, 12: 1, 14: 3, 27: 1, 29: 1, 64: 1, 83: 1}
merge operation: 83 + 8 = 91
merge operation: 14 + 64 = 78
merge operation: 8 + 91 = 99
merge operation: 14 + 27 = 41
merge operation: 99 + 12 = 111
merge operation: 3 + 78 = 81
merge operation: 14 + 81 = 95
merge operation: 6 + 95 = 101
merge operation: 9 + 101 = 110
merge operation: 29 + 9 = 38
merge operation: 6 + 38 = 44
number of merge operations = 11
number of resulting cycles = 8
cycle lengths after merge (length:number) = {7: 2, 9: 2, 41: 1, 44: 1, 110: 1, 111: 1}
gb-trace iteration=26 subcycle id=C1 vertices=[00i0,00u1,00y1,00z1,00x1,00k1,00X1,00U1,00V0,00Z0,00u5,00U0,00X5,00U5,00W0,00Y2,00W2,00j2,00w2,00y2,00u2,00v2,00i2,00V2,00Z2,00z2,00x2,00k2,00X2,00U2,00U4,00X4,00k4,00x4,00u0,00z4,00y4,00u4,01u0,01Z4,01Y4,01U4,01X4,01x4,01z4,01y4,01w4,01W4,01j4,01k4,01i4,01V4,01v4,01u4,01z0,01U3,01Y3,01W3,01w3,01j3,01k3,01x3,01X3,01X0,01U0,00U3,00X3,00k3,00x3,00z3,00y3,00w3,00j3,00W3,00Y3,00Z3,00V3,00i3,00v3,00X0,00u3,00k0,00j0]
gb-trace iteration=26 subcycle id=C2 vertices=[00i1,00j1,00w1,00W1,00Y1,00Z1,00V1,00v1]
gb-trace iteration=26 subcycle id=C3 vertices=[00i4,00v4,00V4,00Z4,00Y4,00W4,00w4,00j4]
gb-trace iteration=26 subcycle id=C4 vertices=[00i5,00j5,00k5,00x5,00z5,00y5,00w5,00W5,00Y5,00Z5,00V5,00v5]
gb-trace iteration=26 subcycle id=C5 vertices=[01i0,01k0,01j0,01u2,01y2,01w2,01W2,01Y2,01U2,01X2,01x2,01k2,01j2,01i2,01v2,01V2,01Z2,01z2,01W0,01U5,01X5,01x5,01k5,01i5,01V5,01v5,01u5,01Z0,01V0]
gb-trace iteration=26 subcycle id=C6 vertices=[01i1,01k1,01j1,01W1,01w1,01y1,01u1,01v1,01V1]
gb-trace iteration=26 subcycle id=C7 vertices=[01x1,01X1,01U1,01Y1,01Z1,01z1]
gb-trace iteration=26 subcycle id=C8 vertices=[01i3,01V3,01Z3,01z3,01y3,01u3,01v3]
gb-trace iteration=26 subcycle id=C9 vertices=[01j5,01W5,01Y5,01Z5,01z5,01y5,01w5]
gb-trace iteration=26 subcycle id=C10 vertices=[10i0,10k0,10u3,10v3,10V3,10Z3,10Y3,10W3,10w3,10j3,10i3,10k3,10X3,10x3,10z3,10y3,10X0,10U3,11U0,11X0,11k0,11u3,11v3,11V3,11Z3,11Y3,11U3,11z0,11u4,11u0,10u4,10u0,10U1,10X1,10k1,10x1,10z1,10Z1,10Y1,10W1,10j1,10i1,10V1,10v1,10u1,10y1,10w1,10V0,10Z0,10u5,10v5,10V5,10i5,10j5,10W5,10Y5,10Z5,10z5,10y5,10w5,10U0,10U5,10W0,10j0]
gb-trace iteration=26 subcycle id=C11 vertices=[10i2,10k2,10x2,10X2,10U2,10Y2,10W2,10w2,10j2]
gb-trace iteration=26 subcycle id=C12 vertices=[10u2,10y2,10z2,10Z2,10V2,10v2]
gb-trace iteration=26 subcycle id=C13 vertices=[10i4,10v4,10V4,10Z4,10Y4,10U4,10X4,10x4,10z4,10y4,10w4,10W4,10j4,10k4]
gb-trace iteration=26 subcycle id=C14 vertices=[10k5,10x5,10X5]
gb-trace iteration=26 subcycle id=C15 vertices=[11i0,11j0,11u2,11v2,11V2,11Z2,11Y2,11U2,11X2,11k2,11i2,11j2,11W2,11w2,11y2,11z2,11x2,11W0,11U5,11X5,11x5,11z5,11y5,11u5,11Z0,11V0,11u1]
gb-trace iteration=26 subcycle id=C16 vertices=[11i1,11k1,11j1,11W1,11w1,11y1,11z1,11x1,11X1,11U1,11Y1,11Z1,11V1,11v1]
gb-trace iteration=26 subcycle id=C17 vertices=[11i3,11k3,11X3,11x3,11z3,11y3,11w3,11W3,11j3]
gb-trace iteration=26 subcycle id=C18 vertices=[11i4,11j4,11W4,11w4,11y4,11z4,11x4,11k4,11X4,11U4,11Y4,11Z4,11V4,11v4]
gb-trace iteration=26 subcycle id=C19 vertices=[11i5,11k5,11j5,11w5,11W5,11Y5,11Z5,11V5,11v5]
gb-trace iteration=26 merge C1 + C2 = C20
gb-trace iteration=26 merge C18 + C10 = C21
gb-trace iteration=26 merge C3 + C20 = C22
gb-trace iteration=26 merge C16 + C15 = C23
gb-trace iteration=26 merge C22 + C4 = C24
gb-trace iteration=26 merge C14 + C21 = C25
gb-trace iteration=26 merge C13 + C25 = C26
gb-trace iteration=26 merge C12 + C26 = C27
gb-trace iteration=26 merge C11 + C27 = C28
gb-trace iteration=26 merge C5 + C6 = C29
gb-trace iteration=26 merge C7 + C29 = C30
gb-trace iteration=26 resulting id=C17 vertices=[11i3,11k3,11X3,11x3,11z3,11y3,11w3,11W3,11j3]
gb-trace iteration=26 resulting id=C19 vertices=[11i5,11k5,11j5,11w5,11W5,11Y5,11Z5,11V5,11v5]
gb-trace iteration=26 resulting id=C24 vertices=[00i4,00v4,00V4,00u0,00x4,00k4,00X4,00U4,00U2,00X2,00k2,00x2,00z2,00Z2,00V2,00i2,00v2,00u2,00y2,00w2,00j2,00W2,00Y2,00W0,00U5,00X5,00k5,00j5,00i5,00v5,00V5,00Z5,00Y5,00W5,00w5,00y5,00z5,00x5,00U0,00u5,00Z0,00V0,00Z1,00V1,00v1,00i1,00j1,00w1,00W1,00Y1,00U1,00X1,00k1,00x1,00z1,00y1,00u1,00i0,00j0,00k0,00u3,00X0,00v3,00i3,00V3,00Z3,00Y3,00W3,00j3,00w3,00y3,00z3,00x3,00k3,00X3,00U3,01U0,01X0,01X3,01x3,01k3,01j3,01w3,01W3,01Y3,01U3,01z0,01u4,01v4,01V4,01i4,01k4,01j4,01W4,01w4,01y4,01z4,01x4,01X4,01U4,01Y4,01Z4,01u0,00u4,00y4,00z4,00Z4,00Y4,00W4,00w4,00j4]
gb-trace iteration=26 resulting id=C23 vertices=[11i1,11k1,11j1,11W1,11w1,11V0,11Z0,11u5,11y5,11z5,11x5,11X5,11U5,11W0,11x2,11z2,11y2,11w2,11W2,11j2,11i2,11k2,11X2,11U2,11Y2,11Z2,11V2,11v2,11u2,11j0,11i0,11u1,11y1,11z1,11x1,11X1,11U1,11Y1,11Z1,11V1,11v1]
gb-trace iteration=26 resulting id=C9 vertices=[01j5,01W5,01Y5,01Z5,01z5,01y5,01w5]
gb-trace iteration=26 resulting id=C28 vertices=[10i2,10k2,10x2,10X2,10U2,10Y2,10W2,10W0,10U5,10X5,10k5,10x5,10U0,10w5,10y5,10z5,10Z5,10Y5,10W5,10j5,10i5,10V5,10v5,10u5,10Z0,10V0,10w1,10y1,10u1,10v1,10V1,10i1,10j1,10W1,10Y1,10Z1,10z1,10x1,10k1,10X1,10U1,10u0,10V4,10Z4,10Y4,10U4,10X4,10x4,10z4,10y4,10w4,10W4,10j4,10k4,10i4,10v4,10u4,11u0,11w4,11W4,11j4,11i4,11v4,11V4,11Z4,11Y4,11U4,11X4,11k4,11x4,11z4,11y4,11u4,11z0,11U3,11Y3,11Z3,11V3,11v3,11u3,11k0,11X0,11U0,10U3,10X0,10y3,10z3,10x3,10X3,10k3,10i3,10j3,10w3,10W3,10Y3,10Z3,10V3,10v3,10u3,10k0,10i0,10j0,10u2,10v2,10V2,10Z2,10z2,10y2,10w2,10j2]
gb-trace iteration=26 resulting id=C8 vertices=[01i3,01V3,01Z3,01z3,01y3,01u3,01v3]
gb-trace iteration=26 resulting id=C30 vertices=[01x1,01X1,01U1,01Y1,01Z1,01V0,01Z0,01u5,01v5,01V5,01i5,01k5,01x5,01X5,01U5,01W0,01z2,01Z2,01V2,01v2,01i2,01j2,01k2,01x2,01X2,01U2,01Y2,01W2,01w2,01y2,01u2,01j0,01k0,01i0,01u1,01v1,01V1,01i1,01k1,01j1,01W1,01w1,01y1,01z1]
cut arcs by clause length (length:number) = {12: 8, 18: 4, 30: 2, 32: 2}
number of added block clauses (this increment) = 16
number of added block clauses (accumulated) = 610
add block clauses time = 521.665us
increment time = 1.116668ms

CEGAR iteration...
cegar iteration = 27
sat solving time = 80.157us
number of subcycles found = 18
cycle lengths before merge (length:number) = {3: 1, 6: 4, 7: 1, 8: 2, 9: 2, 12: 1, 14: 3, 29: 1, 36: 1, 67: 1, 84: 1}
merge operation: 84 + 8 = 92
merge operation: 14 + 67 = 81
merge operation: 8 + 92 = 100
merge operation: 14 + 29 = 43
merge operation: 100 + 12 = 112
merge operation: 3 + 81 = 84
merge operation: 14 + 84 = 98
merge operation: 6 + 98 = 104
merge operation: 9 + 104 = 113
merge operation: 36 + 9 = 45
merge operation: 6 + 45 = 51
number of merge operations = 11
number of resulting cycles = 7
cycle lengths after merge (length:number) = {6: 2, 7: 1, 43: 1, 51: 1, 112: 1, 113: 1}
gb-trace iteration=27 subcycle id=C1 vertices=[00i0,00u1,00y1,00z1,00x1,00k1,00X1,00U1,00V0,00Z0,00u5,00U0,00X5,00U5,00W0,00Y2,00W2,00j2,00w2,00y2,00u2,00v2,00i2,00V2,00Z2,00z2,00x2,00k2,00X2,00U2,00U4,00X4,00k4,00x4,00u0,00z4,00y4,00u4,01u0,01Z4,01Y4,01U4,01X4,01x4,01z4,01y4,01w4,01W4,01j4,01k4,01i4,01V4,01v4,01u4,01z0,01U3,01Y3,01W3,01w3,01j3,01i3,01k3,01x3,01X3,01X0,01U0,00U3,00X3,00k3,00x3,00z3,00y3,00w3,00j3,00W3,00Y3,00Z3,00V3,00i3,00v3,00X0,00u3,00k0,00j0]
gb-trace iteration=27 subcycle id=C2 vertices=[00i1,00j1,00w1,00W1,00Y1,00Z1,00V1,00v1]
gb-trace iteration=27 subcycle id=C3 vertices=[00i4,00v4,00V4,00Z4,00Y4,00W4,00w4,00j4]
gb-trace iteration=27 subcycle id=C4 vertices=[00i5,00j5,00k5,00x5,00z5,00y5,00w5,00W5,00Y5,00Z5,00V5,00v5]
gb-trace iteration=27 subcycle id=C5 vertices=[01i0,01k0,01j0,01u2,01y2,01w2,01W2,01Y2,01U2,01X2,01x2,01k2,01j2,01i2,01v2,01V2,01Z2,01z2,01W0,01U5,01X5,01k5,01x5,01z5,01y5,01w5,01j5,01W5,01Y5,01Z5,01V5,01i5,01v5,01u5,01Z0,01V0]
gb-trace iteration=27 subcycle id=C6 vertices=[01i1,01k1,01j1,01W1,01w1,01y1,01u1,01v1,01V1]
gb-trace iteration=27 subcycle id=C7 vertices=[01x1,01X1,01U1,01Y1,01Z1,01z1]
gb-trace iteration=27 subcycle id=C8 vertices=[01u3,01v3,01V3,01Z3,01z3,01y3]
gb-trace iteration=27 subcycle id=C9 vertices=[10i0,10k0,10u3,10v3,10V3,10Z3,10Y3,10W3,10w3,10j3,10i3,10k3,10X3,10x3,10z3,10y3,10X0,10U3,11U0,11X0,11k0,11u3,11v3,11V3,11i3,11j3,11k3,11x3,11X3,11U3,11z0,11u4,11u0,10u4,10u0,10U1,10X1,10k1,10x1,10z1,10Z1,10Y1,10W1,10j1,10i1,10V1,10v1,10u1,10y1,10w1,10V0,10Z0,10u5,10v5,10V5,10i5,10j5,10W5,10Y5,10Z5,10z5,10y5,10w5,10U0,10U5,10W0,10j0]
gb-trace iteration=27 subcycle id=C10 vertices=[10i2,10k2,10x2,10X2,10U2,10Y2,10W2,10w2,10j2]
gb-trace iteration=27 subcycle id=C11 vertices=[10u2,10y2,10z2,10Z2,10V2,10v2]
gb-trace iteration=27 subcycle id=C12 vertices=[10i4,10v4,10V4,10Z4,10Y4,10U4,10X4,10x4,10z4,10y4,10w4,10W4,10j4,10k4]
gb-trace iteration=27 subcycle id=C13 vertices=[10k5,10x5,10X5]
gb-trace iteration=27 subcycle id=C14 vertices=[11i0,11j0,11u2,11v2,11V2,11Z2,11Y2,11U2,11X2,11k2,11i2,11j2,11W2,11w2,11y2,11z2,11x2,11W0,11U5,11X5,11x5,11k5,11i5,11V5,11v5,11u5,11Z0,11V0,11u1]
gb-trace iteration=27 subcycle id=C15 vertices=[11i1,11k1,11j1,11W1,11w1,11y1,11z1,11x1,11X1,11U1,11Y1,11Z1,11V1,11v1]
gb-trace iteration=27 subcycle id=C16 vertices=[11w3,11W3,11Y3,11Z3,11z3,11y3]
gb-trace iteration=27 subcycle id=C17 vertices=[11i4,11j4,11W4,11w4,11y4,11z4,11x4,11k4,11X4,11U4,11Y4,11Z4,11V4,11v4]
gb-trace iteration=27 subcycle id=C18 vertices=[11j5,11W5,11Y5,11Z5,11z5,11y5,11w5]
gb-trace iteration=27 merge C1 + C2 = C19
gb-trace iteration=27 merge C17 + C9 = C20
gb-trace iteration=27 merge C3 + C19 = C21
gb-trace iteration=27 merge C15 + C14 = C22
gb-trace iteration=27 merge C21 + C4 = C23
gb-trace iteration=27 merge C13 + C20 = C24
gb-trace iteration=27 merge C12 + C24 = C25
gb-trace iteration=27 merge C11 + C25 = C26
gb-trace iteration=27 merge C10 + C26 = C27
gb-trace iteration=27 merge C5 + C6 = C28
gb-trace iteration=27 merge C7 + C28 = C29
gb-trace iteration=27 resulting id=C16 vertices=[11w3,11W3,11Y3,11Z3,11z3,11y3]
gb-trace iteration=27 resulting id=C18 vertices=[11j5,11W5,11Y5,11Z5,11z5,11y5,11w5]
gb-trace iteration=27 resulting id=C23 vertices=[00i4,00v4,00V4,00u0,00x4,00k4,00X4,00U4,00U2,00X2,00k2,00x2,00z2,00Z2,00V2,00i2,00v2,00u2,00y2,00w2,00j2,00W2,00Y2,00W0,00U5,00X5,00k5,00j5,00i5,00v5,00V5,00Z5,00Y5,00W5,00w5,00y5,00z5,00x5,00U0,00u5,00Z0,00V0,00Z1,00V1,00v1,00i1,00j1,00w1,00W1,00Y1,00U1,00X1,00k1,00x1,00z1,00y1,00u1,00i0,00j0,00k0,00u3,00X0,00v3,00i3,00V3,00Z3,00Y3,00W3,00j3,00w3,00y3,00z3,00x3,00k3,00X3,00U3,01U0,01X0,01X3,01x3,01k3,01i3,01j3,01w3,01W3,01Y3,01U3,01z0,01u4,01v4,01V4,01i4,01k4,01j4,01W4,01w4,01y4,01z4,01x4,01X4,01U4,01Y4,01Z4,01u0,00u4,00y4,00z4,00Z4,00Y4,00W4,00w4,00j4]
gb-trace iteration=27 resulting id=C22 vertices=[11i1,11k1,11j1,11W1,11w1,11V0,11Z0,11u5,11v5,11V5,11i5,11k5,11x5,11X5,11U5,11W0,11x2,11z2,11y2,11w2,11W2,11j2,11i2,11k2,11X2,11U2,11Y2,11Z2,11V2,11v2,11u2,11j0,11i0,11u1,11y1,11z1,11x1,11X1,11U1,11Y1,11Z1,11V1,11v1]
gb-trace iteration=27 resulting id=C8 vertices=[01u3,01v3,01V3,01Z3,01z3,01y3]
gb-trace iteration=27 resulting id=C27 vertices=[10i2,10k2,10x2,10X2,10U2,10Y2,10W2,10W0,10U5,10X5,10k5,10x5,10U0,10w5,10y5,10z5,10Z5,10Y5,10W5,10j5,10i5,10V5,10v5,10u5,10Z0,10V0,10w1,10y1,10u1,10v1,10V1,10i1,10j1,10W1,10Y1,10Z1,10z1,10x1,10k1,10X1,10U1,10u0,10V4,10Z4,10Y4,10U4,10X4,10x4,10z4,10y4,10w4,10W4,10j4,10k4,10i4,10v4,10u4,11u0,11w4,11W4,11j4,11i4,11v4,11V4,11Z4,11Y4,11U4,11X4,11k4,11x4,11z4,11y4,11u4,11z0,11U3,11X3,11x3,11k3,11j3,11i3,11V3,11v3,11u3,11k0,11X0,11U0,10U3,10X0,10y3,10z3,10x3,10X3,10k3,10i3,10j3,10w3,10W3,10Y3,10Z3,10V3,10v3,10u3,10k0,10i0,10j0,10u2,10v2,10V2,10Z2,10z2,10y2,10w2,10j2]
gb-trace iteration=27 resulting id=C29 vertices=[01x1,01X1,01U1,01Y1,01Z1,01V0,01Z0,01u5,01v5,01i5,01V5,01Z5,01Y5,01W5,01j5,01w5,01y5,01z5,01x5,01k5,01X5,01U5,01W0,01z2,01Z2,01V2,01v2,01i2,01j2,01k2,01x2,01X2,01U2,01Y2,01W2,01w2,01y2,01u2,01j0,01k0,01i0,01u1,01v1,01V1,01i1,01k1,01j1,01W1,01w1,01y1,01z1]
cut arcs by clause length (length:number) = {12: 6, 18: 4, 30: 2, 32: 2}
number of added block clauses (this increment) = 14
number of added block clauses (accumulated) = 624
add block clauses time = 482.528us
increment time = 562.685us

CEGAR iteration...
cegar iteration = 28
sat solving time = 592.276us
number of subcycles found = 17
cycle lengths before merge (length:number) = {3: 1, 6: 2, 8: 2, 9: 4, 12: 1, 14: 3, 28: 1, 35: 1, 72: 1, 82: 1}
merge operation: 82 + 8 = 90
merge operation: 14 + 72 = 86
merge operation: 14 + 28 = 42
merge operation: 86 + 6 = 92
merge operation: 3 + 92 = 95
merge operation: 14 + 95 = 109
merge operation: 8 + 90 = 98
merge operation: 9 + 109 = 118
merge operation: 98 + 12 = 110
merge operation: 35 + 9 = 44
merge operation: 6 + 44 = 50
number of merge operations = 11
number of resulting cycles = 6
cycle lengths after merge (length:number) = {9: 2, 42: 1, 50: 1, 110: 1, 118: 1}
gb-trace iteration=28 subcycle id=C1 vertices=[00i0,00u1,00y1,00z1,00x1,00k1,00X1,00U1,00V0,00Z0,00u5,00U0,00X5,00U5,00W0,00Y2,00W2,00j2,00w2,00y2,00u2,00v2,00i2,00V2,00Z2,00z2,00x2,00k2,00X2,00U2,00U4,00X4,00k4,00x4,00u0,00z4,00y4,00u4,01u0,01V4,01Z4,01Y4,01U4,01X4,01x4,01z4,01y4,01w4,01W4,01j4,01k4,01i4,01v4,01u4,01z0,01U3,01Y3,01W3,01w3,01y3,01u3,01k0,01X0,01U0,00U3,00X3,00k3,00x3,00z3,00y3,00w3,00j3,00W3,00Y3,00Z3,00V3,00i3,00v3,00X0,00u3,00k0,00j0]
gb-trace iteration=28 subcycle id=C2 vertices=[00i1,00j1,00w1,00W1,00Y1,00Z1,00V1,00v1]
gb-trace iteration=28 subcycle id=C3 vertices=[00i4,00v4,00V4,00Z4,00Y4,00W4,00w4,00j4]
gb-trace iteration=28 subcycle id=C4 vertices=[00i5,00j5,00k5,00x5,00z5,00y5,00w5,00W5,00Y5,00Z5,00V5,00v5]
gb-trace iteration=28 subcycle id=C5 vertices=[01i0,01j0,01u2,01y2,01w2,01W2,01Y2,01U2,01X2,01x2,01k2,01j2,01i2,01v2,01V2,01Z2,01z2,01W0,01U5,01X5,01k5,01x5,01z5,01y5,01w5,01j5,01W5,01Y5,01Z5,01V5,01i5,01v5,01u5,01Z0,01V0]
gb-trace iteration=28 subcycle id=C6 vertices=[01i1,01k1,01j1,01W1,01w1,01y1,01u1,01v1,01V1]
gb-trace iteration=28 subcycle id=C7 vertices=[01x1,01X1,01U1,01Y1,01Z1,01z1]
gb-trace iteration=28 subcycle id=C8 vertices=[01i3,01j3,01k3,01X3,01x3,01z3,01Z3,01V3,01v3]
gb-trace iteration=28 subcycle id=C9 vertices=[10i0,10k0,10u3,10v3,10V3,10Z3,10Y3,10W3,10w3,10j3,10i3,10k3,10X3,10x3,10z3,10y3,10X0,10U3,11U0,11X0,11w3,11W3,11Y3,11Z3,11z3,11y3,11u3,11v3,11V3,11i3,11j3,11k3,11x3,11X3,11U3,11z0,11u4,11u0,10u4,10u0,10U1,10X1,10k1,10x1,10z1,10Z1,10Y1,10W1,10j1,10i1,10V1,10v1,10u1,10y1,10w1,10V0,10Z0,10u5,10v5,10V5,10i5,10j5,10W5,10Y5,10Z5,10z5,10y5,10w5,10U0,10U5,10W0,10j0]
gb-trace iteration=28 subcycle id=C10 vertices=[10i2,10k2,10x2,10X2,10U2,10Y2,10W2,10w2,10j2]
gb-trace iteration=28 subcycle id=C11 vertices=[10u2,10y2,10z2,10Z2,10V2,10v2]
gb-trace iteration=28 subcycle id=C12 vertices=[10i4,10v4,10V4,10Z4,10Y4,10U4,10X4,10x4,10z4,10y4,10w4,10W4,10j4,10k4]
gb-trace iteration=28 subcycle id=C13 vertices=[10k5,10x5,10X5]
gb-trace iteration=28 subcycle id=C14 vertices=[11i0,11k0,11j0,11u2,11v2,11V2,11Z2,11Y2,11U2,11X2,11k2,11i2,11j2,11W2,11w2,11y2,11z2,11x2,11W0,11U5,11Y5,11Z5,11V5,11v5,11u5,11Z0,11V0,11u1]
gb-trace iteration=28 subcycle id=C15 vertices=[11i1,11k1,11j1,11W1,11w1,11y1,11z1,11x1,11X1,11U1,11Y1,11Z1,11V1,11v1]
gb-trace iteration=28 subcycle id=C16 vertices=[11i4,11j4,11W4,11w4,11y4,11z4,11x4,11k4,11X4,11U4,11Y4,11Z4,11V4,11v4]
gb-trace iteration=28 subcycle id=C17 vertices=[11i5,11k5,11X5,11x5,11z5,11y5,11w5,11W5,11j5]
gb-trace iteration=28 merge C1 + C2 = C18
gb-trace iteration=28 merge C16 + C9 = C19
gb-trace iteration=28 merge C15 + C14 = C20
gb-trace iteration=28 merge C19 + C11 = C21
gb-trace iteration=28 merge C13 + C21 = C22
gb-trace iteration=28 merge C12 + C22 = C23
gb-trace iteration=28 merge C3 + C18 = C24
gb-trace iteration=28 merge C10 + C23 = C25
gb-trace iteration=28 merge C24 + C4 = C26
gb-trace iteration=28 merge C5 + C6 = C27
gb-trace iteration=28 merge C7 + C27 = C28
gb-trace iteration=28 resulting id=C20 vertices=[11i1,11k1,11j1,11W1,11w1,11V0,11Z0,11u5,11v5,11V5,11Z5,11Y5,11U5,11W0,11x2,11z2,11y2,11w2,11W2,11j2,11i2,11k2,11X2,11U2,11Y2,11Z2,11V2,11v2,11u2,11j0,11k0,11i0,11u1,11y1,11z1,11x1,11X1,11U1,11Y1,11Z1,11V1,11v1]
gb-trace iteration=28 resulting id=C17 vertices=[11i5,11k5,11X5,11x5,11z5,11y5,11w5,11W5,11j5]
gb-trace iteration=28 resulting id=C8 vertices=[01i3,01j3,01k3,01X3,01x3,01z3,01Z3,01V3,01v3]
gb-trace iteration=28 resulting id=C25 vertices=[10i2,10k2,10x2,10X2,10U2,10Y2,10W2,10W0,10U5,10X5,10k5,10x5,10U0,10w5,10y5,10z5,10Z5,10Y5,10W5,10j5,10i5,10V5,10v5,10u5,10Z0,10V0,10w1,10y1,10u1,10v1,10V1,10i1,10j1,10W1,10Y1,10Z1,10z1,10x1,10k1,10X1,10U1,10u0,10V4,10Z4,10Y4,10U4,10X4,10x4,10z4,10y4,10w4,10W4,10j4,10k4,10i4,10v4,10u4,11u0,11w4,11W4,11j4,11i4,11v4,11V4,11Z4,11Y4,11U4,11X4,11k4,11x4,11z4,11y4,11u4,11z0,11U3,11X3,11x3,11k3,11j3,11i3,11V3,11v3,11u3,11y3,11z3,11Z3,11Y3,11W3,11w3,11X0,11U0,10U3,10X0,10y3,10z3,10x3,10X3,10k3,10i3,10j3,10w3,10W3,10Y3,10Z3,10V3,10v3,10u3,10k0,10i0,10j0,10u2,10v2,10V2,10Z2,10z2,10y2,10w2,10j2]
gb-trace iteration=28 resulting id=C26 vertices=[00i4,00v4,00V4,00u0,00x4,00k4,00X4,00U4,00U2,00X2,00k2,00x2,00z2,00Z2,00V2,00i2,00v2,00u2,00y2,00w2,00j2,00W2,00Y2,00W0,00U5,00X5,00k5,00j5,00i5,00v5,00V5,00Z5,00Y5,00W5,00w5,00y5,00z5,00x5,00U0,00u5,00Z0,00V0,00Z1,00V1,00v1,00i1,00j1,00w1,00W1,00Y1,00U1,00X1,00k1,00x1,00z1,00y1,00u1,00i0,00j0,00k0,00u3,00X0,00v3,00i3,00V3,00Z3,00Y3,00W3,00j3,00w3,00y3,00z3,00x3,00k3,00X3,00U3,01U0,01X0,01k0,01u3,01y3,01w3,01W3,01Y3,01U3,01z0,01u4,01v4,01i4,01k4,01j4,01W4,01w4,01y4,01z4,01x4,01X4,01U4,01Y4,01Z4,01V4,01u0,00u4,00y4,00z4,00Z4,00Y4,00W4,00w4,00j4]
gb-trace iteration=28 resulting id=C28 vertices=[01x1,01X1,01U1,01Y1,01Z1,01V0,01Z0,01u5,01v5,01i5,01V5,01Z5,01Y5,01W5,01j5,01w5,01y5,01z5,01x5,01k5,01X5,01U5,01W0,01z2,01Z2,01V2,01v2,01i2,01j2,01k2,01x2,01X2,01U2,01Y2,01W2,01w2,01y2,01u2,01j0,01i0,01u1,01v1,01V1,01i1,01k1,01j1,01W1,01w1,01y1,01z1]
cut arcs by clause length (length:number) = {12: 4, 18: 4, 20: 2, 32: 2}
number of added block clauses (this increment) = 12
number of added block clauses (accumulated) = 636
add block clauses time = 531.336us
increment time = 1.123612ms

CEGAR iteration...
cegar iteration = 29
sat solving time = 3.142080ms
number of subcycles found = 15
cycle lengths before merge (length:number) = {3: 2, 6: 1, 7: 1, 8: 3, 9: 1, 12: 2, 14: 2, 29: 1, 58: 1, 147: 1}
merge operation: 147 + 9 = 156
merge operation: 14 + 58 = 72
merge operation: 14 + 29 = 43
merge operation: 72 + 12 = 84
merge operation: 7 + 156 = 163
merge operation: 3 + 163 = 166
number of merge operations = 6
number of resulting cycles = 9
cycle lengths after merge (length:number) = {3: 1, 6: 1, 8: 3, 12: 1, 43: 1, 84: 1, 166: 1}
gb-trace iteration=29 subcycle id=C1 vertices=[00i0,00u1,00y1,00z1,00x1,00k1,00X1,00U1,00u0,10u0,10U1,10X1,10k1,10x1,10z1,10Z1,10Y1,10W1,10j1,10i1,10V1,10v1,10u1,10y1,10w1,10V0,10Z0,10u5,10v5,10V5,10i5,10k5,10x5,10X5,10U5,10U0,00U0,00X0,00y3,00w3,00j3,00W3,00Y3,00U3,00X3,00k3,00x3,00z3,00Z3,00V3,00i3,00v3,00u3,00k0,00j0,00W0,00Y2,00W2,00j2,00w2,00y2,00u2,00v2,00i2,00V2,00Z2,00z2,00x2,00k2,00X2,00U2,00U4,00X4,00k4,00x4,00z4,00y4,00u4,01u0,01V4,01Z4,01Y4,01U4,01X4,01x4,01z4,01y4,01w4,01W4,01j4,01k4,01i4,01v4,01u4,01z0,01U3,01X3,01k3,01x3,01z3,01y3,01w3,01j3,01W3,01Y3,01Z3,01V3,01i3,01v3,01u3,01X0,01U0,01w5,01j5,01W5,01Y5,01Z5,01z5,01y5,01u5,01v5,01V5,01i5,01k5,01x5,01X5,01U5,01W0,01Y2,01U2,01X2,01x2,01k2,01i2,01v2,01V2,01Z2,01z2,01y2,01u2,01j0,01k0,01i0,01V0,01Z0,00Z0,00V0]
gb-trace iteration=29 subcycle id=C2 vertices=[00i1,00j1,00w1,00W1,00Y1,00Z1,00V1,00v1]
gb-trace iteration=29 subcycle id=C3 vertices=[00i4,00v4,00V4,00Z4,00Y4,00W4,00w4,00j4]
gb-trace iteration=29 subcycle id=C4 vertices=[00i5,00k5,00x5,00X5,00U5,00Y5,00Z5,00z5,00y5,00u5,00v5,00V5]
gb-trace iteration=29 subcycle id=C5 vertices=[00j5,00w5,00W5]
gb-trace iteration=29 subcycle id=C6 vertices=[01i1,01k1,01j1,01W1,01w1,01y1,01u1,01v1,01V1]
gb-trace iteration=29 subcycle id=C7 vertices=[01x1,01X1,01U1,01Y1,01Z1,01z1]
gb-trace iteration=29 subcycle id=C8 vertices=[01j2,01w2,01W2]
gb-trace iteration=29 subcycle id=C9 vertices=[10i0,10k0,10u3,10v3,10V3,10Z3,10Y3,10W3,10w3,10j3,10i3,10k3,10X3,10x3,10z3,10y3,10X0,10U3,11U0,11X0,11w3,11W3,11Y3,11Z3,11z3,11y3,11u3,11v3,11V3,11i3,11j3,11k3,11x3,11X3,11U3,11z0,11u4,11u0,10u4,10v4,10i4,10V4,10Z4,10Y4,10W4,10j4,10w4,10y4,10z4,10x4,10k4,10X4,10U4,10U2,10X2,10x2,10W0,10j0]
gb-trace iteration=29 subcycle id=C10 vertices=[10i2,10k2,10j2,10w2,10W2,10Y2,10Z2,10z2,10y2,10u2,10v2,10V2]
gb-trace iteration=29 subcycle id=C11 vertices=[10j5,10W5,10Y5,10Z5,10z5,10y5,10w5]
gb-trace iteration=29 subcycle id=C12 vertices=[11i0,11k0,11j0,11u2,11v2,11V2,11Z2,11Y2,11U2,11X2,11k2,11i2,11j2,11W2,11w2,11y2,11z2,11x2,11W0,11U5,11Y5,11Z5,11V5,11i5,11v5,11u5,11Z0,11V0,11u1]
gb-trace iteration=29 subcycle id=C13 vertices=[11i1,11k1,11j1,11W1,11w1,11y1,11z1,11x1,11X1,11U1,11Y1,11Z1,11V1,11v1]
gb-trace iteration=29 subcycle id=C14 vertices=[11i4,11j4,11W4,11w4,11y4,11z4,11x4,11k4,11X4,11U4,11Y4,11Z4,11V4,11v4]
gb-trace iteration=29 subcycle id=C15 vertices=[11j5,11k5,11X5,11x5,11z5,11y5,11w5,11W5]
gb-trace iteration=29 merge C1 + C6 = C16
gb-trace iteration=29 merge C14 + C9 = C17
gb-trace iteration=29 merge C13 + C12 = C18
gb-trace iteration=29 merge C17 + C10 = C19
gb-trace iteration=29 merge C11 + C16 = C20
gb-trace iteration=29 merge C8 + C20 = C21
gb-trace iteration=29 resulting id=C18 vertices=[11i1,11k1,11j1,11W1,11w1,11V0,11Z0,11u5,11v5,11i5,11V5,11Z5,11Y5,11U5,11W0,11x2,11z2,11y2,11w2,11W2,11j2,11i2,11k2,11X2,11U2,11Y2,11Z2,11V2,11v2,11u2,11j0,11k0,11i0,11u1,11y1,11z1,11x1,11X1,11U1,11Y1,11Z1,11V1,11v1]
gb-trace iteration=29 resulting id=C2 vertices=[00i1,00j1,00w1,00W1,00Y1,00Z1,00V1,00v1]
gb-trace iteration=29 resulting id=C3 vertices=[00i4,00v4,00V4,00Z4,00Y4,00W4,00w4,00j4]
gb-trace iteration=29 resulting id=C4 vertices=[00i5,00k5,00x5,00X5,00U5,00Y5,00Z5,00z5,00y5,00u5,00v5,00V5]
gb-trace iteration=29 resulting id=C5 vertices=[00j5,00w5,00W5]
gb-trace iteration=29 resulting id=C15 vertices=[11j5,11k5,11X5,11x5,11z5,11y5,11w5,11W5]
gb-trace iteration=29 resulting id=C7 vertices=[01x1,01X1,01U1,01Y1,01Z1,01z1]
gb-trace iteration=29 resulting id=C19 vertices=[11i4,11j4,11W4,11w4,11u0,10u4,10v4,10i4,10V4,10Z4,10Y4,10W4,10j4,10w4,10y4,10z4,10x4,10k4,10X4,10U4,10U2,10X2,10x2,10z2,10Z2,10Y2,10W2,10w2,10j2,10k2,10i2,10V2,10v2,10u2,10y2,10W0,10j0,10i0,10k0,10u3,10v3,10V3,10Z3,10Y3,10W3,10w3,10j3,10i3,10k3,10X3,10x3,10z3,10y3,10X0,10U3,11U0,11X0,11w3,11W3,11Y3,11Z3,11z3,11y3,11u3,11v3,11V3,11i3,11j3,11k3,11x3,11X3,11U3,11z0,11u4,11y4,11z4,11x4,11k4,11X4,11U4,11Y4,11Z4,11V4,11v4]
gb-trace iteration=29 resulting id=C21 vertices=[01j2,01w2,01W0,01U5,01X5,01x5,01k5,01i5,01V5,01v5,01u5,01y5,01z5,01Z5,01Y5,01W5,01j5,01w5,01U0,01X0,01u3,01v3,01i3,01V3,01Z3,01Y3,01W3,01j3,01w3,01y3,01z3,01x3,01k3,01X3,01U3,01z0,01u4,01v4,01i4,01k4,01j4,01W4,01w4,01y4,01z4,01x4,01X4,01U4,01Y4,01Z4,01V4,01u0,00u4,00y4,00z4,00x4,00k4,00X4,00U4,00U2,00X2,00k2,00x2,00z2,00Z2,00V2,00i2,00v2,00u2,00y2,00w2,00j2,00W2,00Y2,00W0,00j0,00k0,00u3,00v3,00i3,00V3,00Z3,00z3,00x3,00k3,00X3,00U3,00Y3,00W3,00j3,00w3,00y3,00X0,00U0,10U0,10W5,10j5,10w5,10y5,10z5,10Z5,10Y5,10U5,10X5,10x5,10k5,10i5,10V5,10v5,10u5,10Z0,10V0,10w1,10y1,10u1,10v1,10V1,10i1,10j1,10W1,10Y1,10Z1,10z1,10x1,10k1,10X1,10U1,10u0,00u0,00U1,00X1,00k1,00x1,00z1,00y1,00u1,00i0,00V0,00Z0,01Z0,01V0,01v1,01V1,01i1,01k1,01j1,01W1,01w1,01y1,01u1,01i0,01k0,01j0,01u2,01y2,01z2,01Z2,01V2,01v2,01i2,01k2,01x2,01X2,01U2,01Y2,01W2]
cut arcs by clause length (length:number) = {6: 2, 12: 8, 16: 2, 18: 2, 34: 2, 68: 2}
number of added block clauses (this increment) = 18
number of added block clauses (accumulated) = 654
add block clauses time = 501.882us
increment time = 3.643962ms

CEGAR iteration...
cegar iteration = 30
sat solving time = 1.092414ms
number of subcycles found = 17
cycle lengths before merge (length:number) = {3: 1, 6: 3, 7: 3, 9: 3, 11: 1, 12: 1, 13: 1, 14: 1, 15: 1, 87: 1, 117: 1}
merge operation: 117 + 7 = 124
merge operation: 14 + 87 = 101
merge operation: 7 + 13 = 20
merge operation: 12 + 101 = 113
merge operation: 9 + 20 = 29
merge operation: 11 + 124 = 135
merge operation: 9 + 29 = 38
merge operation: 7 + 135 = 142
merge operation: 3 + 142 = 145
number of merge operations = 9
number of resulting cycles = 8
cycle lengths after merge (length:number) = {6: 3, 9: 1, 15: 1, 38: 1, 113: 1, 145: 1}
gb-trace iteration=30 subcycle id=C1 vertices=[00i0,00u1,00v1,00V1,00i1,00k1,00x1,00X1,00U1,00Y1,00W1,00j1,00w1,00y1,00z1,00Z1,00V0,00Z0,01Z0,01z0,01U3,01X3,01k3,01x3,01z3,01y3,01w3,01j3,01W3,01Y3,01Z3,01V3,01i3,01v3,01u3,01X0,01U0,01w5,01j5,01W5,01Y5,01Z5,01z5,01y5,01u5,01v5,01V5,01i5,01k5,01x5,01X5,01U5,01W0,01Y2,01U2,01X2,01x2,01k2,01i2,01v2,01V2,01Z2,01z2,01y2,01u2,01j0,01k0,01i0,01u1,01v1,01V1,01i1,01j1,01k1,01x1,01X1,01U1,01u0,00u4,00y4,00w4,00u0,00z4,00x4,00k4,00X4,00U4,00U2,00Y2,00W2,00w2,00y2,00u2,00j0,00W0,00U5,00X5,00k5,00x5,00U0,00X0,00y3,00w3,00j3,00W3,00Y3,00U3,00X3,00k3,00x3,00z3,00Z3,00V3,00i3,00v3,00u3,00k0]
gb-trace iteration=30 subcycle id=C2 vertices=[00i2,00v2,00V2,00Z2,00z2,00x2,00X2,00k2,00j2]
gb-trace iteration=30 subcycle id=C3 vertices=[00i4,00v4,00V4,00Z4,00Y4,00W4,00j4]
gb-trace iteration=30 subcycle id=C4 vertices=[00i5,00j5,00w5,00W5,00Y5,00Z5,00z5,00y5,00u5,00v5,00V5]
gb-trace iteration=30 subcycle id=C5 vertices=[01V0,01Z1,01z1,01y1,01w1,01W1,01Y1]
gb-trace iteration=30 subcycle id=C6 vertices=[01j2,01w2,01W2]
gb-trace iteration=30 subcycle id=C7 vertices=[01i4,01v4,01u4,01y4,01w4,01j4,01W4,01Y4,01U4,01X4,01k4,01x4,01z4,01Z4,01V4]
gb-trace iteration=30 subcycle id=C8 vertices=[10i0,10V0,10Z0,11Z0,11V0,11u1,11i0,11k0,11j0,11u2,11v2,11V2,11W0,11U5,11Y5,11Z5,11V5,11i5,11v5,11u5,11y5,11z5,11x5,11X5,11k5,11j5,11W5,11w5,11U0,11X0,11w3,11W3,11Y3,11Z3,11z3,11y3,11u3,11v3,11V3,11i3,11j3,11k3,11x3,11X3,11U3,11z0,11u4,11v4,11i4,11k4,11j4,11W4,11w4,11y4,11z4,11x4,11X4,11U4,11Y4,11Z4,11V4,11u0,10u4,10v4,10i4,10V4,10Z4,10Y4,10W4,10j4,10w4,10y4,10z4,10x4,10k4,10X4,10U4,10u0,10U1,10X1,10x1,10k1,10j1,10i1,10V1,10v1,10u1]
gb-trace iteration=30 subcycle id=C9 vertices=[10j0,10k0,10X0,10U0,10u5,10v5,10V5,10i5,10k5,10x5,10X5,10U5,10W0]
gb-trace iteration=30 subcycle id=C10 vertices=[10w1,10W1,10Y1,10Z1,10z1,10y1]
gb-trace iteration=30 subcycle id=C11 vertices=[10i2,10k2,10j2,10W2,10w2,10y2,10u2,10v2,10V2]
gb-trace iteration=30 subcycle id=C12 vertices=[10x2,10X2,10U2,10Y2,10Z2,10z2]
gb-trace iteration=30 subcycle id=C13 vertices=[10i3,10V3,10v3,10u3,10y3,10w3,10W3,10j3,10k3]
gb-trace iteration=30 subcycle id=C14 vertices=[10x3,10z3,10Z3,10Y3,10U3,10X3]
gb-trace iteration=30 subcycle id=C15 vertices=[10j5,10W5,10Y5,10Z5,10z5,10y5,10w5]
gb-trace iteration=30 subcycle id=C16 vertices=[11i1,11k1,11j1,11W1,11w1,11y1,11z1,11x1,11X1,11U1,11Y1,11Z1,11V1,11v1]
gb-trace iteration=30 subcycle id=C17 vertices=[11i2,11j2,11W2,11w2,11y2,11z2,11Z2,11Y2,11U2,11X2,11x2,11k2]
gb-trace iteration=30 merge C1 + C3 = C18
gb-trace iteration=30 merge C16 + C8 = C19
gb-trace iteration=30 merge C15 + C9 = C20
gb-trace iteration=30 merge C17 + C19 = C21
gb-trace iteration=30 merge C13 + C20 = C22
gb-trace iteration=30 merge C4 + C18 = C23
gb-trace iteration=30 merge C11 + C22 = C24
gb-trace iteration=30 merge C5 + C23 = C25
gb-trace iteration=30 merge C6 + C25 = C26
gb-trace iteration=30 resulting id=C14 vertices=[10x3,10z3,10Z3,10Y3,10U3,10X3]
gb-trace iteration=30 resulting id=C2 vertices=[00i2,00v2,00V2,00Z2,00z2,00x2,00X2,00k2,00j2]
gb-trace iteration=30 resulting id=C12 vertices=[10x2,10X2,10U2,10Y2,10Z2,10z2]
gb-trace iteration=30 resulting id=C10 vertices=[10w1,10W1,10Y1,10Z1,10z1,10y1]
gb-trace iteration=30 resulting id=C21 vertices=[11i2,11j2,11W2,11w2,11y2,11z2,11W0,11U5,11Y5,11Z5,11V5,11i5,11v5,11u5,11y5,11z5,11x5,11X5,11k5,11j5,11W5,11w5,11U0,11X0,11w3,11W3,11Y3,11Z3,11z3,11y3,11u3,11v3,11V3,11i3,11j3,11k3,11x3,11X3,11U3,11z0,11u4,11v4,11i4,11k4,11j4,11W4,11w4,11y4,11z4,11x4,11X4,11U4,11Y4,11Z4,11V4,11u0,10u4,10v4,10i4,10V4,10Z4,10Y4,10W4,10j4,10w4,10y4,10z4,10x4,10k4,10X4,10U4,10u0,10U1,10X1,10x1,10k1,10j1,10i1,10V1,10v1,10u1,10i0,10V0,10Z0,11Z0,11V0,11w1,11W1,11j1,11k1,11i1,11v1,11V1,11Z1,11Y1,11U1,11X1,11x1,11z1,11y1,11u1,11i0,11k0,11j0,11u2,11v2,11V2,11Z2,11Y2,11U2,11X2,11x2,11k2]
gb-trace iteration=30 resulting id=C24 vertices=[10i2,10k2,10j2,10W2,10w2,10y2,10W0,10U5,10X5,10x5,10k5,10i5,10V5,10v5,10u5,10y5,10w5,10j5,10W5,10Y5,10Z5,10z5,10U0,10X0,10v3,10V3,10i3,10k3,10j3,10W3,10w3,10y3,10u3,10k0,10j0,10u2,10v2,10V2]
gb-trace iteration=30 resulting id=C7 vertices=[01i4,01v4,01u4,01y4,01w4,01j4,01W4,01Y4,01U4,01X4,01k4,01x4,01z4,01Z4,01V4]
gb-trace iteration=30 resulting id=C26 vertices=[01j2,01w2,01W0,01U5,01X5,01x5,01k5,01i5,01V5,01v5,01u5,01y5,01z5,01Z5,01Y5,01W5,01j5,01w5,01U0,01X0,01u3,01v3,01i3,01V3,01Z3,01Y3,01W3,01j3,01w3,01y3,01z3,01x3,01k3,01X3,01U3,01z0,01Z0,00Z0,00V0,00Z1,00z1,00y1,00w1,00j1,00W1,00Y1,00U1,00X1,00x1,00k1,00i1,00V1,00v1,00u1,00i0,00k0,00u3,00v3,00i3,00V3,00Z3,00z3,00x3,00k3,00X3,00U3,00Y3,00W3,00j3,00w3,00y3,00X0,00U0,00Z5,00Y5,00W5,00w5,00j5,00i5,00V5,00v5,00u5,00y5,00z5,00x5,00k5,00X5,00U5,00W0,00j0,00u2,00y2,00w2,00W2,00Y2,00U2,00U4,00X4,00k4,00x4,00z4,00u0,00Y4,00Z4,00V4,00v4,00i4,00j4,00W4,00w4,00y4,00u4,01u0,01U1,01X1,01x1,01k1,01j1,01i1,01V1,01Z1,01z1,01y1,01w1,01W1,01Y1,01V0,01v1,01u1,01i0,01k0,01j0,01u2,01y2,01z2,01Z2,01V2,01v2,01i2,01k2,01x2,01X2,01U2,01Y2,01W2]
cut arcs by clause length (length:number) = {12: 8, 14: 2, 18: 2, 26: 2, 28: 2}
number of added block clauses (this increment) = 16
number of added block clauses (accumulated) = 670
add block clauses time = 466.593us
increment time = 1.559007ms

CEGAR iteration...
cegar iteration = 31
sat solving time = 833.409us
number of subcycles found = 17
cycle lengths before merge (length:number) = {3: 3, 6: 1, 7: 3, 9: 2, 11: 1, 12: 2, 14: 2, 23: 1, 94: 1, 104: 1}
merge operation: 104 + 7 = 111
merge operation: 12 + 23 = 35
merge operation: 11 + 111 = 122
merge operation: 9 + 35 = 44
merge operation: 122 + 9 = 131
merge operation: 7 + 94 = 101
merge operation: 12 + 101 = 113
merge operation: 14 + 131 = 145
merge operation: 14 + 145 = 159
number of merge operations = 9
number of resulting cycles = 8
cycle lengths after merge (length:number) = {3: 3, 6: 1, 7: 1, 44: 1, 113: 1, 159: 1}
gb-trace iteration=31 subcycle id=C1 vertices=[00i0,00u1,00v1,00V1,00i1,00k1,00x1,00X1,00U1,00Y1,00W1,00j1,00w1,00y1,00z1,00Z1,00V0,00Z0,01Z0,01V0,01U1,01X1,01x1,01z1,01y1,01u1,01i0,01j0,01u2,01W0,01U5,01X5,01k5,01x5,01z5,01y5,01w5,01j5,01W5,01Y5,01Z5,01V5,01i5,01v5,01u5,01U0,01X0,01k0,01u3,01y3,01w3,01j3,01W3,01Y3,01Z3,01z3,01x3,01k3,01X3,01U3,01z0,01u4,01u0,00u4,00y4,00w4,00u0,00z4,00x4,00k4,00X4,00U4,00U2,00X2,00x2,00k2,00i2,00V2,00v2,00u2,00j0,00W0,00U5,00X5,00k5,00x5,00U0,00X0,00y3,00w3,00j3,00W3,00Y3,00U3,00X3,00k3,00x3,00z3,00Z3,00V3,00i3,00v3,00u3,00k0]
gb-trace iteration=31 subcycle id=C2 vertices=[00j2,00W2,00Y2,00Z2,00z2,00y2,00w2]
gb-trace iteration=31 subcycle id=C3 vertices=[00i4,00v4,00V4,00Z4,00Y4,00W4,00j4]
gb-trace iteration=31 subcycle id=C4 vertices=[00i5,00j5,00w5,00W5,00Y5,00Z5,00z5,00y5,00u5,00v5,00V5]
gb-trace iteration=31 subcycle id=C5 vertices=[01i1,01k1,01j1,01w1,01W1,01Y1,01Z1,01V1,01v1]
gb-trace iteration=31 subcycle id=C6 vertices=[01i2,01v2,01V2,01Z2,01z2,01y2,01w2,01W2,01Y2,01U2,01X2,01x2,01k2,01j2]
gb-trace iteration=31 subcycle id=C7 vertices=[01i3,01v3,01V3]
gb-trace iteration=31 subcycle id=C8 vertices=[01i4,01v4,01V4,01Z4,01z4,01y4,01w4,01j4,01W4,01Y4,01U4,01X4,01x4,01k4]
gb-trace iteration=31 subcycle id=C9 vertices=[10i0,10u1,10y1,10z1,10Z1,10V1,10v1,10i1,10k1,10x1,10X1,10U1,10Y1,10W1,10j1,10w1,10V0,10Z0,10u5,10U0,10v5,10V5,10i5,10k5,10x5,10X5,10U5,10W0,10j0,10u2,10v2,10V2,10Z2,10Y2,10W2,10w2,10y2,10z2,10x2,10X2,10U2,10U4,10u0,10v4,10u4,11u0,11z4,11y4,11w4,11W4,11j4,11k4,11x4,11X4,11U4,11Y4,11Z4,11V4,11i4,11v4,11u4,11z0,11U3,11X3,11x3,11k3,11j3,11w3,11W3,11Y3,11Z3,11z3,11y3,11u3,11k0,11X0,11U0,10U3,10X3,10x3,10k3,10i3,10j3,10w3,10W3,10Y3,10Z3,10V3,10v3,10u3,10y3,10z3,10X0,10k0]
gb-trace iteration=31 subcycle id=C10 vertices=[10i2,10k2,10j2]
gb-trace iteration=31 subcycle id=C11 vertices=[10i4,10V4,10Z4,10Y4,10W4,10j4,10w4,10y4,10z4,10x4,10X4,10k4]
gb-trace iteration=31 subcycle id=C12 vertices=[10j5,10W5,10Y5,10Z5,10z5,10y5,10w5]
gb-trace iteration=31 subcycle id=C13 vertices=[11i0,11V0,11Z0,11u5,11v5,11i5,11V5,11Z5,11Y5,11W5,11j5,11w5,11y5,11z5,11x5,11k5,11X5,11U5,11W0,11V2,11v2,11u2,11j0]
gb-trace iteration=31 subcycle id=C14 vertices=[11i1,11k1,11j1,11W1,11w1,11y1,11u1,11v1,11V1]
gb-trace iteration=31 subcycle id=C15 vertices=[11x1,11X1,11U1,11Y1,11Z1,11z1]
gb-trace iteration=31 subcycle id=C16 vertices=[11i2,11j2,11W2,11w2,11y2,11z2,11Z2,11Y2,11U2,11X2,11x2,11k2]
gb-trace iteration=31 subcycle id=C17 vertices=[11i3,11v3,11V3]
gb-trace iteration=31 merge C1 + C3 = C18
gb-trace iteration=31 merge C16 + C13 = C19
gb-trace iteration=31 merge C4 + C18 = C20
gb-trace iteration=31 merge C14 + C19 = C21
gb-trace iteration=31 merge C20 + C5 = C22
gb-trace iteration=31 merge C12 + C9 = C23
gb-trace iteration=31 merge C11 + C23 = C24
gb-trace iteration=31 merge C6 + C22 = C25
gb-trace iteration=31 merge C8 + C25 = C26
gb-trace iteration=31 resulting id=C15 vertices=[11x1,11X1,11U1,11Y1,11Z1,11z1]
gb-trace iteration=31 resulting id=C2 vertices=[00j2,00W2,00Y2,00Z2,00z2,00y2,00w2]
gb-trace iteration=31 resulting id=C17 vertices=[11i3,11v3,11V3]
gb-trace iteration=31 resulting id=C10 vertices=[10i2,10k2,10j2]
gb-trace iteration=31 resulting id=C21 vertices=[11i1,11k1,11j1,11W1,11w1,11y1,11V0,11Z0,11u5,11v5,11i5,11V5,11Z5,11Y5,11W5,11j5,11w5,11y5,11z5,11x5,11k5,11X5,11U5,11W0,11z2,11y2,11w2,11W2,11j2,11i2,11k2,11x2,11X2,11U2,11Y2,11Z2,11V2,11v2,11u2,11j0,11i0,11u1,11v1,11V1]
gb-trace iteration=31 resulting id=C24 vertices=[10i4,10v4,10u4,11u0,11z4,11y4,11w4,11W4,11j4,11k4,11x4,11X4,11U4,11Y4,11Z4,11V4,11i4,11v4,11u4,11z0,11U3,11X3,11x3,11k3,11j3,11w3,11W3,11Y3,11Z3,11z3,11y3,11u3,11k0,11X0,11U0,10U3,10X3,10x3,10k3,10i3,10j3,10w3,10W3,10Y3,10Z3,10V3,10v3,10u3,10y3,10z3,10X0,10k0,10i0,10u1,10y1,10z1,10Z1,10V1,10v1,10i1,10k1,10x1,10X1,10U1,10Y1,10W1,10j1,10w1,10V0,10Z0,10u5,10y5,10w5,10j5,10W5,10Y5,10Z5,10z5,10U0,10v5,10V5,10i5,10k5,10x5,10X5,10U5,10W0,10j0,10u2,10v2,10V2,10Z2,10Y2,10W2,10w2,10y2,10z2,10x2,10X2,10U2,10U4,10u0,10V4,10Z4,10Y4,10W4,10j4,10w4,10y4,10z4,10x4,10X4,10k4]
gb-trace iteration=31 resulting id=C7 vertices=[01i3,01v3,01V3]
gb-trace iteration=31 resulting id=C26 vertices=[01i4,01v4,01u4,01z0,01U3,01X3,01k3,01x3,01z3,01Z3,01Y3,01W3,01j3,01w3,01y3,01u3,01k0,01X0,01U0,01u5,01v5,01i5,01V5,01Z5,01Y5,01W5,01j5,01w5,01y5,01z5,01x5,01k5,01X5,01U5,01W0,01V2,01Z2,01z2,01y2,01w2,01W2,01Y2,01U2,01X2,01x2,01k2,01j2,01i2,01v2,01u2,01j0,01i0,01u1,01y1,01z1,01x1,01X1,01U1,01Y1,01Z1,01V1,01v1,01i1,01k1,01j1,01w1,01W1,01V0,01Z0,00Z0,00V0,00Z1,00z1,00y1,00w1,00j1,00W1,00Y1,00U1,00X1,00x1,00k1,00i1,00V1,00v1,00u1,00i0,00k0,00u3,00v3,00i3,00V3,00Z3,00z3,00x3,00k3,00X3,00U3,00Y3,00W3,00j3,00w3,00y3,00X0,00U0,00Z5,00Y5,00W5,00w5,00j5,00i5,00V5,00v5,00u5,00y5,00z5,00x5,00k5,00X5,00U5,00W0,00j0,00u2,00v2,00V2,00i2,00k2,00x2,00X2,00U2,00U4,00X4,00k4,00x4,00z4,00u0,00Y4,00Z4,00V4,00v4,00i4,00j4,00W4,00w4,00y4,00u4,01u0,01V4,01Z4,01z4,01y4,01w4,01j4,01W4,01Y4,01U4,01X4,01x4,01k4]
cut arcs by clause length (length:number) = {6: 6, 12: 4, 20: 2, 28: 2, 32: 2}
number of added block clauses (this increment) = 16
number of added block clauses (accumulated) = 686
add block clauses time = 480.010us
increment time = 1.313419ms

CEGAR iteration...
cegar iteration = 32
sat solving time = 639.472us
number of subcycles found = 15
cycle lengths before merge (length:number) = {7: 4, 8: 1, 9: 2, 11: 1, 12: 2, 14: 2, 23: 1, 93: 1, 105: 1}
merge operation: 105 + 7 = 112
merge operation: 12 + 23 = 35
merge operation: 7 + 35 = 42
merge operation: 112 + 11 = 123
merge operation: 7 + 93 = 100
merge operation: 12 + 100 = 112
merge operation: 7 + 112 = 119
merge operation: 123 + 9 = 132
merge operation: 14 + 132 = 146
merge operation: 14 + 146 = 160
number of merge operations = 10
number of resulting cycles = 5
cycle lengths after merge (length:number) = {8: 1, 9: 1, 42: 1, 119: 1, 160: 1}
gb-trace iteration=32 subcycle id=C1 vertices=[00i0,00u1,00v1,00V1,00i1,00k1,00x1,00X1,00U1,00Y1,00W1,00j1,00w1,00y1,00z1,00Z1,00V0,00Z0,01Z0,01V0,01U1,01X1,01x1,01z1,01y1,01u1,01i0,01j0,01u2,01W0,01U5,01X5,01k5,01x5,01z5,01y5,01w5,01j5,01W5,01Y5,01Z5,01V5,01i5,01v5,01u5,01U0,01X0,01k0,01u3,01y3,01z3,01x3,01X3,01U3,01z0,01u4,01u0,00u4,00y4,00w4,00u0,00z4,00x4,00k4,00X4,00U4,00U2,00Y2,00W2,00w2,00j2,00i2,00k2,00X2,00x2,00z2,00Z2,00V2,00v2,00u2,00y2,00W0,00U5,00X5,00k5,00x5,00U0,00X0,00y3,00w3,00j3,00W3,00Y3,00U3,00X3,00k3,00x3,00z3,00Z3,00V3,00i3,00v3,00u3,00k0,00j0]
gb-trace iteration=32 subcycle id=C2 vertices=[00i4,00v4,00V4,00Z4,00Y4,00W4,00j4]
gb-trace iteration=32 subcycle id=C3 vertices=[00i5,00j5,00w5,00W5,00Y5,00Z5,00z5,00y5,00u5,00v5,00V5]
gb-trace iteration=32 subcycle id=C4 vertices=[01i1,01k1,01j1,01w1,01W1,01Y1,01Z1,01V1,01v1]
gb-trace iteration=32 subcycle id=C5 vertices=[01i2,01v2,01V2,01Z2,01z2,01y2,01w2,01W2,01Y2,01U2,01X2,01x2,01k2,01j2]
gb-trace iteration=32 subcycle id=C6 vertices=[01i3,01v3,01V3,01Z3,01Y3,01W3,01w3,01j3,01k3]
gb-trace iteration=32 subcycle id=C7 vertices=[01i4,01v4,01V4,01Z4,01z4,01y4,01w4,01j4,01W4,01Y4,01U4,01X4,01x4,01k4]
gb-trace iteration=32 subcycle id=C8 vertices=[10i0,10u1,10y1,10z1,10Z1,10V1,10v1,10i1,10k1,10x1,10X1,10U1,10Y1,10W1,10j1,10w1,10V0,10Z0,10u5,10U0,10v5,10V5,10i5,10k5,10x5,10X5,10U5,10W0,10v2,10u2,10y2,10w2,10j2,10W2,10Y2,10U2,10U4,10u0,10v4,10u4,11u0,11z4,11y4,11w4,11W4,11j4,11k4,11x4,11X4,11U4,11Y4,11Z4,11V4,11i4,11v4,11u4,11z0,11U3,11X3,11k3,11x3,11z3,11y3,11w3,11j3,11W3,11Y3,11Z3,11V3,11i3,11v3,11u3,11k0,11X0,11U0,10U3,10X3,10x3,10k3,10i3,10j3,10w3,10W3,10Y3,10Z3,10V3,10v3,10u3,10y3,10z3,10X0,10k0,10j0]
gb-trace iteration=32 subcycle id=C9 vertices=[10i2,10k2,10X2,10x2,10z2,10Z2,10V2]
gb-trace iteration=32 subcycle id=C10 vertices=[10i4,10V4,10Z4,10Y4,10W4,10j4,10w4,10y4,10z4,10x4,10X4,10k4]
gb-trace iteration=32 subcycle id=C11 vertices=[10j5,10W5,10Y5,10Z5,10z5,10y5,10w5]
gb-trace iteration=32 subcycle id=C12 vertices=[11i0,11V0,11Z0,11u5,11v5,11i5,11V5,11Z5,11Y5,11W5,11j5,11w5,11y5,11z5,11x5,11k5,11X5,11U5,11W0,11V2,11v2,11u2,11j0]
gb-trace iteration=32 subcycle id=C13 vertices=[11i1,11V1,11Z1,11z1,11y1,11u1,11v1]
gb-trace iteration=32 subcycle id=C14 vertices=[11j1,11k1,11x1,11X1,11U1,11Y1,11W1,11w1]
gb-trace iteration=32 subcycle id=C15 vertices=[11i2,11j2,11W2,11w2,11y2,11z2,11Z2,11Y2,11U2,11X2,11x2,11k2]
gb-trace iteration=32 merge C1 + C2 = C16
gb-trace iteration=32 merge C15 + C12 = C17
gb-trace iteration=32 merge C13 + C17 = C18
gb-trace iteration=32 merge C16 + C3 = C19
gb-trace iteration=32 merge C11 + C8 = C20
gb-trace iteration=32 merge C10 + C20 = C21
gb-trace iteration=32 merge C9 + C21 = C22
gb-trace iteration=32 merge C19 + C4 = C23
gb-trace iteration=32 merge C7 + C23 = C24
gb-trace iteration=32 merge C5 + C24 = C25
gb-trace iteration=32 resulting id=C14 vertices=[11j1,11k1,11x1,11X1,11U1,11Y1,11W1,11w1]
gb-trace iteration=32 resulting id=C6 vertices=[01i3,01v3,01V3,01Z3,01Y3,01W3,01w3,01j3,01k3]
gb-trace iteration=32 resulting id=C18 vertices=[11i1,11V1,11Z1,11z1,11y1,11V0,11Z0,11u5,11v5,11i5,11V5,11Z5,11Y5,11W5,11j5,11w5,11y5,11z5,11x5,11k5,11X5,11U5,11W0,11z2,11y2,11w2,11W2,11j2,11i2,11k2,11x2,11X2,11U2,11Y2,11Z2,11V2,11v2,11u2,11j0,11i0,11u1,11v1]
gb-trace iteration=32 resulting id=C22 vertices=[10i2,10k2,10X2,10x2,10z2,10Z2,10W0,10U5,10X5,10x5,10k5,10i5,10V5,10v5,10U0,10z5,10Z5,10Y5,10W5,10j5,10w5,10y5,10u5,10Z0,10V0,10w1,10j1,10W1,10Y1,10U1,10X1,10x1,10k1,10i1,10v1,10V1,10Z1,10z1,10y1,10u1,10i0,10j0,10k0,10X0,10z3,10y3,10u3,10v3,10V3,10Z3,10Y3,10W3,10w3,10j3,10i3,10k3,10x3,10X3,10U3,11U0,11X0,11k0,11u3,11v3,11i3,11V3,11Z3,11Y3,11W3,11j3,11w3,11y3,11z3,11x3,11k3,11X3,11U3,11z0,11u4,11v4,11i4,11V4,11Z4,11Y4,11U4,11X4,11x4,11k4,11j4,11W4,11w4,11y4,11z4,11u0,10u4,10v4,10i4,10k4,10X4,10x4,10z4,10y4,10w4,10j4,10W4,10Y4,10Z4,10V4,10u0,10U4,10U2,10Y2,10W2,10j2,10w2,10y2,10u2,10v2,10V2]
gb-trace iteration=32 resulting id=C25 vertices=[01i2,01v2,01u2,01j0,01i0,01u1,01y1,01z1,01x1,01X1,01U1,01Y1,01Z1,01V1,01v1,01i1,01k1,01j1,01w1,01W1,01V0,01Z0,00Z0,00V0,00Z1,00z1,00y1,00w1,00j1,00W1,00Y1,00U1,00X1,00x1,00k1,00i1,00V1,00v1,00u1,00i0,00j0,00k0,00u3,00v3,00i3,00V3,00Z3,00z3,00x3,00k3,00X3,00U3,00Y3,00W3,00j3,00w3,00y3,00X0,00U0,00y5,00u5,00v5,00V5,00i5,00j5,00w5,00W5,00Y5,00Z5,00z5,00x5,00k5,00X5,00U5,00W0,00y2,00u2,00v2,00V2,00Z2,00z2,00x2,00X2,00k2,00i2,00j2,00w2,00W2,00Y2,00U2,00U4,00X4,00k4,00x4,00z4,00u0,00Y4,00Z4,00V4,00v4,00i4,00j4,00W4,00w4,00y4,00u4,01u0,01V4,01Z4,01z4,01y4,01w4,01j4,01W4,01Y4,01U4,01X4,01x4,01k4,01i4,01v4,01u4,01z0,01U3,01X3,01x3,01z3,01y3,01u3,01k0,01X0,01U0,01u5,01v5,01i5,01V5,01Z5,01Y5,01W5,01j5,01w5,01y5,01z5,01x5,01k5,01X5,01U5,01W0,01V2,01Z2,01z2,01y2,01w2,01W2,01Y2,01U2,01X2,01x2,01k2,01j2]
cut arcs by clause length (length:number) = {12: 4, 14: 2, 20: 2, 28: 2}
number of added block clauses (this increment) = 10
number of added block clauses (accumulated) = 696
add block clauses time = 469.862us
increment time = 1.109334ms

CEGAR iteration...
cegar iteration = 33
sat solving time = 2.982646ms
number of subcycles found = 17
cycle lengths before merge (length:number) = {3: 2, 6: 2, 7: 2, 8: 3, 9: 2, 13: 2, 14: 1, 42: 1, 81: 1, 101: 1}
merge operation: 101 + 8 = 109
merge operation: 8 + 109 = 117
merge operation: 81 + 6 = 87
merge operation: 9 + 87 = 96
merge operation: 13 + 117 = 130
merge operation: 7 + 130 = 137
merge operation: 96 + 14 = 110
merge operation: 9 + 137 = 146
merge operation: 13 + 110 = 123
number of merge operations = 9
number of resulting cycles = 8
cycle lengths after merge (length:number) = {3: 2, 6: 1, 7: 1, 8: 1, 42: 1, 123: 1, 146: 1}
gb-trace iteration=33 subcycle id=C1 vertices=[00i0,00u1,00v1,00V1,00i1,00k1,00x1,00X1,00U1,00u0,10u0,10U1,10Y1,10W1,10j1,10w1,10y1,10u1,10i0,10j0,10k0,10u3,10X0,10U3,11U0,11X0,11z3,11y3,11w3,11W3,11j3,11k3,11x3,11X3,11U3,11Y3,11Z3,11V3,11i3,11v3,11u3,11k0,11j0,11i0,11u1,11V0,11v1,11i1,11V1,11Z1,11Y1,11U1,11u0,10u4,10y4,10w4,10j4,10W4,10Y4,10U4,10U2,10X2,10k2,10x2,10z2,10y2,10u2,10v2,10W0,10U5,10Y5,10Z5,10z5,10y5,10w5,10W5,10j5,10i5,10V5,10v5,10u5,10U0,00U0,00X0,00y3,00w3,00j3,00W3,00Y3,00U3,00X3,00k3,00x3,00z3,00Z3,00V3,00i3,00v3,00u3,00k0,00j0]
gb-trace iteration=33 subcycle id=C2 vertices=[00V0,00Y1,00W1,00j1,00w1,00y1,00z1,00Z1]
gb-trace iteration=33 subcycle id=C3 vertices=[00W0,00U5,00X5,00x5,00z5,00y5,00w5,00W5,00Y5,00Z5,00V5,00v5,00u5,00Z0,01Z0,01V0,01i0,01k0,01j0,01u2,01W0,01U5,01X5,01k5,01j5,01i5,01V5,01v5,01u5,01y5,01w5,01W5,01Y5,01Z5,01z5,01x5,01U0,01X0,01z3,01Z3,01Y3,01W3,01j3,01w3,01y3,01u3,01v3,01V3,01i3,01k3,01x3,01X3,01U3,01z0,01u4,01v4,01u0,00u4,00v4,00V4,00i4,00j4,00k4,00x4,00X4,00U4,00U2,00Y2,00W2,00w2,00j2,00i2,00k2,00X2,00x2,00z2,00Z2,00V2,00v2,00u2,00y2]
gb-trace iteration=33 subcycle id=C4 vertices=[00w4,00y4,00z4,00Z4,00Y4,00W4]
gb-trace iteration=33 subcycle id=C5 vertices=[00i5,00j5,00k5]
gb-trace iteration=33 subcycle id=C6 vertices=[01i1,01k1,01x1,01X1,01U1,01Y1,01W1,01w1,01j1]
gb-trace iteration=33 subcycle id=C7 vertices=[01u1,01y1,01z1,01Z1,01V1,01v1]
gb-trace iteration=33 subcycle id=C8 vertices=[01i2,01v2,01V2,01Z2,01z2,01y2,01w2,01W2,01Y2,01U2,01X2,01x2,01k2,01j2]
gb-trace iteration=33 subcycle id=C9 vertices=[01i4,01V4,01Z4,01z4,01y4,01w4,01j4,01W4,01Y4,01U4,01X4,01x4,01k4]
gb-trace iteration=33 subcycle id=C10 vertices=[10V0,10V1,10Z1,10z1,10x1,10X1,10k1,10i1,10v1]
gb-trace iteration=33 subcycle id=C11 vertices=[10Z0,11Z0,11u5,11v5,11i5,11V5,11Z5,11Y5,11W5,11j5,11w5,11y5,11z5,11x5,11k5,11X5,11U5,11W0,11w2,11j2,11W2,11Y2,11Z2,11V2,11i2,11v2,11u2,11y2,11z2,11x2,11k2,11X2,11U2,11U4,11X4,11x4,11k4,11i4,11V4,11v4,11u4,11z0]
gb-trace iteration=33 subcycle id=C12 vertices=[10i2,10V2,10Z2,10Y2,10W2,10w2,10j2]
gb-trace iteration=33 subcycle id=C13 vertices=[10i3,10v3,10V3,10Z3,10Y3,10W3,10j3,10w3,10y3,10z3,10x3,10X3,10k3]
gb-trace iteration=33 subcycle id=C14 vertices=[10i4,10v4,10V4,10Z4,10z4,10x4,10X4,10k4]
gb-trace iteration=33 subcycle id=C15 vertices=[10k5,10x5,10X5]
gb-trace iteration=33 subcycle id=C16 vertices=[11j1,11k1,11X1,11x1,11z1,11y1,11w1,11W1]
gb-trace iteration=33 subcycle id=C17 vertices=[11j4,11w4,11y4,11z4,11Z4,11Y4,11W4]
gb-trace iteration=33 merge C1 + C2 = C18
gb-trace iteration=33 merge C16 + C18 = C19
gb-trace iteration=33 merge C3 + C7 = C20
gb-trace iteration=33 merge C6 + C20 = C21
gb-trace iteration=33 merge C13 + C19 = C22
gb-trace iteration=33 merge C12 + C22 = C23
gb-trace iteration=33 merge C21 + C8 = C24
gb-trace iteration=33 merge C10 + C23 = C25
gb-trace iteration=33 merge C9 + C24 = C26
gb-trace iteration=33 resulting id=C15 vertices=[10k5,10x5,10X5]
gb-trace iteration=33 resulting id=C17 vertices=[11j4,11w4,11y4,11z4,11Z4,11Y4,11W4]
gb-trace iteration=33 resulting id=C14 vertices=[10i4,10v4,10V4,10Z4,10z4,10x4,10X4,10k4]
gb-trace iteration=33 resulting id=C4 vertices=[00w4,00y4,00z4,00Z4,00Y4,00W4]
gb-trace iteration=33 resulting id=C5 vertices=[00i5,00j5,00k5]
gb-trace iteration=33 resulting id=C11 vertices=[10Z0,11Z0,11u5,11v5,11i5,11V5,11Z5,11Y5,11W5,11j5,11w5,11y5,11z5,11x5,11k5,11X5,11U5,11W0,11w2,11j2,11W2,11Y2,11Z2,11V2,11i2,11v2,11u2,11y2,11z2,11x2,11k2,11X2,11U2,11U4,11X4,11x4,11k4,11i4,11V4,11v4,11u4,11z0]
gb-trace iteration=33 resulting id=C25 vertices=[10V0,10V1,10Z1,10z1,10x1,10X1,10k1,10i1,10v1,10u1,10i0,10j0,10k0,10u3,10v3,10i3,10k3,10X3,10x3,10z3,10y3,10w3,10j3,10W3,10Y3,10Z3,10V3,10X0,10U3,11U0,11X0,11z3,11y3,11w3,11W3,11j3,11k3,11x3,11X3,11U3,11Y3,11Z3,11V3,11i3,11v3,11u3,11k0,11j0,11i0,11u1,11y1,11w1,11W1,11j1,11k1,11X1,11x1,11z1,11V0,11v1,11i1,11V1,11Z1,11Y1,11U1,11u0,10u4,10y4,10w4,10j4,10W4,10Y4,10U4,10U2,10X2,10k2,10x2,10z2,10y2,10u2,10v2,10i2,10j2,10w2,10W2,10Y2,10Z2,10V2,10W0,10U5,10Y5,10Z5,10z5,10y5,10w5,10W5,10j5,10i5,10V5,10v5,10u5,10U0,00U0,00X0,00y3,00w3,00j3,00W3,00Y3,00U3,00X3,00k3,00x3,00z3,00Z3,00V3,00i3,00v3,00u3,00k0,00j0,00i0,00u1,00v1,00V0,00Y1,00W1,00j1,00w1,00y1,00z1,00Z1,00V1,00i1,00k1,00x1,00X1,00U1,00u0,10u0,10U1,10Y1,10W1,10j1,10w1,10y1]
gb-trace iteration=33 resulting id=C26 vertices=[01i4,01v4,01u4,01z0,01U3,01X3,01x3,01k3,01i3,01V3,01v3,01u3,01y3,01w3,01j3,01W3,01Y3,01Z3,01z3,01X0,01U0,01x5,01z5,01Z5,01Y5,01W5,01w5,01y5,01u5,01v5,01V5,01i5,01j5,01k5,01X5,01U5,01W0,01V2,01Z2,01z2,01y2,01w2,01W2,01Y2,01U2,01X2,01x2,01k2,01j2,01i2,01v2,01u2,01j0,01k0,01i0,01u1,01v1,01V1,01Z1,01z1,01y1,01w1,01j1,01i1,01k1,01x1,01X1,01U1,01Y1,01W1,01V0,01Z0,00Z0,00u5,00v5,00V5,00Z5,00Y5,00W5,00w5,00y5,00z5,00x5,00X5,00U5,00W0,00y2,00u2,00v2,00V2,00Z2,00z2,00x2,00X2,00k2,00i2,00j2,00w2,00W2,00Y2,00U2,00U4,00X4,00x4,00k4,00j4,00i4,00V4,00v4,00u4,01u0,01V4,01Z4,01z4,01y4,01w4,01j4,01W4,01Y4,01U4,01X4,01x4,01k4]
cut arcs by clause length (length:number) = {6: 4, 12: 6, 30: 2, 34: 2, 76: 2}
number of added block clauses (this increment) = 16
number of added block clauses (accumulated) = 712
add block clauses time = 517.301us
increment time = 3.499947ms

CEGAR iteration...
cegar iteration = 34
sat solving time = 783.735us
number of subcycles found = 17
cycle lengths before merge (length:number) = {3: 1, 6: 2, 7: 3, 8: 4, 9: 1, 13: 2, 21: 1, 52: 1, 79: 1, 83: 1}
merge operation: 83 + 7 = 90
merge operation: 52 + 8 = 60
merge operation: 8 + 60 = 68
merge operation: 7 + 68 = 75
merge operation: 13 + 79 = 92
merge operation: 7 + 75 = 82
merge operation: 8 + 92 = 100
merge operation: 21 + 6 = 27
merge operation: 13 + 100 = 113
merge operation: 9 + 27 = 36
number of merge operations = 10
number of resulting cycles = 7
cycle lengths after merge (length:number) = {3: 1, 6: 1, 8: 1, 36: 1, 82: 1, 90: 1, 113: 1}
gb-trace iteration=34 subcycle id=C1 vertices=[00i0,00j0,00u2,00y2,00W0,00Y2,00W2,00w2,00j2,00i2,00v2,00V2,00Z2,00z2,00x2,00k2,00X2,00U2,00U4,00Y4,00Z4,00V4,00v4,00i4,00k4,00X4,00x4,00z4,00y4,00u4,01u0,01u4,01v4,01V4,01i4,01k4,01x4,01X4,01U4,01U2,01X2,01x2,01k2,01j2,01i2,01V2,01v2,01u2,01j0,01W0,01U5,01X5,01k5,01j5,01i5,01V5,01v5,01u5,01y5,01w5,01W5,01Y5,01Z5,01z5,01x5,01U0,00U3,00X3,00k3,00x3,00z3,00y3,00w3,00j3,00W3,00Y3,00Z3,00V3,00i3,00v3,00X0,00u3,00k0]
gb-trace iteration=34 subcycle id=C2 vertices=[00u0,10u0,10v4,10u4,10y4,10z4,10x4,10k4,10X4,10U4,10U2,10X2,10k2,10x2,10z2,10y2,10u2,10v2,10W0,10U5,10Y5,10Z5,10V5,10i5,10v5,10u5,10U0,00U0,00X5,00U5,00Y5,00Z5,00V5,00v5,00u5,00Z0,00V0,00V1,00v1,00u1,00y1,00z1,00Z1,00Y1,00W1,00w1,00j1,00i1,00k1,00x1,00X1,00U1]
gb-trace iteration=34 subcycle id=C3 vertices=[00j4,00w4,00W4]
gb-trace iteration=34 subcycle id=C4 vertices=[00i5,00j5,00W5,00w5,00y5,00z5,00x5,00k5]
gb-trace iteration=34 subcycle id=C5 vertices=[01i0,01k0,01X0,01z3,01Z3,01Y3,01W3,01j3,01w3,01y3,01u3,01v3,01V3,01i3,01k3,01x3,01X3,01U3,01z0,01Z0,01V0]
gb-trace iteration=34 subcycle id=C6 vertices=[01i1,01k1,01x1,01X1,01U1,01Y1,01W1,01w1,01j1]
gb-trace iteration=34 subcycle id=C7 vertices=[01u1,01y1,01z1,01Z1,01V1,01v1]
gb-trace iteration=34 subcycle id=C8 vertices=[01w2,01W2,01Y2,01Z2,01z2,01y2]
gb-trace iteration=34 subcycle id=C9 vertices=[01j4,01W4,01Y4,01Z4,01z4,01y4,01w4]
gb-trace iteration=34 subcycle id=C10 vertices=[10i0,10j0,10k0,10u3,10X0,10U3,11U0,11X0,11z3,11y3,11w3,11W3,11j3,11k3,11x3,11X3,11U3,11Y3,11Z3,11V3,11i3,11v3,11u3,11k0,11j0,11u2,11y2,11z2,11x2,11k2,11X2,11U2,11Y2,11Z2,11V2,11v2,11i2,11j2,11W2,11w2,11W0,11U5,11X5,11k5,11x5,11z5,11y5,11w5,11j5,11W5,11Y5,11Z5,11V5,11i5,11v5,11u5,11Z0,11V0,11i0,11u1,11v1,11i1,11V1,11Z1,11Y1,11U1,11u0,11v4,11u4,11z0,10Z0,10V0,10U1,10Y1,10W1,10j1,10w1,10y1,10u1]
gb-trace iteration=34 subcycle id=C11 vertices=[10i1,10v1,10V1,10Z1,10z1,10x1,10X1,10k1]
gb-trace iteration=34 subcycle id=C12 vertices=[10i2,10V2,10Z2,10Y2,10W2,10w2,10j2]
gb-trace iteration=34 subcycle id=C13 vertices=[10i3,10v3,10V3,10Z3,10Y3,10W3,10j3,10w3,10y3,10z3,10x3,10X3,10k3]
gb-trace iteration=34 subcycle id=C14 vertices=[10i4,10j4,10w4,10W4,10Y4,10Z4,10V4]
gb-trace iteration=34 subcycle id=C15 vertices=[10j5,10k5,10X5,10x5,10z5,10y5,10w5,10W5]
gb-trace iteration=34 subcycle id=C16 vertices=[11j1,11k1,11X1,11x1,11z1,11y1,11w1,11W1]
gb-trace iteration=34 subcycle id=C17 vertices=[11i4,11j4,11W4,11w4,11y4,11z4,11x4,11k4,11X4,11U4,11Y4,11Z4,11V4]
gb-trace iteration=34 merge C1 + C9 = C18
gb-trace iteration=34 merge C2 + C4 = C19
gb-trace iteration=34 merge C15 + C19 = C20
gb-trace iteration=34 merge C14 + C20 = C21
gb-trace iteration=34 merge C13 + C10 = C22
gb-trace iteration=34 merge C12 + C21 = C23
gb-trace iteration=34 merge C11 + C22 = C24
gb-trace iteration=34 merge C5 + C7 = C25
gb-trace iteration=34 merge C17 + C24 = C26
gb-trace iteration=34 merge C6 + C25 = C27
gb-trace iteration=34 resulting id=C16 vertices=[11j1,11k1,11X1,11x1,11z1,11y1,11w1,11W1]
gb-trace iteration=34 resulting id=C23 vertices=[10i2,10v2,10u2,10y2,10z2,10x2,10k2,10X2,10U2,10U4,10X4,10k4,10x4,10z4,10y4,10u4,10v4,10V4,10i4,10j4,10w4,10W4,10Y4,10Z4,10u0,00u0,00U1,00X1,00x1,00k1,00i1,00j1,00w1,00W1,00Y1,00Z1,00z1,00y1,00u1,00v1,00V1,00V0,00Z0,00u5,00v5,00V5,00Z5,00Y5,00U5,00X5,00x5,00k5,00i5,00j5,00W5,00w5,00y5,00z5,00U0,10U0,10z5,10x5,10X5,10k5,10j5,10W5,10w5,10y5,10u5,10v5,10i5,10V5,10Z5,10Y5,10U5,10W0,10V2,10Z2,10Y2,10W2,10w2,10j2]
gb-trace iteration=34 resulting id=C3 vertices=[00j4,00w4,00W4]
gb-trace iteration=34 resulting id=C18 vertices=[00i0,00j0,00u2,00y2,00W0,00Y2,00W2,00w2,00j2,00i2,00v2,00V2,00Z2,00z2,00x2,00k2,00X2,00U2,00U4,00Y4,00Z4,00V4,00v4,00i4,00k4,00X4,00x4,00z4,00y4,00u4,01u0,01z4,01Z4,01Y4,01W4,01j4,01w4,01y4,01u4,01v4,01V4,01i4,01k4,01x4,01X4,01U4,01U2,01X2,01x2,01k2,01j2,01i2,01V2,01v2,01u2,01j0,01W0,01U5,01X5,01k5,01j5,01i5,01V5,01v5,01u5,01y5,01w5,01W5,01Y5,01Z5,01z5,01x5,01U0,00U3,00X3,00k3,00x3,00z3,00y3,00w3,00j3,00W3,00Y3,00Z3,00V3,00i3,00v3,00X0,00u3,00k0]
gb-trace iteration=34 resulting id=C8 vertices=[01w2,01W2,01Y2,01Z2,01z2,01y2]
gb-trace iteration=34 resulting id=C26 vertices=[11i4,11j4,11W4,11w4,11y4,11z4,11x4,11k4,11X4,11U4,11Y4,11Z4,11u0,11U1,11Y1,11Z1,11V1,11i1,11v1,11u1,11i0,11V0,11Z0,11u5,11v5,11i5,11V5,11Z5,11Y5,11W5,11j5,11w5,11y5,11z5,11x5,11k5,11X5,11U5,11W0,11w2,11W2,11j2,11i2,11v2,11V2,11Z2,11Y2,11U2,11X2,11k2,11x2,11z2,11y2,11u2,11j0,11k0,11u3,11v3,11i3,11V3,11Z3,11Y3,11U3,11X3,11x3,11k3,11j3,11W3,11w3,11y3,11z3,11X0,11U0,10U3,10X0,10V3,10Z3,10Y3,10W3,10j3,10w3,10y3,10z3,10x3,10X3,10k3,10i3,10v3,10u3,10k0,10j0,10i0,10u1,10y1,10w1,10j1,10W1,10Y1,10U1,10X1,10k1,10i1,10v1,10V1,10Z1,10z1,10x1,10V0,10Z0,11z0,11u4,11v4,11V4]
gb-trace iteration=34 resulting id=C27 vertices=[01i1,01k1,01x1,01X1,01U1,01Y1,01W1,01V0,01Z0,01z0,01U3,01X3,01x3,01k3,01i3,01V3,01v3,01u3,01y3,01w3,01j3,01W3,01Y3,01Z3,01z3,01X0,01k0,01i0,01u1,01v1,01V1,01Z1,01z1,01y1,01w1,01j1]
cut arcs by clause length (length:number) = {6: 2, 8: 2, 12: 4, 18: 2, 24: 2, 36: 2}
number of added block clauses (this increment) = 14
number of added block clauses (accumulated) = 726
add block clauses time = 497.670us
increment time = 1.281405ms

CEGAR iteration...
cegar iteration = 35
sat solving time = 158.376us
number of subcycles found = 18
cycle lengths before merge (length:number) = {3: 1, 7: 4, 8: 4, 9: 3, 13: 2, 30: 1, 46: 1, 68: 1, 78: 1}
merge operation: 46 + 8 = 54
merge operation: 68 + 9 = 77
merge operation: 8 + 54 = 62
merge operation: 7 + 62 = 69
merge operation: 13 + 78 = 91
merge operation: 7 + 69 = 76
merge operation: 8 + 91 = 99
merge operation: 13 + 99 = 112
merge operation: 77 + 8 = 85
number of merge operations = 9
number of resulting cycles = 9
cycle lengths after merge (length:number) = {3: 1, 7: 2, 9: 2, 30: 1, 76: 1, 85: 1, 112: 1}
gb-trace iteration=35 subcycle id=C1 vertices=[00i0,00u1,00v1,00V1,00i1,00k1,00x1,00X1,00U1,00u0,10u0,10v4,10u4,10y4,10z4,10x4,10k4,10X4,10U4,10U2,10X2,10k2,10x2,10z2,10y2,10u2,10v2,10W0,10U5,10Y5,10Z5,10V5,10i5,10v5,10u5,10U0,00U0,00X5,00U5,00Y5,00Z5,00V5,00v5,00u5,00Z0,00V0]
gb-trace iteration=35 subcycle id=C2 vertices=[00j0,00u2,00y2,00W0,00Y2,00W2,00w2,00j2,00i2,00v2,00V2,00Z2,00z2,00x2,00k2,00X2,00U2,00U4,00X4,00k4,00x4,00z4,00y4,00w4,00j4,00W4,00Y4,00Z4,00V4,00i4,00v4,00u4,01u0,01U1,01X1,01x1,01z1,01y1,01u1,01V0,01i0,01k0,01u3,01y3,01w3,01W3,01Y3,01U3,01X3,01X0,01U0,00U3,00X3,00k3,00x3,00z3,00y3,00w3,00j3,00W3,00Y3,00Z3,00V3,00i3,00v3,00X0,00u3,00k0]
gb-trace iteration=35 subcycle id=C3 vertices=[00j1,00w1,00y1,00z1,00Z1,00Y1,00W1]
gb-trace iteration=35 subcycle id=C4 vertices=[00i5,00j5,00W5,00w5,00y5,00z5,00x5,00k5]
gb-trace iteration=35 subcycle id=C5 vertices=[01j0,01W0,01U5,01Y5,01W5,01w5,01y5,01u5,01Z0,01z0,01u4,01y4,01w4,01j4,01W4,01Y4,01Z4,01z4,01x4,01k4,01X4,01U4,01U2,01X2,01x2,01k2,01i2,01V2,01v2,01u2]
gb-trace iteration=35 subcycle id=C6 vertices=[01i1,01k1,01j1,01w1,01W1,01Y1,01Z1,01V1,01v1]
gb-trace iteration=35 subcycle id=C7 vertices=[01j2,01W2,01Y2,01Z2,01z2,01y2,01w2]
gb-trace iteration=35 subcycle id=C8 vertices=[01i3,01j3,01k3,01x3,01z3,01Z3,01V3,01v3]
gb-trace iteration=35 subcycle id=C9 vertices=[01i4,01v4,01V4]
gb-trace iteration=35 subcycle id=C10 vertices=[01i5,01v5,01V5,01Z5,01z5,01x5,01X5,01k5,01j5]
gb-trace iteration=35 subcycle id=C11 vertices=[10i0,10j0,10k0,10u3,10X0,10U3,11U0,11X0,11z3,11y3,11w3,11W3,11j3,11k3,11x3,11X3,11U3,11Y3,11Z3,11V3,11i3,11v3,11u3,11k0,11j0,11u2,11y2,11z2,11x2,11k2,11X2,11U2,11Y2,11Z2,11V2,11v2,11i2,11j2,11W2,11w2,11W0,11U5,11X5,11k5,11x5,11z5,11y5,11w5,11j5,11W5,11Y5,11Z5,11V5,11i5,11v5,11u5,11Z0,11V0,11i0,11u1,11y1,11z1,11x1,11X1,11U1,11u0,11v4,11u4,11z0,10Z0,10V0,10U1,10Y1,10W1,10j1,10w1,10y1,10u1]
gb-trace iteration=35 subcycle id=C12 vertices=[10i1,10v1,10V1,10Z1,10z1,10x1,10X1,10k1]
gb-trace iteration=35 subcycle id=C13 vertices=[10i2,10V2,10Z2,10Y2,10W2,10w2,10j2]
gb-trace iteration=35 subcycle id=C14 vertices=[10i3,10v3,10V3,10Z3,10Y3,10W3,10j3,10w3,10y3,10z3,10x3,10X3,10k3]
gb-trace iteration=35 subcycle id=C15 vertices=[10i4,10j4,10w4,10W4,10Y4,10Z4,10V4]
gb-trace iteration=35 subcycle id=C16 vertices=[10j5,10k5,10X5,10x5,10z5,10y5,10w5,10W5]
gb-trace iteration=35 subcycle id=C17 vertices=[11i1,11v1,11V1,11Z1,11Y1,11W1,11w1,11j1,11k1]
gb-trace iteration=35 subcycle id=C18 vertices=[11i4,11j4,11W4,11w4,11y4,11z4,11x4,11k4,11X4,11U4,11Y4,11Z4,11V4]
gb-trace iteration=35 merge C1 + C4 = C19
gb-trace iteration=35 merge C2 + C6 = C20
gb-trace iteration=35 merge C16 + C19 = C21
gb-trace iteration=35 merge C15 + C21 = C22
gb-trace iteration=35 merge C14 + C11 = C23
gb-trace iteration=35 merge C13 + C22 = C24
gb-trace iteration=35 merge C12 + C23 = C25
gb-trace iteration=35 merge C18 + C25 = C26
gb-trace iteration=35 merge C20 + C8 = C27
gb-trace iteration=35 resulting id=C17 vertices=[11i1,11v1,11V1,11Z1,11Y1,11W1,11w1,11j1,11k1]
gb-trace iteration=35 resulting id=C24 vertices=[10i2,10v2,10u2,10y2,10z2,10x2,10k2,10X2,10U2,10U4,10X4,10k4,10x4,10z4,10y4,10u4,10v4,10V4,10i4,10j4,10w4,10W4,10Y4,10Z4,10u0,00u0,00U1,00X1,00x1,00k1,00i1,00V1,00v1,00u1,00i0,00V0,00Z0,00u5,00v5,00V5,00Z5,00Y5,00U5,00X5,00x5,00k5,00i5,00j5,00W5,00w5,00y5,00z5,00U0,10U0,10z5,10x5,10X5,10k5,10j5,10W5,10w5,10y5,10u5,10v5,10i5,10V5,10Z5,10Y5,10U5,10W0,10V2,10Z2,10Y2,10W2,10w2,10j2]
gb-trace iteration=35 resulting id=C3 vertices=[00j1,00w1,00y1,00z1,00Z1,00Y1,00W1]
gb-trace iteration=35 resulting id=C10 vertices=[01i5,01v5,01V5,01Z5,01z5,01x5,01X5,01k5,01j5]
gb-trace iteration=35 resulting id=C5 vertices=[01j0,01W0,01U5,01Y5,01W5,01w5,01y5,01u5,01Z0,01z0,01u4,01y4,01w4,01j4,01W4,01Y4,01Z4,01z4,01x4,01k4,01X4,01U4,01U2,01X2,01x2,01k2,01i2,01V2,01v2,01u2]
gb-trace iteration=35 resulting id=C9 vertices=[01i4,01v4,01V4]
gb-trace iteration=35 resulting id=C7 vertices=[01j2,01W2,01Y2,01Z2,01z2,01y2,01w2]
gb-trace iteration=35 resulting id=C26 vertices=[11i4,11j4,11W4,11w4,11y4,11z4,11x4,11k4,11X4,11U4,11Y4,11Z4,11u0,11U1,11X1,11x1,11z1,11y1,11u1,11i0,11V0,11Z0,11u5,11v5,11i5,11V5,11Z5,11Y5,11W5,11j5,11w5,11y5,11z5,11x5,11k5,11X5,11U5,11W0,11w2,11W2,11j2,11i2,11v2,11V2,11Z2,11Y2,11U2,11X2,11k2,11x2,11z2,11y2,11u2,11j0,11k0,11u3,11v3,11i3,11V3,11Z3,11Y3,11U3,11X3,11x3,11k3,11j3,11W3,11w3,11y3,11z3,11X0,11U0,10U3,10X0,10V3,10Z3,10Y3,10W3,10j3,10w3,10y3,10z3,10x3,10X3,10k3,10i3,10v3,10u3,10k0,10j0,10i0,10u1,10y1,10w1,10j1,10W1,10Y1,10U1,10X1,10k1,10i1,10v1,10V1,10Z1,10z1,10x1,10V0,10Z0,11z0,11u4,11v4,11V4]
gb-trace iteration=35 resulting id=C27 vertices=[00j0,00u2,00y2,00W0,00Y2,00W2,00w2,00j2,00i2,00v2,00V2,00Z2,00z2,00x2,00k2,00X2,00U2,00U4,00X4,00k4,00x4,00z4,00y4,00w4,00j4,00W4,00Y4,00Z4,00V4,00i4,00v4,00u4,01u0,01U1,01X1,01x1,01z1,01y1,01u1,01v1,01i1,01k1,01j1,01w1,01W1,01Y1,01Z1,01V1,01V0,01i0,01k0,01u3,01y3,01w3,01W3,01Y3,01U3,01X3,01k3,01j3,01i3,01v3,01V3,01Z3,01z3,01x3,01X0,01U0,00U3,00X3,00k3,00x3,00z3,00y3,00w3,00j3,00W3,00Y3,00Z3,00V3,00i3,00v3,00X0,00u3,00k0]
cut arcs by clause length (length:number) = {6: 2, 12: 8, 18: 2, 36: 2, 44: 4}
number of added block clauses (this increment) = 18
number of added block clauses (accumulated) = 744
add block clauses time = 511.292us
increment time = 669.668us

CEGAR iteration...
cegar iteration = 36
sat solving time = 505.511us
number of subcycles found = 19
cycle lengths before merge (length:number) = {3: 1, 6: 2, 7: 2, 8: 5, 9: 2, 13: 2, 14: 1, 26: 1, 47: 1, 59: 1, 79: 1}
merge operation: 47 + 8 = 55
merge operation: 59 + 14 = 73
merge operation: 8 + 55 = 63
merge operation: 7 + 63 = 70
merge operation: 13 + 79 = 92
merge operation: 7 + 70 = 77
merge operation: 8 + 92 = 100
merge operation: 13 + 100 = 113
merge operation: 26 + 6 = 32
merge operation: 9 + 32 = 41
number of merge operations = 10
number of resulting cycles = 9
cycle lengths after merge (length:number) = {3: 1, 6: 1, 8: 2, 9: 1, 41: 1, 73: 1, 77: 1, 113: 1}
gb-trace iteration=36 subcycle id=C1 vertices=[00i0,00u1,00v1,00V1,00i1,00j1,00k1,00x1,00X1,00U1,00u0,10u0,10v4,10u4,10y4,10z4,10x4,10k4,10X4,10U4,10U2,10X2,10k2,10x2,10z2,10y2,10u2,10v2,10W0,10U5,10Y5,10Z5,10V5,10i5,10v5,10u5,10U0,00U0,00X5,00U5,00Y5,00Z5,00V5,00v5,00u5,00Z0,00V0]
gb-trace iteration=36 subcycle id=C2 vertices=[00j0,00u2,00y2,00W0,00Y2,00W2,00w2,00j2,00i2,00v2,00V2,00Z2,00z2,00x2,00k2,00X2,00U2,00U4,00X4,00x4,00z4,00y4,00w4,00W4,00Y4,00Z4,00V4,00v4,00u4,01u0,01U1,01X1,01k1,01x1,01z1,01y1,01u1,01i0,01V0,01Z0,01u5,01U0,00U3,00X3,00k3,00x3,00z3,00y3,00w3,00j3,00W3,00Y3,00Z3,00V3,00i3,00v3,00X0,00u3,00k0]
gb-trace iteration=36 subcycle id=C3 vertices=[00w1,00y1,00z1,00Z1,00Y1,00W1]
gb-trace iteration=36 subcycle id=C4 vertices=[00i4,00j4,00k4]
gb-trace iteration=36 subcycle id=C5 vertices=[00i5,00j5,00W5,00w5,00y5,00z5,00x5,00k5]
gb-trace iteration=36 subcycle id=C6 vertices=[01j0,01W0,01X2,01x2,01k2,01i2,01j2,01w2,01W2,01Y2,01U2,01U4,01Y4,01W4,01w4,01y4,01u4,01z0,01U3,01Y3,01Z3,01V3,01v3,01X0,01u3,01k0]
gb-trace iteration=36 subcycle id=C7 vertices=[01i1,01v1,01V1,01Z1,01Y1,01W1,01w1,01j1]
gb-trace iteration=36 subcycle id=C8 vertices=[01u2,01v2,01V2,01Z2,01z2,01y2]
gb-trace iteration=36 subcycle id=C9 vertices=[01i3,01j3,01W3,01w3,01y3,01z3,01x3,01X3,01k3]
gb-trace iteration=36 subcycle id=C10 vertices=[01i4,01v4,01V4,01Z4,01z4,01x4,01X4,01k4,01j4]
gb-trace iteration=36 subcycle id=C11 vertices=[01i5,01v5,01V5,01Z5,01Y5,01U5,01X5,01x5,01z5,01y5,01w5,01W5,01j5,01k5]
gb-trace iteration=36 subcycle id=C12 vertices=[10i0,10j0,10k0,10u3,10X0,10U3,11U0,11X0,11z3,11y3,11w3,11W3,11j3,11k3,11x3,11X3,11U3,11Y3,11Z3,11V3,11i3,11v3,11u3,11k0,11j0,11u2,11y2,11z2,11x2,11k2,11X2,11U2,11Y2,11Z2,11V2,11v2,11i2,11j2,11W2,11w2,11W0,11U5,11X5,11k5,11x5,11z5,11y5,11w5,11j5,11W5,11Y5,11Z5,11V5,11i5,11v5,11u5,11Z0,11V0,11i0,11u1,11y1,11w1,11j1,11W1,11Y1,11U1,11u0,11v4,11u4,11z0,10Z0,10V0,10U1,10Y1,10W1,10j1,10w1,10y1,10u1]
gb-trace iteration=36 subcycle id=C13 vertices=[10i1,10v1,10V1,10Z1,10z1,10x1,10X1,10k1]
gb-trace iteration=36 subcycle id=C14 vertices=[10i2,10V2,10Z2,10Y2,10W2,10w2,10j2]
gb-trace iteration=36 subcycle id=C15 vertices=[10i3,10v3,10V3,10Z3,10Y3,10W3,10j3,10w3,10y3,10z3,10x3,10X3,10k3]
gb-trace iteration=36 subcycle id=C16 vertices=[10i4,10j4,10w4,10W4,10Y4,10Z4,10V4]
gb-trace iteration=36 subcycle id=C17 vertices=[10j5,10k5,10X5,10x5,10z5,10y5,10w5,10W5]
gb-trace iteration=36 subcycle id=C18 vertices=[11i1,11v1,11V1,11Z1,11z1,11x1,11X1,11k1]
gb-trace iteration=36 subcycle id=C19 vertices=[11i4,11j4,11W4,11w4,11y4,11z4,11x4,11k4,11X4,11U4,11Y4,11Z4,11V4]
gb-trace iteration=36 merge C1 + C5 = C20
gb-trace iteration=36 merge C2 + C11 = C21
gb-trace iteration=36 merge C17 + C20 = C22
gb-trace iteration=36 merge C16 + C22 = C23
gb-trace iteration=36 merge C15 + C12 = C24
gb-trace iteration=36 merge C14 + C23 = C25
gb-trace iteration=36 merge C13 + C24 = C26
gb-trace iteration=36 merge C19 + C26 = C27
gb-trace iteration=36 merge C6 + C8 = C28
gb-trace iteration=36 merge C9 + C28 = C29
gb-trace iteration=36 resulting id=C18 vertices=[11i1,11v1,11V1,11Z1,11z1,11x1,11X1,11k1]
gb-trace iteration=36 resulting id=C25 vertices=[10i2,10v2,10u2,10y2,10z2,10x2,10k2,10X2,10U2,10U4,10X4,10k4,10x4,10z4,10y4,10u4,10v4,10V4,10i4,10j4,10w4,10W4,10Y4,10Z4,10u0,00u0,00U1,00X1,00x1,00k1,00j1,00i1,00V1,00v1,00u1,00i0,00V0,00Z0,00u5,00v5,00V5,00Z5,00Y5,00U5,00X5,00x5,00k5,00i5,00j5,00W5,00w5,00y5,00z5,00U0,10U0,10z5,10x5,10X5,10k5,10j5,10W5,10w5,10y5,10u5,10v5,10i5,10V5,10Z5,10Y5,10U5,10W0,10V2,10Z2,10Y2,10W2,10w2,10j2]
gb-trace iteration=36 resulting id=C3 vertices=[00w1,00y1,00z1,00Z1,00Y1,00W1]
gb-trace iteration=36 resulting id=C4 vertices=[00i4,00j4,00k4]
gb-trace iteration=36 resulting id=C21 vertices=[00j0,00u2,00y2,00W0,00Y2,00W2,00w2,00j2,00i2,00v2,00V2,00Z2,00z2,00x2,00k2,00X2,00U2,00U4,00X4,00x4,00z4,00y4,00w4,00W4,00Y4,00Z4,00V4,00v4,00u4,01u0,01U1,01X1,01k1,01x1,01z1,01y1,01u1,01i0,01V0,01Z0,01u5,01v5,01i5,01k5,01j5,01W5,01w5,01y5,01z5,01x5,01X5,01U5,01Y5,01Z5,01V5,01U0,00U3,00X3,00k3,00x3,00z3,00y3,00w3,00j3,00W3,00Y3,00Z3,00V3,00i3,00v3,00X0,00u3,00k0]
gb-trace iteration=36 resulting id=C10 vertices=[01i4,01v4,01V4,01Z4,01z4,01x4,01X4,01k4,01j4]
gb-trace iteration=36 resulting id=C7 vertices=[01i1,01v1,01V1,01Z1,01Y1,01W1,01w1,01j1]
gb-trace iteration=36 resulting id=C27 vertices=[11i4,11j4,11W4,11w4,11y4,11z4,11x4,11k4,11X4,11U4,11Y4,11Z4,11u0,11U1,11Y1,11W1,11j1,11w1,11y1,11u1,11i0,11V0,11Z0,11u5,11v5,11i5,11V5,11Z5,11Y5,11W5,11j5,11w5,11y5,11z5,11x5,11k5,11X5,11U5,11W0,11w2,11W2,11j2,11i2,11v2,11V2,11Z2,11Y2,11U2,11X2,11k2,11x2,11z2,11y2,11u2,11j0,11k0,11u3,11v3,11i3,11V3,11Z3,11Y3,11U3,11X3,11x3,11k3,11j3,11W3,11w3,11y3,11z3,11X0,11U0,10U3,10X0,10V3,10Z3,10Y3,10W3,10j3,10w3,10y3,10z3,10x3,10X3,10k3,10i3,10v3,10u3,10k0,10j0,10i0,10u1,10y1,10w1,10j1,10W1,10Y1,10U1,10X1,10k1,10i1,10v1,10V1,10Z1,10z1,10x1,10V0,10Z0,11z0,11u4,11v4,11V4]
gb-trace iteration=36 resulting id=C29 vertices=[01i3,01j3,01W3,01w3,01X0,01v3,01V3,01Z3,01Y3,01U3,01z0,01u4,01y4,01w4,01W4,01Y4,01U4,01U2,01Y2,01W2,01w2,01j2,01i2,01k2,01x2,01X2,01W0,01v2,01V2,01Z2,01z2,01y2,01u2,01j0,01k0,01u3,01y3,01z3,01x3,01X3,01k3]
cut arcs by clause length (length:number) = {6: 2, 12: 8, 18: 4, 36: 2, 52: 2}
number of added block clauses (this increment) = 18
number of added block clauses (accumulated) = 762
add block clauses time = 519.770us
increment time = 1.025281ms

CEGAR iteration...
cegar iteration = 37
sat solving time = 1.617710ms
number of subcycles found = 19
cycle lengths before merge (length:number) = {3: 2, 6: 1, 7: 2, 8: 2, 9: 4, 13: 2, 14: 2, 26: 1, 36: 1, 71: 1, 73: 1}
merge operation: 26 + 6 = 32
merge operation: 73 + 14 = 87
merge operation: 9 + 71 = 80
merge operation: 9 + 32 = 41
merge operation: 14 + 80 = 94
merge operation: 13 + 87 = 100
merge operation: 13 + 94 = 107
merge operation: 7 + 100 = 107
number of merge operations = 8
number of resulting cycles = 11
cycle lengths after merge (length:number) = {3: 2, 7: 1, 8: 2, 9: 2, 36: 1, 41: 1, 107: 2}
gb-trace iteration=37 subcycle id=C1 vertices=[00i0,00u1,00v1,00V1,00i1,00j1,00k1,00x1,00X1,00U1,00Y1,00W1,00w1,00y1,00z1,00Z1,00V0,00Z0,00u5,00y5,00z5,00x5,00X5,00U5,00W0,00j0]
gb-trace iteration=37 subcycle id=C2 vertices=[00k0,00X0,00U0,10U0,10X0,10v3,10u3,10k0,10j0,10i0,10V0,10Y1,10W1,10w1,10j1,10k1,10x1,10X1,10U1,10u0,00u0,00v4,00i4,00V4,00Z4,00z4,00x4,00k4,00X4,00U4,00Y4,00W4,00j4,00w4,00y4,00u4,01u0,01U1,01Y1,01W1,01j1,01w1,01y1,01V0,01Z1,01z1,01x1,01X1,01k1,01i1,01V1,01v1,01u1,01i0,01k0,01u3,01X0,01U0,00U3,00X3,00k3,00x3,00z3,00y3,00w3,00j3,00W3,00Y3,00Z3,00V3,00i3,00v3,00u3]
gb-trace iteration=37 subcycle id=C3 vertices=[00i2,00k2,00x2,00X2,00U2,00Y2,00W2,00w2,00j2]
gb-trace iteration=37 subcycle id=C4 vertices=[00u2,00y2,00z2,00Z2,00V2,00v2]
gb-trace iteration=37 subcycle id=C5 vertices=[00i5,00v5,00V5,00Z5,00Y5,00W5,00w5,00j5,00k5]
gb-trace iteration=37 subcycle id=C6 vertices=[01j0,01u2,01v2,01i2,01V2,01Z2,01z2,01y2,01w2,01j2,01W2,01Y2,01U2,01U4,01X4,01x4,01k4,01i4,01V4,01v4,01u4,01z0,01Z0,01u5,01y5,01z5,01x5,01X5,01k5,01i5,01v5,01V5,01Z5,01Y5,01U5,01W0]
gb-trace iteration=37 subcycle id=C7 vertices=[01k2,01X2,01x2]
gb-trace iteration=37 subcycle id=C8 vertices=[01i3,01j3,01W3,01w3,01y3,01z3,01x3,01k3,01X3,01U3,01Y3,01Z3,01V3,01v3]
gb-trace iteration=37 subcycle id=C9 vertices=[01j4,01w4,01y4,01z4,01Z4,01Y4,01W4]
gb-trace iteration=37 subcycle id=C10 vertices=[01j5,01w5,01W5]
gb-trace iteration=37 subcycle id=C11 vertices=[10W0,10X2,10U2,10U4,10Y4,10W4,10w4,10y4,10u4,11u0,11U1,11Y1,11Z1,11V1,11v1,11u1,11V0,11Z0,11u5,11U0,11X0,11z3,11y3,11w3,11W3,11j3,11k3,11x3,11X3,11U3,11Y3,11Z3,11V3,11i3,11v3,11u3,11k0,11i0,11j0,11u2,11v2,11W0,11W2,11w2,11y2,11z2,11x2,11X2,11k2,11j2,11i2,11V2,11Z2,11Y2,11U2,11U4,11X4,11k4,11x4,11z4,11y4,11u4,11z0,10Z0,10u5,10v5,10i5,10V5,10Z5,10Y5,10U5]
gb-trace iteration=37 subcycle id=C12 vertices=[10i1,10v1,10u1,10y1,10z1,10Z1,10V1]
gb-trace iteration=37 subcycle id=C13 vertices=[10i2,10V2,10Z2,10Y2,10W2,10w2,10j2,10k2,10x2,10z2,10y2,10u2,10v2]
gb-trace iteration=37 subcycle id=C14 vertices=[10i3,10V3,10Z3,10Y3,10U3,10X3,10x3,10z3,10y3,10w3,10W3,10j3,10k3]
gb-trace iteration=37 subcycle id=C15 vertices=[10i4,10j4,10k4,10X4,10x4,10z4,10Z4,10V4,10v4]
gb-trace iteration=37 subcycle id=C16 vertices=[10j5,10k5,10X5,10x5,10z5,10y5,10w5,10W5]
gb-trace iteration=37 subcycle id=C17 vertices=[11i1,11j1,11W1,11w1,11y1,11z1,11x1,11X1,11k1]
gb-trace iteration=37 subcycle id=C18 vertices=[11i4,11v4,11V4,11Z4,11Y4,11W4,11w4,11j4]
gb-trace iteration=37 subcycle id=C19 vertices=[11i5,11v5,11V5,11Z5,11z5,11y5,11w5,11W5,11Y5,11U5,11X5,11x5,11k5,11j5]
gb-trace iteration=37 merge C1 + C4 = C20
gb-trace iteration=37 merge C2 + C8 = C21
gb-trace iteration=37 merge C17 + C11 = C22
gb-trace iteration=37 merge C3 + C20 = C23
gb-trace iteration=37 merge C19 + C22 = C24
gb-trace iteration=37 merge C14 + C21 = C25
gb-trace iteration=37 merge C13 + C24 = C26
gb-trace iteration=37 merge C12 + C25 = C27
gb-trace iteration=37 resulting id=C18 vertices=[11i4,11v4,11V4,11Z4,11Y4,11W4,11w4,11j4]
gb-trace iteration=37 resulting id=C16 vertices=[10j5,10k5,10X5,10x5,10z5,10y5,10w5,10W5]
gb-trace iteration=37 resulting id=C15 vertices=[10i4,10j4,10k4,10X4,10x4,10z4,10Z4,10V4,10v4]
gb-trace iteration=37 resulting id=C26 vertices=[10i2,10V2,10Z2,10Y2,10W2,10w2,10j2,10k2,10X2,10U2,10U4,10Y4,10W4,10w4,10y4,10u4,11u0,11U1,11Y1,11Z1,11V1,11v1,11u1,11y1,11z1,11x1,11X1,11k1,11i1,11j1,11W1,11w1,11V0,11Z0,11u5,11v5,11i5,11j5,11k5,11x5,11X5,11U5,11Y5,11W5,11w5,11y5,11z5,11Z5,11V5,11U0,11X0,11z3,11y3,11w3,11W3,11j3,11k3,11x3,11X3,11U3,11Y3,11Z3,11V3,11i3,11v3,11u3,11k0,11i0,11j0,11u2,11v2,11W0,11W2,11w2,11y2,11z2,11x2,11X2,11k2,11j2,11i2,11V2,11Z2,11Y2,11U2,11U4,11X4,11k4,11x4,11z4,11y4,11u4,11z0,10Z0,10u5,10v5,10i5,10V5,10Z5,10Y5,10U5,10W0,10x2,10z2,10y2,10u2,10v2]
gb-trace iteration=37 resulting id=C5 vertices=[00i5,00v5,00V5,00Z5,00Y5,00W5,00w5,00j5,00k5]
gb-trace iteration=37 resulting id=C6 vertices=[01j0,01u2,01v2,01i2,01V2,01Z2,01z2,01y2,01w2,01j2,01W2,01Y2,01U2,01U4,01X4,01x4,01k4,01i4,01V4,01v4,01u4,01z0,01Z0,01u5,01y5,01z5,01x5,01X5,01k5,01i5,01v5,01V5,01Z5,01Y5,01U5,01W0]
gb-trace iteration=37 resulting id=C7 vertices=[01k2,01X2,01x2]
gb-trace iteration=37 resulting id=C23 vertices=[00i2,00k2,00x2,00X2,00U2,00Y2,00W2,00W0,00U5,00X5,00x5,00z5,00y5,00u5,00Z0,00V0,00Z1,00z1,00y1,00w1,00W1,00Y1,00U1,00X1,00x1,00k1,00j1,00i1,00V1,00v1,00u1,00i0,00j0,00u2,00v2,00V2,00Z2,00z2,00y2,00w2,00j2]
gb-trace iteration=37 resulting id=C9 vertices=[01j4,01w4,01y4,01z4,01Z4,01Y4,01W4]
gb-trace iteration=37 resulting id=C10 vertices=[01j5,01w5,01W5]
gb-trace iteration=37 resulting id=C27 vertices=[10i1,10v1,10V0,10Y1,10W1,10w1,10j1,10k1,10x1,10X1,10U1,10u0,00u0,00v4,00i4,00V4,00Z4,00z4,00x4,00k4,00X4,00U4,00Y4,00W4,00j4,00w4,00y4,00u4,01u0,01U1,01Y1,01W1,01j1,01w1,01y1,01V0,01Z1,01z1,01x1,01X1,01k1,01i1,01V1,01v1,01u1,01i0,01k0,01u3,01y3,01w3,01W3,01j3,01i3,01v3,01V3,01Z3,01Y3,01U3,01X3,01k3,01x3,01z3,01X0,01U0,00U3,00X3,00k3,00x3,00z3,00y3,00w3,00j3,00W3,00Y3,00Z3,00V3,00i3,00v3,00u3,00k0,00X0,00U0,10U0,10X0,10V3,10Z3,10Y3,10U3,10X3,10x3,10z3,10y3,10w3,10W3,10j3,10k3,10i3,10v3,10u3,10k0,10j0,10i0,10u1,10y1,10z1,10Z1,10V1]
cut arcs by clause length (length:number) = {6: 4, 12: 10, 18: 2, 38: 2, 40: 2, 72: 2}
number of added block clauses (this increment) = 22
number of added block clauses (accumulated) = 784
add block clauses time = 509.450us
increment time = 2.127160ms

CEGAR iteration...
cegar iteration = 38
sat solving time = 3.331236ms
number of subcycles found = 18
cycle lengths before merge (length:number) = {5: 1, 6: 4, 7: 4, 8: 3, 9: 1, 12: 1, 15: 2, 103: 2}
merge operation: 103 + 6 = 109
merge operation: 6 + 109 = 115
merge operation: 6 + 115 = 121
merge operation: 7 + 103 = 110
merge operation: 5 + 110 = 115
merge operation: 12 + 121 = 133
merge operation: 8 + 115 = 123
merge operation: 15 + 123 = 138
merge operation: 133 + 7 = 140
merge operation: 8 + 140 = 148
merge operation: 15 + 148 = 163
number of merge operations = 11
number of resulting cycles = 7
cycle lengths after merge (length:number) = {6: 1, 7: 2, 8: 1, 9: 1, 138: 1, 163: 1}
gb-trace iteration=38 subcycle id=C1 vertices=[00i0,00j0,00k0,00u3,00v3,00V3,00i3,00j3,00k3,00x3,00X3,00U3,00X0,00U0,00v5,00u5,00y5,00w5,00j5,00W5,00Y5,00U5,00W0,00Y2,00W2,00w2,00j2,00i2,00k2,00x2,00X2,00U2,00U4,00u0,00v4,00u4,01u0,01u4,01y4,01z4,01x4,01k4,01X4,01U4,01U2,01Y2,01W2,01w2,01j2,01i2,01k2,01x2,01X2,01W0,01U5,01Y5,01Z5,01z5,01y5,01w5,01W5,01j5,01k5,01x5,01X5,01U0,01V5,01i5,01v5,01u5,01Z0,01V0,01i0,01j0,01k0,01u3,01X0,01x3,01X3,01k3,01j3,01i3,01v3,01V3,01Z3,01z3,01y3,01w3,01W3,01Y3,01U3,01z0,00Z0,00V0,00y1,00w1,00W1,00j1,00k1,00i1,00V1,00v1,00u1]
gb-trace iteration=38 subcycle id=C2 vertices=[00x1,00z1,00Z1,00Y1,00U1,00X1]
gb-trace iteration=38 subcycle id=C3 vertices=[00u2,00y2,00z2,00Z2,00V2,00v2]
gb-trace iteration=38 subcycle id=C4 vertices=[00w3,00y3,00z3,00Z3,00Y3,00W3]
gb-trace iteration=38 subcycle id=C5 vertices=[00i4,00V4,00Z4,00Y4,00W4,00j4,00w4,00y4,00z4,00x4,00X4,00k4]
gb-trace iteration=38 subcycle id=C6 vertices=[00i5,00V5,00Z5,00z5,00x5,00X5,00k5]
gb-trace iteration=38 subcycle id=C7 vertices=[01i1,01V1,01Z1,01z1,01x1,01k1,01X1,01U1,01Y1,01W1,01j1,01w1,01y1,01u1,01v1]
gb-trace iteration=38 subcycle id=C8 vertices=[01u2,01y2,01z2,01Z2,01V2,01v2]
gb-trace iteration=38 subcycle id=C9 vertices=[01i4,01j4,01w4,01W4,01Y4,01Z4,01V4,01v4]
gb-trace iteration=38 subcycle id=C10 vertices=[10i0,10j0,10k0,10X0,10U0,10W5,10w5,10j5,10i5,10k5,10X5,10x5,10z5,10y5,10u5,10v5,10V5,10Z5,10Y5,10U5,10W0,10Y2,10W2,10j2,10w2,10y2,10u2,10v2,10i2,10V2,10Z2,10z2,10x2,10k2,10X2,10U2,10U4,10X4,10x4,10z4,10y4,10w4,10W4,10j4,10k4,10i4,10v4,10V4,10Z4,10Y4,10u0,10u4,11u0,11U1,11Y1,11Z1,11V1,11v1,11u1,11i0,11V0,11Z0,11u5,11y5,11z5,11Z5,11V5,11v5,11i5,11k5,11x5,11X5,11U5,11W0,11W2,11w2,11y2,11z2,11Z2,11Y2,11U2,11X2,11x2,11k2,11j2,11i2,11V2,11v2,11u2,11j0,11k0,11u3,11v3,11V3,11i3,11j3,11k3,11x3,11X3,11U3,11z0,10Z0,10V0]
gb-trace iteration=38 subcycle id=C11 vertices=[10i1,10v1,10u1,10y1,10w1,10j1,10W1,10Y1,10U1,10X1,10k1,10x1,10z1,10Z1,10V1]
gb-trace iteration=38 subcycle id=C12 vertices=[10i3,10V3,10v3,10u3,10y3,10w3,10W3,10j3]
gb-trace iteration=38 subcycle id=C13 vertices=[10k3,10x3,10z3,10Z3,10Y3,10U3,10X3]
gb-trace iteration=38 subcycle id=C14 vertices=[11U0,11w5,11j5,11W5,11Y5]
gb-trace iteration=38 subcycle id=C15 vertices=[11X0,11w3,11W3,11Y3,11Z3,11z3,11y3]
gb-trace iteration=38 subcycle id=C16 vertices=[11i1,11j1,11W1,11w1,11y1,11z1,11x1,11X1,11k1]
gb-trace iteration=38 subcycle id=C17 vertices=[11i4,11v4,11u4,11y4,11z4,11Z4,11V4]
gb-trace iteration=38 subcycle id=C18 vertices=[11j4,11k4,11x4,11X4,11U4,11Y4,11W4,11w4]
gb-trace iteration=38 merge C1 + C2 = C19
gb-trace iteration=38 merge C3 + C19 = C20
gb-trace iteration=38 merge C4 + C20 = C21
gb-trace iteration=38 merge C15 + C10 = C22
gb-trace iteration=38 merge C14 + C22 = C23
gb-trace iteration=38 merge C5 + C21 = C24
gb-trace iteration=38 merge C12 + C23 = C25
gb-trace iteration=38 merge C11 + C25 = C26
gb-trace iteration=38 merge C24 + C6 = C27
gb-trace iteration=38 merge C9 + C27 = C28
gb-trace iteration=38 merge C7 + C28 = C29
gb-trace iteration=38 resulting id=C17 vertices=[11i4,11v4,11u4,11y4,11z4,11Z4,11V4]
gb-trace iteration=38 resulting id=C18 vertices=[11j4,11k4,11x4,11X4,11U4,11Y4,11W4,11w4]
gb-trace iteration=38 resulting id=C16 vertices=[11i1,11j1,11W1,11w1,11y1,11z1,11x1,11X1,11k1]
gb-trace iteration=38 resulting id=C13 vertices=[10k3,10x3,10z3,10Z3,10Y3,10U3,10X3]
gb-trace iteration=38 resulting id=C8 vertices=[01u2,01y2,01z2,01Z2,01V2,01v2]
gb-trace iteration=38 resulting id=C26 vertices=[10i1,10v1,10V0,10Z0,11z0,11U3,11X3,11x3,11k3,11j3,11i3,11V3,11v3,11X0,11w3,11W3,11Y3,11Z3,11z3,11y3,11u3,11k0,11j0,11u2,11v2,11V2,11i2,11j2,11k2,11x2,11X2,11U2,11Y2,11Z2,11z2,11y2,11w2,11W2,11W0,11U5,11X5,11x5,11k5,11i5,11v5,11V5,11Z5,11z5,11U0,11Y5,11W5,11j5,11w5,11y5,11u5,11Z0,11V0,11i0,11u1,11v1,11V1,11Z1,11Y1,11U1,11u0,10u4,10u0,10Y4,10Z4,10V4,10v4,10i4,10k4,10j4,10W4,10w4,10y4,10z4,10x4,10X4,10U4,10U2,10X2,10k2,10x2,10z2,10Z2,10V2,10i2,10v2,10u2,10y2,10w2,10j2,10W2,10Y2,10W0,10U5,10Y5,10Z5,10V5,10v5,10u5,10y5,10z5,10x5,10X5,10k5,10i5,10j5,10w5,10W5,10U0,10X0,10v3,10V3,10i3,10j3,10W3,10w3,10y3,10u3,10k0,10j0,10i0,10u1,10y1,10w1,10j1,10W1,10Y1,10U1,10X1,10k1,10x1,10z1,10Z1,10V1]
gb-trace iteration=38 resulting id=C29 vertices=[01i1,01V1,01Z1,01z1,01x1,01k1,01X1,01U1,01Y1,01W1,01j1,01w1,01y1,01V0,01Z0,01u5,01v5,01i5,01V5,01U0,01X5,01x5,01k5,01j5,01W5,01w5,01y5,01z5,01Z5,01Y5,01U5,01W0,01X2,01x2,01k2,01i2,01j2,01w2,01W2,01Y2,01U2,01U4,01X4,01k4,01x4,01z4,01y4,01u4,01v4,01i4,01j4,01w4,01W4,01Y4,01Z4,01V4,01u0,00u4,00v4,00i4,00k4,00X4,00x4,00z4,00y4,00w4,00j4,00W4,00Y4,00Z4,00V4,00u0,00U4,00U2,00X2,00x2,00k2,00i2,00j2,00w2,00W2,00Y2,00Z2,00V2,00v2,00u2,00y2,00z2,00W0,00U5,00Y5,00W5,00j5,00w5,00y5,00u5,00v5,00i5,00k5,00X5,00x5,00z5,00Z5,00V5,00U0,00X0,00Z3,00z3,00y3,00w3,00W3,00Y3,00U3,00X3,00x3,00k3,00j3,00i3,00V3,00v3,00u3,00k0,00j0,00i0,00u1,00v1,00V1,00i1,00k1,00j1,00W1,00w1,00y1,00z1,00Z1,00Y1,00U1,00X1,00x1,00V0,00Z0,01z0,01U3,01Y3,01W3,01w3,01y3,01z3,01Z3,01V3,01v3,01i3,01j3,01k3,01X3,01x3,01X0,01u3,01k0,01j0,01i0,01u1,01v1]
cut arcs by clause length (length:number) = {12: 10, 14: 2, 40: 2}
number of added block clauses (this increment) = 14
number of added block clauses (accumulated) = 798
add block clauses time = 531.728us
increment time = 3.862964ms

CEGAR iteration...
cegar iteration = 39
sat solving time = 707.393us
number of subcycles found = 18
cycle lengths before merge (length:number) = {5: 1, 6: 5, 7: 2, 8: 2, 9: 3, 11: 1, 12: 1, 15: 1, 96: 1, 112: 1}
merge operation: 96 + 6 = 102
merge operation: 6 + 102 = 108
merge operation: 7 + 112 = 119
merge operation: 5 + 119 = 124
merge operation: 6 + 124 = 130
merge operation: 9 + 130 = 139
merge operation: 15 + 139 = 154
merge operation: 108 + 6 = 114
merge operation: 11 + 114 = 125
merge operation: 12 + 125 = 137
merge operation: 9 + 137 = 146
merge operation: 8 + 146 = 154
merge operation: 7 + 154 = 161
number of merge operations = 13
number of resulting cycles = 5
cycle lengths after merge (length:number) = {6: 1, 8: 1, 9: 1, 154: 1, 161: 1}
gb-trace iteration=39 subcycle id=C1 vertices=[00i0,00j0,00k0,00u3,00v3,00V3,00i3,00j3,00k3,00x3,00X3,00U3,00X0,00U0,00v5,00u5,00y5,00w5,00j5,00W5,00Y5,00U5,00W0,00Y2,00W2,00w2,00j2,00i2,00k2,00x2,00X2,00U2,00U4,00u0,00v4,00u4,01u0,01U1,01X1,01k1,01x1,01z1,01y1,01u1,01v1,01i1,01V1,01Z1,01Y1,01W1,01j1,01w1,01V0,01i0,01k0,01j0,01W0,01u2,01v2,01i2,01V2,01Z2,01Y2,01U2,01U4,01X4,01k4,01x4,01z4,01y4,01u4,01z0,01U3,01Y3,01Z3,01V3,01v3,01u3,01X0,01U0,01V5,01i5,01v5,01u5,01Z0,00Z0,00V0,00y1,00w1,00W1,00j1,00k1,00i1,00V1,00v1,00u1]
gb-trace iteration=39 subcycle id=C2 vertices=[00x1,00z1,00Z1,00Y1,00U1,00X1]
gb-trace iteration=39 subcycle id=C3 vertices=[00u2,00y2,00z2,00Z2,00V2,00v2]
gb-trace iteration=39 subcycle id=C4 vertices=[00w3,00y3,00z3,00Z3,00Y3,00W3]
gb-trace iteration=39 subcycle id=C5 vertices=[00i4,00V4,00Z4,00Y4,00W4,00j4,00w4,00y4,00z4,00x4,00X4,00k4]
gb-trace iteration=39 subcycle id=C6 vertices=[00i5,00V5,00Z5,00z5,00x5,00X5,00k5]
gb-trace iteration=39 subcycle id=C7 vertices=[01j2,01k2,01X2,01x2,01z2,01y2,01w2,01W2]
gb-trace iteration=39 subcycle id=C8 vertices=[01i3,01k3,01X3,01x3,01z3,01y3,01w3,01W3,01j3]
gb-trace iteration=39 subcycle id=C9 vertices=[01i4,01j4,01w4,01W4,01Y4,01Z4,01V4,01v4]
gb-trace iteration=39 subcycle id=C10 vertices=[01j5,01k5,01x5,01X5,01U5,01Y5,01Z5,01z5,01y5,01w5,01W5]
gb-trace iteration=39 subcycle id=C11 vertices=[10i0,10j0,10k0,10X0,10U0,10W5,10w5,10j5,10i5,10k5,10X5,10x5,10z5,10y5,10u5,10v5,10V5,10Z5,10Y5,10U5,10W0,10Y2,10W2,10j2,10w2,10y2,10u2,10v2,10i2,10V2,10Z2,10z2,10x2,10k2,10X2,10U2,10U4,10X4,10x4,10z4,10y4,10w4,10W4,10j4,10k4,10i4,10v4,10V4,10Z4,10Y4,10u0,10u4,11u0,11U1,11X1,11k1,11x1,11z1,11y1,11w1,11j1,11W1,11Y1,11Z1,11V1,11i1,11v1,11u1,11i0,11V0,11Z0,11u5,11y5,11z5,11Z5,11V5,11v5,11i5,11k5,11x5,11X5,11U5,11W0,11W2,11w2,11y2,11z2,11Z2,11Y2,11U2,11X2,11x2,11k2,11j2,11i2,11V2,11v2,11u2,11j0,11k0,11u3,11v3,11V3,11i3,11j3,11k3,11x3,11X3,11U3,11z0,10Z0,10V0]
gb-trace iteration=39 subcycle id=C12 vertices=[10i1,10v1,10u1,10y1,10w1,10j1,10W1,10Y1,10U1,10X1,10k1,10x1,10z1,10Z1,10V1]
gb-trace iteration=39 subcycle id=C13 vertices=[10i3,10k3,10x3,10X3,10U3,10Y3,10W3,10w3,10j3]
gb-trace iteration=39 subcycle id=C14 vertices=[10u3,10y3,10z3,10Z3,10V3,10v3]
gb-trace iteration=39 subcycle id=C15 vertices=[11U0,11w5,11j5,11W5,11Y5]
gb-trace iteration=39 subcycle id=C16 vertices=[11X0,11w3,11W3,11Y3,11Z3,11z3,11y3]
gb-trace iteration=39 subcycle id=C17 vertices=[11i4,11V4,11v4,11u4,11y4,11w4,11W4,11j4,11k4]
gb-trace iteration=39 subcycle id=C18 vertices=[11x4,11X4,11U4,11Y4,11Z4,11z4]
gb-trace iteration=39 merge C1 + C2 = C19
gb-trace iteration=39 merge C3 + C19 = C20
gb-trace iteration=39 merge C16 + C11 = C21
gb-trace iteration=39 merge C15 + C21 = C22
gb-trace iteration=39 merge C14 + C22 = C23
gb-trace iteration=39 merge C13 + C23 = C24
gb-trace iteration=39 merge C12 + C24 = C25
gb-trace iteration=39 merge C20 + C4 = C26
gb-trace iteration=39 merge C10 + C26 = C27
gb-trace iteration=39 merge C5 + C27 = C28
gb-trace iteration=39 merge C8 + C28 = C29
gb-trace iteration=39 merge C7 + C29 = C30
gb-trace iteration=39 merge C6 + C30 = C31
gb-trace iteration=39 resulting id=C17 vertices=[11i4,11V4,11v4,11u4,11y4,11w4,11W4,11j4,11k4]
gb-trace iteration=39 resulting id=C18 vertices=[11x4,11X4,11U4,11Y4,11Z4,11z4]
gb-trace iteration=39 resulting id=C9 vertices=[01i4,01j4,01w4,01W4,01Y4,01Z4,01V4,01v4]
gb-trace iteration=39 resulting id=C25 vertices=[10i1,10v1,10V0,10Z0,11z0,11U3,11X3,11x3,11k3,11j3,11i3,11V3,11v3,11X0,11w3,11W3,11Y3,11Z3,11z3,11y3,11u3,11k0,11j0,11u2,11v2,11V2,11i2,11j2,11k2,11x2,11X2,11U2,11Y2,11Z2,11z2,11y2,11w2,11W2,11W0,11U5,11X5,11x5,11k5,11i5,11v5,11V5,11Z5,11z5,11U0,11Y5,11W5,11j5,11w5,11y5,11u5,11Z0,11V0,11i0,11u1,11v1,11i1,11V1,11Z1,11Y1,11W1,11j1,11w1,11y1,11z1,11x1,11k1,11X1,11U1,11u0,10u4,10u0,10Y4,10Z4,10V4,10v4,10i4,10k4,10j4,10W4,10w4,10y4,10z4,10x4,10X4,10U4,10U2,10X2,10k2,10x2,10z2,10Z2,10V2,10i2,10v2,10u2,10y2,10w2,10j2,10W2,10Y2,10W0,10U5,10Y5,10Z5,10V5,10v5,10u5,10y5,10z5,10x5,10X5,10k5,10i5,10j5,10w5,10W5,10U0,10X0,10W3,10Y3,10U3,10X3,10x3,10k3,10i3,10j3,10w3,10y3,10z3,10Z3,10V3,10v3,10u3,10k0,10j0,10i0,10u1,10y1,10w1,10j1,10W1,10Y1,10U1,10X1,10k1,10x1,10z1,10Z1,10V1]
gb-trace iteration=39 resulting id=C31 vertices=[00i5,00v5,00u5,00y5,00w5,00j5,00W5,00Y5,00U5,00W0,00z2,00y2,00u2,00v2,00V2,00Z2,00Y2,00W2,00w2,00j2,00i2,00k2,00x2,00X2,00U2,00U4,00u0,00V4,00Z4,00Y4,00W4,00j4,00w4,00y4,00z4,00x4,00X4,00k4,00i4,00v4,00u4,01u0,01U1,01X1,01k1,01x1,01z1,01y1,01u1,01v1,01i1,01V1,01Z1,01Y1,01W1,01j1,01w1,01V0,01i0,01k0,01j0,01W0,01z2,01x2,01X2,01k2,01j2,01W2,01w2,01y2,01u2,01v2,01i2,01V2,01Z2,01Y2,01U2,01U4,01X4,01k4,01x4,01z4,01y4,01u4,01z0,01U3,01Y3,01Z3,01V3,01v3,01u3,01y3,01w3,01W3,01j3,01i3,01k3,01X3,01x3,01z3,01X0,01U0,01Y5,01U5,01X5,01x5,01k5,01j5,01W5,01w5,01y5,01z5,01Z5,01V5,01i5,01v5,01u5,01Z0,00Z0,00V0,00x1,00X1,00U1,00Y1,00Z1,00z1,00y1,00w1,00W1,00j1,00k1,00i1,00V1,00v1,00u1,00i0,00j0,00k0,00u3,00v3,00V3,00i3,00j3,00k3,00x3,00X3,00U3,00Y3,00W3,00w3,00y3,00z3,00Z3,00X0,00U0,00V5,00Z5,00z5,00x5,00X5,00k5]
cut arcs by clause length (length:number) = {12: 6, 14: 2, 16: 2}
number of added block clauses (this increment) = 10
number of added block clauses (accumulated) = 808
add block clauses time = 549.880us
increment time = 1.257273ms

CEGAR iteration...
cegar iteration = 40
sat solving time = 2.073057ms
number of subcycles found = 20
cycle lengths before merge (length:number) = {3: 2, 6: 3, 7: 2, 8: 1, 9: 5, 11: 1, 12: 1, 13: 1, 30: 1, 55: 1, 60: 1, 66: 1}
merge operation: 30 + 6 = 36
merge operation: 66 + 9 = 75
merge operation: 9 + 60 = 69
merge operation: 7 + 69 = 76
merge operation: 13 + 55 = 68
merge operation: 6 + 68 = 74
merge operation: 9 + 74 = 83
merge operation: 75 + 12 = 87
merge operation: 76 + 7 = 83
merge operation: 11 + 87 = 98
merge operation: 9 + 98 = 107
merge operation: 8 + 107 = 115
merge operation: 3 + 115 = 118
merge operation: 9 + 36 = 45
merge operation: 6 + 45 = 51
number of merge operations = 15
number of resulting cycles = 5
cycle lengths after merge (length:number) = {3: 1, 51: 1, 83: 2, 118: 1}
gb-trace iteration=40 subcycle id=C1 vertices=[00i0,00k0,00u3,00v3,00V3,00i3,00j3,00k3,00x3,00X3,00U3,00X0,00U0,00w5,00y5,00u5,00v5,00V5,00i5,00k5,00j5,00W5,00Y5,00Z5,00z5,00x5,00X5,00U5,00W0,00j0]
gb-trace iteration=40 subcycle id=C2 vertices=[00u0,00U1,00X1,00k1,00x1,00z1,00Z1,00Y1,00W1,00j1,00i1,00V1,00v1,00u1,00y1,00w1,00V0,00Z0,01z0,01U3,01Y3,01Z3,01V3,01v3,01u3,01X0,01U0,01V5,01i5,01v5,01u5,01Z0,01V0,01i0,01k0,01j0,01W0,01u2,01v2,01i2,01V2,01Z2,01Y2,01U2,01U4,01X4,01k4,01x4,01z4,01y4,01w4,01j4,01W4,01Y4,01Z4,01V4,01i4,01v4,01u4,01u0,00u4,00v4,00V4,00Z4,00Y4,00U4]
gb-trace iteration=40 subcycle id=C3 vertices=[00i2,00k2,00x2,00X2,00U2,00Y2,00W2,00w2,00j2]
gb-trace iteration=40 subcycle id=C4 vertices=[00u2,00y2,00z2,00Z2,00V2,00v2]
gb-trace iteration=40 subcycle id=C5 vertices=[00w3,00y3,00z3,00Z3,00Y3,00W3]
gb-trace iteration=40 subcycle id=C6 vertices=[00i4,00k4,00X4,00x4,00z4,00y4,00w4,00W4,00j4]
gb-trace iteration=40 subcycle id=C7 vertices=[01i1,01V1,01Z1,01Y1,01U1,01X1,01k1,01x1,01z1,01y1,01u1,01v1]
gb-trace iteration=40 subcycle id=C8 vertices=[01j1,01w1,01W1]
gb-trace iteration=40 subcycle id=C9 vertices=[01j2,01k2,01X2,01x2,01z2,01y2,01w2,01W2]
gb-trace iteration=40 subcycle id=C10 vertices=[01i3,01k3,01X3,01x3,01z3,01y3,01w3,01W3,01j3]
gb-trace iteration=40 subcycle id=C11 vertices=[01j5,01k5,01x5,01X5,01U5,01Y5,01Z5,01z5,01y5,01w5,01W5]
gb-trace iteration=40 subcycle id=C12 vertices=[10i0,10j0,10k0,10X0,10U0,10Y5,10U5,10W0,10Y2,10W2,10j2,10w2,10y2,10u2,10v2,10i2,10V2,10Z2,10z2,10x2,10k2,10X2,10U2,10U4,10Y4,10Z4,10V4,10i4,10v4,10u4,10y4,10w4,10W4,10j4,10k4,10X4,10x4,10z4,10u0,10U1,10X1,10k1,10x1,10z1,10y1,10w1,10j1,10W1,10Y1,10V0,10Z1,10V1,10i1,10v1,10u1]
gb-trace iteration=40 subcycle id=C13 vertices=[10Z0,11Z0,11V0,11U1,11X1,11k1,11x1,11z1,11y1,11w1,11j1,11W1,11Y1,11Z1,11V1,11i1,11v1,11u1,11i0,11j0,11k0,11u3,11y3,11z3,11x3,11X3,11U3,11X0,11U0,11v5,11u5,11y5,11w5,11j5,11W5,11Y5,11U5,11W0,11x2,11X2,11k2,11j2,11w2,11W2,11Y2,11U2,11U4,11Y4,11W4,11w4,11y4,11z4,11x4,11X4,11u0,11Z4,11V4,11v4,11u4,11z0]
gb-trace iteration=40 subcycle id=C14 vertices=[10i3,10k3,10x3,10X3,10U3,10Y3,10W3,10w3,10j3]
gb-trace iteration=40 subcycle id=C15 vertices=[10u3,10y3,10z3,10Z3,10V3,10v3]
gb-trace iteration=40 subcycle id=C16 vertices=[10i5,10j5,10W5,10w5,10y5,10u5,10v5,10V5,10Z5,10z5,10x5,10X5,10k5]
gb-trace iteration=40 subcycle id=C17 vertices=[11i2,11V2,11Z2,11z2,11y2,11u2,11v2]
gb-trace iteration=40 subcycle id=C18 vertices=[11i3,11v3,11V3,11Z3,11Y3,11W3,11w3,11j3,11k3]
gb-trace iteration=40 subcycle id=C19 vertices=[11i4,11j4,11k4]
gb-trace iteration=40 subcycle id=C20 vertices=[11i5,11k5,11X5,11x5,11z5,11Z5,11V5]
gb-trace iteration=40 merge C1 + C4 = C21
gb-trace iteration=40 merge C2 + C6 = C22
gb-trace iteration=40 merge C18 + C13 = C23
gb-trace iteration=40 merge C17 + C23 = C24
gb-trace iteration=40 merge C16 + C12 = C25
gb-trace iteration=40 merge C15 + C25 = C26
gb-trace iteration=40 merge C14 + C26 = C27
gb-trace iteration=40 merge C22 + C7 = C28
gb-trace iteration=40 merge C24 + C20 = C29
gb-trace iteration=40 merge C11 + C28 = C30
gb-trace iteration=40 merge C10 + C30 = C31
gb-trace iteration=40 merge C9 + C31 = C32
gb-trace iteration=40 merge C8 + C32 = C33
gb-trace iteration=40 merge C3 + C21 = C34
gb-trace iteration=40 merge C5 + C34 = C35
gb-trace iteration=40 resulting id=C19 vertices=[11i4,11j4,11k4]
gb-trace iteration=40 resulting id=C27 vertices=[10i3,10k3,10x3,10X3,10U3,10Y3,10W3,10X0,10U0,10w5,10y5,10u5,10v5,10V5,10Z5,10z5,10x5,10X5,10k5,10i5,10j5,10W5,10Y5,10U5,10W0,10Y2,10W2,10j2,10w2,10y2,10u2,10v2,10i2,10V2,10Z2,10z2,10x2,10k2,10X2,10U2,10U4,10Y4,10Z4,10V4,10i4,10v4,10u4,10y4,10w4,10W4,10j4,10k4,10X4,10x4,10z4,10u0,10U1,10X1,10k1,10x1,10z1,10y1,10w1,10j1,10W1,10Y1,10V0,10Z1,10V1,10i1,10v1,10u1,10i0,10j0,10k0,10u3,10v3,10V3,10Z3,10z3,10y3,10w3,10j3]
gb-trace iteration=40 resulting id=C33 vertices=[01j1,01w1,01y1,01z1,01x1,01k1,01X1,01U1,01Y1,01Z1,01V1,01i1,01v1,01u1,01i0,01k0,01j0,01W0,01z2,01x2,01X2,01k2,01j2,01W2,01w2,01y2,01u2,01v2,01i2,01V2,01Z2,01Y2,01U2,01U4,01X4,01k4,01x4,01z4,01y4,01w4,01j4,01W4,01Y4,01Z4,01V4,01i4,01v4,01u4,01u0,00u4,00v4,00V4,00Z4,00Y4,00U4,00X4,00k4,00i4,00j4,00W4,00w4,00y4,00z4,00x4,00u0,00U1,00X1,00k1,00x1,00z1,00Z1,00Y1,00W1,00j1,00i1,00V1,00v1,00u1,00y1,00w1,00V0,00Z0,01z0,01U3,01Y3,01Z3,01V3,01v3,01u3,01y3,01w3,01W3,01j3,01i3,01k3,01X3,01x3,01z3,01X0,01U0,01Y5,01U5,01X5,01x5,01k5,01j5,01W5,01w5,01y5,01z5,01Z5,01V5,01i5,01v5,01u5,01Z0,01V0,01W1]
gb-trace iteration=40 resulting id=C29 vertices=[11i2,11V2,11Z2,11W0,11U5,11Y5,11W5,11j5,11w5,11y5,11u5,11v5,11i5,11k5,11X5,11x5,11z5,11Z5,11V5,11U0,11X0,11Z3,11V3,11v3,11i3,11k3,11j3,11w3,11W3,11Y3,11U3,11X3,11x3,11z3,11y3,11u3,11k0,11j0,11i0,11u1,11v1,11i1,11V1,11Z1,11Y1,11W1,11j1,11w1,11y1,11z1,11x1,11k1,11X1,11U1,11V0,11Z0,10Z0,11z0,11u4,11v4,11V4,11Z4,11u0,11X4,11x4,11z4,11y4,11w4,11W4,11Y4,11U4,11U2,11Y2,11W2,11w2,11j2,11k2,11X2,11x2,11z2,11y2,11u2,11v2]
gb-trace iteration=40 resulting id=C35 vertices=[00w3,00y3,00z3,00Z3,00X0,00U0,00w5,00y5,00u5,00v5,00V5,00i5,00k5,00j5,00W5,00Y5,00Z5,00z5,00x5,00X5,00U5,00W0,00W2,00Y2,00U2,00X2,00x2,00k2,00i2,00j2,00w2,00y2,00z2,00Z2,00V2,00v2,00u2,00j0,00i0,00k0,00u3,00v3,00V3,00i3,00j3,00k3,00x3,00X3,00U3,00Y3,00W3]
cut arcs by clause length (length:number) = {6: 8, 10: 2}
number of added block clauses (this increment) = 10
number of added block clauses (accumulated) = 818
add block clauses time = 546.652us
increment time = 2.619709ms

CEGAR iteration...
cegar iteration = 41
sat solving time = 2.153878ms
number of subcycles found = 22
cycle lengths before merge (length:number) = {3: 2, 6: 1, 7: 3, 8: 3, 9: 6, 12: 1, 13: 1, 14: 1, 25: 1, 27: 1, 35: 1, 101: 1}
merge operation: 27 + 9 = 36
merge operation: 9 + 25 = 34
merge operation: 9 + 35 = 44
merge operation: 36 + 6 = 42
merge operation: 101 + 13 = 114
merge operation: 7 + 44 = 51
merge operation: 8 + 114 = 122
merge operation: 12 + 122 = 134
merge operation: 9 + 134 = 143
merge operation: 14 + 143 = 157
merge operation: 9 + 157 = 166
number of merge operations = 11
number of resulting cycles = 11
cycle lengths after merge (length:number) = {3: 2, 7: 2, 8: 2, 9: 1, 34: 1, 42: 1, 51: 1, 166: 1}
gb-trace iteration=41 subcycle id=C1 vertices=[00i0,00j0,00u2,00y2,00z2,00x2,00k2,00X2,00U2,00Y2,00W2,00w2,00j2,00i2,00v2,00V2,00Z2,00W0,00U5,00X5,00k5,00x5,00z5,00y5,00u5,00Z0,00V0]
gb-trace iteration=41 subcycle id=C2 vertices=[00k0,00X0,00U0,10U0,10X0,10x3,10z3,10Z3,10V3,10v3,10i3,10k3,10X3,10U3,10Y3,10W3,10j3,10w3,10y3,10u3,10k0,10j0,10i0,10V0,10Z0,10u5,10v5,10V5,10i5,10k5,10x5,10X5,10U5,10W0,10v2,10u2,10y2,10z2,10x2,10X2,10U2,10U4,10Y4,10Z4,10V4,10i4,10v4,10u4,10y4,10w4,10W4,10j4,10k4,10X4,10x4,10z4,10u0,00u0,00y4,00u4,01u0,01X4,01k4,01x4,01z4,01Z4,01V4,01i4,01v4,01u4,01y4,01w4,01j4,01W4,01Y4,01U4,01U2,01W0,01j0,01k0,01i0,01u1,01y1,01z1,01V0,01Z0,01z0,01U3,01Y3,01Z3,01V3,01v3,01u3,01X0,01U0,00U3,00X3,00x3,00z3,00y3,00u3]
gb-trace iteration=41 subcycle id=C3 vertices=[00i1,00k1,00j1,00W1,00w1,00y1,00u1,00v1,00V1]
gb-trace iteration=41 subcycle id=C4 vertices=[00x1,00X1,00U1,00Y1,00Z1,00z1]
gb-trace iteration=41 subcycle id=C5 vertices=[00i3,00v3,00V3,00Z3,00Y3,00W3,00w3,00j3,00k3]
gb-trace iteration=41 subcycle id=C6 vertices=[00i4,00v4,00V4,00Z4,00z4,00x4,00X4,00U4,00Y4,00W4,00w4,00j4,00k4]
gb-trace iteration=41 subcycle id=C7 vertices=[00i5,00j5,00w5,00W5,00Y5,00Z5,00V5,00v5]
gb-trace iteration=41 subcycle id=C8 vertices=[01i1,01k1,01x1,01X1,01U1,01Y1,01Z1,01V1,01v1]
gb-trace iteration=41 subcycle id=C9 vertices=[01j1,01W1,01w1]
gb-trace iteration=41 subcycle id=C10 vertices=[01i2,01V2,01Z2,01Y2,01W2,01w2,01j2,01k2,01X2,01x2,01z2,01y2,01u2,01v2]
gb-trace iteration=41 subcycle id=C11 vertices=[01i3,01j3,01W3,01w3,01y3,01z3,01x3,01X3,01k3]
gb-trace iteration=41 subcycle id=C12 vertices=[01i5,01j5,01W5,01w5,01y5,01u5,01v5,01V5]
gb-trace iteration=41 subcycle id=C13 vertices=[01k5,01X5,01U5,01Y5,01Z5,01z5,01x5]
gb-trace iteration=41 subcycle id=C14 vertices=[10i1,10k1,10j1]
gb-trace iteration=41 subcycle id=C15 vertices=[10u1,10y1,10w1,10W1,10Y1,10U1,10X1,10x1,10z1,10Z1,10V1,10v1]
gb-trace iteration=41 subcycle id=C16 vertices=[10i2,10k2,10j2,10w2,10W2,10Y2,10Z2,10V2]
gb-trace iteration=41 subcycle id=C17 vertices=[10j5,10W5,10Y5,10Z5,10z5,10y5,10w5]
gb-trace iteration=41 subcycle id=C18 vertices=[11i0,11k0,11j0,11W0,11u2,11y2,11w2,11W2,11Y2,11U2,11U4,11Y4,11W4,11j4,11w4,11y4,11u4,11v4,11u0,11U1,11X1,11k1,11x1,11z1,11y1,11w1,11j1,11W1,11Y1,11Z1,11V1,11i1,11v1,11V0,11u1]
gb-trace iteration=41 subcycle id=C19 vertices=[11z0,11Z0,11u5,11v5,11i5,11V5,11Z5,11Y5,11W5,11j5,11w5,11y5,11z5,11x5,11k5,11X5,11U5,11U0,11X0,11u3,11y3,11z3,11x3,11X3,11U3]
gb-trace iteration=41 subcycle id=C20 vertices=[11i2,11v2,11V2,11Z2,11z2,11x2,11X2,11k2,11j2]
gb-trace iteration=41 subcycle id=C21 vertices=[11i3,11v3,11V3,11Z3,11Y3,11W3,11w3,11j3,11k3]
gb-trace iteration=41 subcycle id=C22 vertices=[11i4,11k4,11X4,11x4,11z4,11Z4,11V4]
gb-trace iteration=41 merge C1 + C3 = C23
gb-trace iteration=41 merge C21 + C19 = C24
gb-trace iteration=41 merge C20 + C18 = C25
gb-trace iteration=41 merge C23 + C4 = C26
gb-trace iteration=41 merge C2 + C6 = C27
gb-trace iteration=41 merge C22 + C25 = C28
gb-trace iteration=41 merge C16 + C27 = C29
gb-trace iteration=41 merge C15 + C29 = C30
gb-trace iteration=41 merge C8 + C30 = C31
gb-trace iteration=41 merge C10 + C31 = C32
gb-trace iteration=41 merge C11 + C32 = C33
gb-trace iteration=41 resulting id=C24 vertices=[11i3,11v3,11u3,11y3,11z3,11x3,11X3,11U3,11z0,11Z0,11u5,11v5,11i5,11V5,11Z5,11Y5,11W5,11j5,11w5,11y5,11z5,11x5,11k5,11X5,11U5,11U0,11X0,11V3,11Z3,11Y3,11W3,11w3,11j3,11k3]
gb-trace iteration=41 resulting id=C17 vertices=[10j5,10W5,10Y5,10Z5,10z5,10y5,10w5]
gb-trace iteration=41 resulting id=C14 vertices=[10i1,10k1,10j1]
gb-trace iteration=41 resulting id=C28 vertices=[11i4,11k4,11X4,11x4,11z4,11Z4,11u0,11U1,11X1,11k1,11x1,11z1,11y1,11w1,11j1,11W1,11Y1,11Z1,11V1,11i1,11v1,11V0,11u1,11i0,11k0,11j0,11W0,11V2,11Z2,11z2,11x2,11X2,11k2,11j2,11i2,11v2,11u2,11y2,11w2,11W2,11Y2,11U2,11U4,11Y4,11W4,11j4,11w4,11y4,11u4,11v4,11V4]
gb-trace iteration=41 resulting id=C5 vertices=[00i3,00v3,00V3,00Z3,00Y3,00W3,00w3,00j3,00k3]
gb-trace iteration=41 resulting id=C26 vertices=[00i0,00j0,00u2,00y2,00z2,00x2,00k2,00X2,00U2,00Y2,00W2,00w2,00j2,00i2,00v2,00V2,00Z2,00W0,00U5,00X5,00k5,00x5,00z5,00y5,00u5,00Z0,00V0,00x1,00X1,00U1,00Y1,00Z1,00z1,00y1,00w1,00W1,00j1,00k1,00i1,00V1,00v1,00u1]
gb-trace iteration=41 resulting id=C7 vertices=[00i5,00j5,00w5,00W5,00Y5,00Z5,00V5,00v5]
gb-trace iteration=41 resulting id=C13 vertices=[01k5,01X5,01U5,01Y5,01Z5,01z5,01x5]
gb-trace iteration=41 resulting id=C9 vertices=[01j1,01W1,01w1]
gb-trace iteration=41 resulting id=C12 vertices=[01i5,01j5,01W5,01w5,01y5,01u5,01v5,01V5]
gb-trace iteration=41 resulting id=C33 vertices=[01i3,01j3,01W3,01w3,01X0,01U0,00U3,00X3,00x3,00z3,00y3,00u3,00k0,00X0,00U0,10U0,10X0,10x3,10z3,10Z3,10V3,10v3,10i3,10k3,10X3,10U3,10Y3,10W3,10j3,10w3,10y3,10u3,10k0,10j0,10i0,10u1,10v1,10V1,10Z1,10z1,10x1,10X1,10U1,10Y1,10W1,10w1,10y1,10V0,10Z0,10u5,10v5,10V5,10i5,10k5,10x5,10X5,10U5,10W0,10Z2,10Y2,10W2,10w2,10j2,10k2,10i2,10V2,10v2,10u2,10y2,10z2,10x2,10X2,10U2,10U4,10Y4,10Z4,10V4,10i4,10v4,10u4,10y4,10w4,10W4,10j4,10k4,10X4,10x4,10z4,10u0,00u0,00Z4,00V4,00v4,00i4,00k4,00j4,00w4,00W4,00Y4,00U4,00X4,00x4,00z4,00y4,00u4,01u0,01X4,01k4,01x4,01z4,01Z4,01V4,01i4,01v4,01u4,01y4,01w4,01j4,01W4,01Y4,01U4,01U2,01Y2,01W2,01w2,01j2,01k2,01X2,01x2,01z2,01y2,01u2,01v2,01i2,01V2,01Z2,01W0,01j0,01k0,01i0,01u1,01y1,01z1,01x1,01k1,01i1,01v1,01V1,01Z1,01Y1,01U1,01X1,01V0,01Z0,01z0,01U3,01Y3,01Z3,01V3,01v3,01u3,01y3,01z3,01x3,01X3,01k3]
cut arcs by clause length (length:number) = {6: 6, 8: 2, 12: 10, 18: 2, 72: 2}
number of added block clauses (this increment) = 22
number of added block clauses (accumulated) = 840
add block clauses time = 588.097us
increment time = 2.741975ms

CEGAR iteration...
cegar iteration = 42
sat solving time = 853.901us
number of subcycles found = 18
cycle lengths before merge (length:number) = {6: 2, 7: 2, 8: 1, 9: 6, 13: 2, 14: 1, 27: 1, 36: 1, 72: 1, 75: 1}
merge operation: 36 + 9 = 45
merge operation: 9 + 27 = 36
merge operation: 72 + 7 = 79
merge operation: 45 + 6 = 51
merge operation: 9 + 79 = 88
merge operation: 8 + 75 = 83
merge operation: 13 + 88 = 101
merge operation: 83 + 7 = 90
merge operation: 101 + 13 = 114
merge operation: 14 + 114 = 128
merge operation: 9 + 128 = 137
number of merge operations = 11
number of resulting cycles = 7
cycle lengths after merge (length:number) = {6: 1, 9: 2, 36: 1, 51: 1, 90: 1, 137: 1}
gb-trace iteration=42 subcycle id=C1 vertices=[00i0,00k0,00j0,00u2,00y2,00z2,00x2,00k2,00X2,00U2,00Y2,00W2,00w2,00j2,00i2,00v2,00V2,00Z2,00W0,00U5,00X5,00k5,00x5,00z5,00y5,00w5,00j5,00W5,00Y5,00Z5,00V5,00i5,00v5,00u5,00Z0,00V0]
gb-trace iteration=42 subcycle id=C2 vertices=[00u0,00y4,00u4,01u0,01X4,01k4,01x4,01z4,01Z4,01V4,01i4,01v4,01u4,01y4,01w4,01j4,01W4,01Y4,01U4,01U2,01W0,01j0,01k0,01i0,01u1,01y1,01z1,01x1,01k1,01X1,01U1,01Y1,01Z1,01V1,01v1,01i1,01j1,01w1,01W1,01V0,01Z0,01z0,01U3,01Y3,01Z3,01V3,01v3,01u3,01X0,01U0,00U3,00X3,00k3,00x3,00z3,00y3,00u3,00v3,00X0,00U0,10U0,10U5,10Y5,10W5,10w5,10y5,10u5,10Z0,10V0,10Y1,10U1,10u0]
gb-trace iteration=42 subcycle id=C3 vertices=[00i1,00k1,00j1,00W1,00w1,00y1,00u1,00v1,00V1]
gb-trace iteration=42 subcycle id=C4 vertices=[00x1,00X1,00U1,00Y1,00Z1,00z1]
gb-trace iteration=42 subcycle id=C5 vertices=[00i3,00V3,00Z3,00Y3,00W3,00w3,00j3]
gb-trace iteration=42 subcycle id=C6 vertices=[00i4,00v4,00V4,00Z4,00z4,00x4,00X4,00U4,00Y4,00W4,00w4,00j4,00k4]
gb-trace iteration=42 subcycle id=C7 vertices=[01i2,01V2,01Z2,01Y2,01W2,01w2,01j2,01k2,01X2,01x2,01z2,01y2,01u2,01v2]
gb-trace iteration=42 subcycle id=C8 vertices=[01i3,01j3,01W3,01w3,01y3,01z3,01x3,01X3,01k3]
gb-trace iteration=42 subcycle id=C9 vertices=[01i5,01k5,01j5,01W5,01w5,01y5,01u5,01v5,01V5]
gb-trace iteration=42 subcycle id=C10 vertices=[01x5,01X5,01U5,01Y5,01Z5,01z5]
gb-trace iteration=42 subcycle id=C11 vertices=[10i0,10k0,10X0,10x3,10z3,10Z3,10Y3,10W3,10j3,10w3,10y3,10u3,10v3,10V3,10i3,10k3,10X3,10U3,11U0,11u5,11v5,11i5,11V5,11Z5,11Y5,11W5,11j5,11w5,11y5,11z5,11x5,11k5,11X5,11U5,11W0,11j0,11u2,11y2,11w2,11W2,11Y2,11U2,11U4,11Y4,11W4,11j4,11w4,11y4,11u4,11v4,11u0,10u4,10v4,10i4,10V4,10Z4,10Y4,10W4,10j4,10w4,10y4,10z4,10x4,10k4,10X4,10U4,10U2,10Y2,10W0,10Z2,10V2,10i2,10v2,10u2,10j0]
gb-trace iteration=42 subcycle id=C12 vertices=[10i1,10v1,10u1,10y1,10w1,10W1,10j1,10k1,10X1,10x1,10z1,10Z1,10V1]
gb-trace iteration=42 subcycle id=C13 vertices=[10j2,10W2,10w2,10y2,10z2,10x2,10X2,10k2]
gb-trace iteration=42 subcycle id=C14 vertices=[10i5,10v5,10V5,10Z5,10z5,10x5,10X5,10k5,10j5]
gb-trace iteration=42 subcycle id=C15 vertices=[11i0,11k0,11X0,11u3,11y3,11z3,11x3,11X3,11U3,11z0,11Z0,11V0,11w1,11j1,11W1,11Y1,11U1,11X1,11x1,11k1,11i1,11v1,11V1,11Z1,11z1,11y1,11u1]
gb-trace iteration=42 subcycle id=C16 vertices=[11i2,11v2,11V2,11Z2,11z2,11x2,11X2,11k2,11j2]
gb-trace iteration=42 subcycle id=C17 vertices=[11i3,11v3,11V3,11Z3,11Y3,11W3,11w3,11j3,11k3]
gb-trace iteration=42 subcycle id=C18 vertices=[11i4,11k4,11X4,11x4,11z4,11Z4,11V4]
gb-trace iteration=42 merge C1 + C3 = C19
gb-trace iteration=42 merge C17 + C15 = C20
gb-trace iteration=42 merge C2 + C5 = C21
gb-trace iteration=42 merge C19 + C4 = C22
gb-trace iteration=42 merge C14 + C21 = C23
gb-trace iteration=42 merge C13 + C11 = C24
gb-trace iteration=42 merge C12 + C23 = C25
gb-trace iteration=42 merge C24 + C18 = C26
gb-trace iteration=42 merge C25 + C6 = C27
gb-trace iteration=42 merge C7 + C27 = C28
gb-trace iteration=42 merge C8 + C28 = C29
gb-trace iteration=42 resulting id=C16 vertices=[11i2,11v2,11V2,11Z2,11z2,11x2,11X2,11k2,11j2]
gb-trace iteration=42 resulting id=C10 vertices=[01x5,01X5,01U5,01Y5,01Z5,01z5]
gb-trace iteration=42 resulting id=C9 vertices=[01i5,01k5,01j5,01W5,01w5,01y5,01u5,01v5,01V5]
gb-trace iteration=42 resulting id=C22 vertices=[00i0,00k0,00j0,00u2,00y2,00z2,00x2,00k2,00X2,00U2,00Y2,00W2,00w2,00j2,00i2,00v2,00V2,00Z2,00W0,00U5,00X5,00k5,00x5,00z5,00y5,00w5,00j5,00W5,00Y5,00Z5,00V5,00i5,00v5,00u5,00Z0,00V0,00x1,00X1,00U1,00Y1,00Z1,00z1,00y1,00w1,00W1,00j1,00k1,00i1,00V1,00v1,00u1]
gb-trace iteration=42 resulting id=C20 vertices=[11i3,11v3,11u3,11y3,11z3,11x3,11X3,11U3,11z0,11Z0,11V0,11w1,11j1,11W1,11Y1,11U1,11X1,11x1,11k1,11i1,11v1,11V1,11Z1,11z1,11y1,11u1,11i0,11k0,11X0,11V3,11Z3,11Y3,11W3,11w3,11j3,11k3]
gb-trace iteration=42 resulting id=C26 vertices=[10j2,10W2,10Y2,10U2,10U4,10X4,10k4,10x4,10z4,10y4,10w4,10j4,10W4,10Y4,10Z4,10V4,10i4,10v4,10u4,11u0,11Z4,11z4,11x4,11X4,11k4,11i4,11V4,11v4,11u4,11y4,11w4,11j4,11W4,11Y4,11U4,11U2,11Y2,11W2,11w2,11y2,11u2,11j0,11W0,11U5,11X5,11k5,11x5,11z5,11y5,11w5,11j5,11W5,11Y5,11Z5,11V5,11i5,11v5,11u5,11U0,10U3,10X3,10k3,10i3,10V3,10v3,10u3,10y3,10w3,10j3,10W3,10Y3,10Z3,10z3,10x3,10X0,10k0,10i0,10j0,10u2,10v2,10i2,10V2,10Z2,10W0,10w2,10y2,10z2,10x2,10X2,10k2]
gb-trace iteration=42 resulting id=C29 vertices=[01i3,01j3,01W3,01w3,01X0,01U0,00U3,00X3,00k3,00x3,00z3,00y3,00u3,00v3,00i3,00j3,00w3,00W3,00Y3,00Z3,00V3,00X0,00U0,10U0,10x5,10z5,10Z5,10V5,10v5,10i5,10j5,10k5,10X5,10U5,10Y5,10W5,10w5,10y5,10u5,10Z0,10V0,10w1,10y1,10u1,10v1,10i1,10V1,10Z1,10z1,10x1,10X1,10k1,10j1,10W1,10Y1,10U1,10u0,00u0,00x4,00X4,00U4,00Y4,00W4,00w4,00j4,00k4,00i4,00v4,00V4,00Z4,00z4,00y4,00u4,01u0,01X4,01k4,01x4,01z4,01Z4,01V4,01i4,01v4,01u4,01y4,01w4,01j4,01W4,01Y4,01U4,01U2,01Y2,01W2,01w2,01j2,01k2,01X2,01x2,01z2,01y2,01u2,01v2,01i2,01V2,01Z2,01W0,01j0,01k0,01i0,01u1,01y1,01z1,01x1,01k1,01X1,01U1,01Y1,01Z1,01V1,01v1,01i1,01j1,01w1,01W1,01V0,01Z0,01z0,01U3,01Y3,01Z3,01V3,01v3,01u3,01y3,01z3,01x3,01X3,01k3]
cut arcs by clause length (length:number) = {8: 2, 12: 6, 18: 2, 34: 2, 50: 2}
number of added block clauses (this increment) = 14
number of added block clauses (accumulated) = 854
add block clauses time = 536.221us
increment time = 1.390122ms

CEGAR iteration...
cegar iteration = 43
sat solving time = 2.278009ms
number of subcycles found = 15
cycle lengths before merge (length:number) = {3: 2, 7: 1, 8: 2, 9: 4, 13: 1, 15: 1, 46: 1, 50: 1, 68: 1, 81: 1}
merge operation: 81 + 9 = 90
merge operation: 7 + 90 = 97
merge operation: 9 + 97 = 106
merge operation: 8 + 68 = 76
merge operation: 13 + 106 = 119
number of merge operations = 5
number of resulting cycles = 10
cycle lengths after merge (length:number) = {3: 2, 8: 1, 9: 2, 15: 1, 46: 1, 50: 1, 76: 1, 119: 1}
gb-trace iteration=43 subcycle id=C1 vertices=[00i0,00k0,00j0,00u2,00y2,00z2,00x2,00k2,00X2,00U2,00Y2,00W2,00w2,00j2,00i2,00v2,00V2,00Z2,00W0,00U5,00X5,00k5,00x5,00z5,00y5,00w5,00j5,00W5,00Y5,00Z5,00V5,00i5,00v5,00u5,00Z0,01z0,01U3,01X3,01x3,01z3,01y3,01w3,01W3,01Y3,01Z3,01V3,01v3,01u3,01k0,01X0,01U0,00U3,00X3,00k3,00x3,00z3,00y3,00u3,00v3,00X0,00U0,10U0,10U5,10Y5,10W5,10w5,10y5,10u5,10Z0,10V0,10Y1,10U1,10u0,00u0,00U1,00X1,00x1,00z1,00y1,00u1,00V0]
gb-trace iteration=43 subcycle id=C2 vertices=[00i1,00v1,00V1,00Z1,00Y1,00W1,00w1,00j1,00k1]
gb-trace iteration=43 subcycle id=C3 vertices=[00i3,00V3,00Z3,00Y3,00W3,00w3,00j3]
gb-trace iteration=43 subcycle id=C4 vertices=[00i4,00v4,00u4,00y4,00w4,00j4,00W4,00Y4,00U4,00X4,00k4,00x4,00z4,00Z4,00V4]
gb-trace iteration=43 subcycle id=C5 vertices=[01i0,01V0,01Z0,01u5,01y5,01w5,01j5,01W5,01Y5,01U5,01W0,01j0,01u2,01v2,01V2,01Z2,01Y2,01W2,01w2,01y2,01z2,01x2,01X2,01U2,01U4,01X4,01k4,01x4,01z4,01y4,01w4,01j4,01W4,01Y4,01Z4,01V4,01i4,01v4,01u4,01u0,01U1,01X1,01x1,01z1,01y1,01u1]
gb-trace iteration=43 subcycle id=C6 vertices=[01i1,01v1,01V1,01Z1,01Y1,01W1,01w1,01j1,01k1]
gb-trace iteration=43 subcycle id=C7 vertices=[01i2,01j2,01k2]
gb-trace iteration=43 subcycle id=C8 vertices=[01i3,01j3,01k3]
gb-trace iteration=43 subcycle id=C9 vertices=[01i5,01k5,01X5,01x5,01z5,01Z5,01V5,01v5]
gb-trace iteration=43 subcycle id=C10 vertices=[10i0,10k0,10X0,10x3,10z3,10Z3,10Y3,10W3,10j3,10w3,10y3,10u3,10v3,10V3,10i3,10k3,10X3,10U3,11U0,11X0,11k0,11u3,11y3,11z3,11x3,11X3,11U3,11z0,11u4,11v4,11i4,11V4,11Z4,11Y4,11W4,11j4,11w4,11y4,11z4,11x4,11k4,11X4,11U4,11u0,10u4,10v4,10i4,10V4,10Z4,10Y4,10W4,10j4,10w4,10y4,10z4,10x4,10k4,10X4,10U4,10U2,10Y2,10W0,10Z2,10V2,10i2,10v2,10u2,10j0]
gb-trace iteration=43 subcycle id=C11 vertices=[10i1,10v1,10u1,10y1,10w1,10W1,10j1,10k1,10X1,10x1,10z1,10Z1,10V1]
gb-trace iteration=43 subcycle id=C12 vertices=[10j2,10W2,10w2,10y2,10z2,10x2,10X2,10k2]
gb-trace iteration=43 subcycle id=C13 vertices=[10i5,10v5,10V5,10Z5,10z5,10x5,10X5,10k5,10j5]
gb-trace iteration=43 subcycle id=C14 vertices=[11i0,11j0,11u2,11y2,11w2,11W2,11Y2,11U2,11X2,11k2,11j2,11i2,11v2,11V2,11Z2,11z2,11x2,11W0,11U5,11X5,11k5,11x5,11z5,11y5,11w5,11j5,11W5,11Y5,11Z5,11V5,11i5,11v5,11u5,11Z0,11V0,11w1,11j1,11W1,11Y1,11U1,11X1,11x1,11k1,11i1,11v1,11V1,11Z1,11z1,11y1,11u1]
gb-trace iteration=43 subcycle id=C15 vertices=[11i3,11v3,11V3,11Z3,11Y3,11W3,11w3,11j3,11k3]
gb-trace iteration=43 merge C1 + C2 = C16
gb-trace iteration=43 merge C3 + C16 = C17
gb-trace iteration=43 merge C13 + C17 = C18
gb-trace iteration=43 merge C12 + C10 = C19
gb-trace iteration=43 merge C11 + C18 = C20
gb-trace iteration=43 resulting id=C14 vertices=[11i0,11j0,11u2,11y2,11w2,11W2,11Y2,11U2,11X2,11k2,11j2,11i2,11v2,11V2,11Z2,11z2,11x2,11W0,11U5,11X5,11k5,11x5,11z5,11y5,11w5,11j5,11W5,11Y5,11Z5,11V5,11i5,11v5,11u5,11Z0,11V0,11w1,11j1,11W1,11Y1,11U1,11X1,11x1,11k1,11i1,11v1,11V1,11Z1,11z1,11y1,11u1]
gb-trace iteration=43 resulting id=C15 vertices=[11i3,11v3,11V3,11Z3,11Y3,11W3,11w3,11j3,11k3]
gb-trace iteration=43 resulting id=C19 vertices=[10j2,10W2,10Y2,10U2,10U4,10X4,10k4,10x4,10z4,10y4,10w4,10j4,10W4,10Y4,10Z4,10V4,10i4,10v4,10u4,11u0,11U4,11X4,11k4,11x4,11z4,11y4,11w4,11j4,11W4,11Y4,11Z4,11V4,11i4,11v4,11u4,11z0,11U3,11X3,11x3,11z3,11y3,11u3,11k0,11X0,11U0,10U3,10X3,10k3,10i3,10V3,10v3,10u3,10y3,10w3,10j3,10W3,10Y3,10Z3,10z3,10x3,10X0,10k0,10i0,10j0,10u2,10v2,10i2,10V2,10Z2,10W0,10w2,10y2,10z2,10x2,10X2,10k2]
gb-trace iteration=43 resulting id=C4 vertices=[00i4,00v4,00u4,00y4,00w4,00j4,00W4,00Y4,00U4,00X4,00k4,00x4,00z4,00Z4,00V4]
gb-trace iteration=43 resulting id=C5 vertices=[01i0,01V0,01Z0,01u5,01y5,01w5,01j5,01W5,01Y5,01U5,01W0,01j0,01u2,01v2,01V2,01Z2,01Y2,01W2,01w2,01y2,01z2,01x2,01X2,01U2,01U4,01X4,01k4,01x4,01z4,01y4,01w4,01j4,01W4,01Y4,01Z4,01V4,01i4,01v4,01u4,01u0,01U1,01X1,01x1,01z1,01y1,01u1]
gb-trace iteration=43 resulting id=C6 vertices=[01i1,01v1,01V1,01Z1,01Y1,01W1,01w1,01j1,01k1]
gb-trace iteration=43 resulting id=C7 vertices=[01i2,01j2,01k2]
gb-trace iteration=43 resulting id=C8 vertices=[01i3,01j3,01k3]
gb-trace iteration=43 resulting id=C9 vertices=[01i5,01k5,01X5,01x5,01z5,01Z5,01V5,01v5]
gb-trace iteration=43 resulting id=C20 vertices=[10i1,10v1,10u1,10y1,10w1,10V0,10Z0,10u5,10y5,10w5,10W5,10Y5,10U5,10X5,10k5,10j5,10i5,10v5,10V5,10Z5,10z5,10x5,10U0,00U0,00X0,00V3,00Z3,00Y3,00W3,00w3,00j3,00i3,00v3,00u3,00y3,00z3,00x3,00k3,00X3,00U3,01U0,01X0,01k0,01u3,01v3,01V3,01Z3,01Y3,01W3,01w3,01y3,01z3,01x3,01X3,01U3,01z0,00Z0,00u5,00v5,00i5,00V5,00Z5,00Y5,00W5,00j5,00w5,00y5,00z5,00x5,00k5,00X5,00U5,00W0,00Z2,00V2,00v2,00i2,00j2,00w2,00W2,00Y2,00U2,00X2,00k2,00x2,00z2,00y2,00u2,00j0,00k0,00i0,00V0,00V1,00Z1,00Y1,00W1,00w1,00j1,00k1,00i1,00v1,00u1,00y1,00z1,00x1,00X1,00U1,00u0,10u0,10U1,10Y1,10W1,10j1,10k1,10X1,10x1,10z1,10Z1,10V1]
cut arcs by clause length (length:number) = {6: 4, 12: 6, 14: 2, 18: 2, 36: 2, 46: 2, 54: 2}
number of added block clauses (this increment) = 20
number of added block clauses (accumulated) = 874
add block clauses time = 456.866us
increment time = 2.734875ms

CEGAR iteration...
cegar iteration = 44
sat solving time = 1.274562ms
number of subcycles found = 15
cycle lengths before merge (length:number) = {4: 1, 6: 1, 7: 1, 8: 3, 9: 4, 14: 1, 15: 1, 51: 1, 75: 1, 106: 1}
merge operation: 106 + 9 = 115
merge operation: 8 + 75 = 83
merge operation: 9 + 115 = 124
merge operation: 14 + 124 = 138
merge operation: 7 + 138 = 145
merge operation: 9 + 145 = 154
merge operation: 4 + 154 = 158
number of merge operations = 7
number of resulting cycles = 8
cycle lengths after merge (length:number) = {6: 1, 8: 2, 9: 1, 15: 1, 51: 1, 83: 1, 158: 1}
gb-trace iteration=44 subcycle id=C1 vertices=[00i0,00u1,00V0,00Z0,01Z0,01V0,01x1,01k1,01X1,01U1,01Y1,01W1,01w1,01j1,01i1,01v1,01V1,01Z1,01z1,01y1,01u1,01i0,01j0,01u2,01v2,01V2,01Z2,01Y2,01W2,01j2,01i2,01k2,01x2,01X2,01U2,01U4,01Y4,01Z4,01u0,01X4,01k4,01x4,01z4,01y4,01w4,01W4,01j4,01i4,01V4,01v4,01u4,01z0,01U3,01X3,01k3,01x3,01z3,01y3,01u3,01k0,01X0,01U0,00U3,00X3,00k3,00x3,00z3,00y3,00u3,00v3,00X0,00U0,10U0,10U5,10Y5,10W5,10w5,10y5,10u5,10Z0,10V0,10i0,10u1,10y1,10w1,10j1,10W1,10Y1,10U1,10u0,00u0,00u4,00v4,00V4,00Z4,00Y4,00U4,00U2,00X2,00k2,00x2,00z2,00y2,00u2,00j0,00k0]
gb-trace iteration=44 subcycle id=C2 vertices=[00W0,00Y2,00W2,00w2,00j2,00i2,00v2,00V2,00Z2]
gb-trace iteration=44 subcycle id=C3 vertices=[00i1,00v1,00V1,00Z1,00z1,00y1,00w1,00j1,00W1,00Y1,00U1,00X1,00x1,00k1]
gb-trace iteration=44 subcycle id=C4 vertices=[00i3,00V3,00Z3,00Y3,00W3,00w3,00j3]
gb-trace iteration=44 subcycle id=C5 vertices=[00i4,00j4,00W4,00w4,00y4,00z4,00x4,00X4,00k4]
gb-trace iteration=44 subcycle id=C6 vertices=[00i5,00k5,00j5,00W5,00w5,00y5,00u5,00v5,00V5]
gb-trace iteration=44 subcycle id=C7 vertices=[00x5,00z5,00Z5,00Y5,00U5,00X5]
gb-trace iteration=44 subcycle id=C8 vertices=[01W0,01z2,01y2,01w2]
gb-trace iteration=44 subcycle id=C9 vertices=[01i3,01j3,01w3,01W3,01Y3,01Z3,01V3,01v3]
gb-trace iteration=44 subcycle id=C10 vertices=[01i5,01v5,01u5,01y5,01w5,01j5,01W5,01Y5,01U5,01X5,01k5,01x5,01z5,01Z5,01V5]
gb-trace iteration=44 subcycle id=C11 vertices=[10j0,10k0,10X0,10x3,10z3,10Z3,10Y3,10W3,10j3,10w3,10y3,10u3,10v3,10V3,10i3,10k3,10X3,10U3,11U0,11X0,11u3,11y3,11z3,11x3,11k3,11X3,11U3,11z0,11u4,11v4,11i4,11V4,11Z4,11Y4,11W4,11j4,11w4,11y4,11z4,11x4,11k4,11X4,11U4,11u0,10u4,10v4,10i4,10V4,10Z4,10Y4,10W4,10j4,10w4,10y4,10z4,10x4,10k4,10X4,10U4,10U2,10Y2,10Z2,10z2,10x2,10X2,10k2,10i2,10v2,10V2,10W0,10W2,10j2,10w2,10y2,10u2]
gb-trace iteration=44 subcycle id=C12 vertices=[10i1,10k1,10X1,10x1,10z1,10Z1,10V1,10v1]
gb-trace iteration=44 subcycle id=C13 vertices=[10i5,10v5,10V5,10Z5,10z5,10x5,10X5,10k5,10j5]
gb-trace iteration=44 subcycle id=C14 vertices=[11i0,11k0,11j0,11u2,11y2,11w2,11W2,11Y2,11U2,11X2,11k2,11j2,11i2,11v2,11V2,11Z2,11z2,11x2,11W0,11U5,11X5,11k5,11x5,11z5,11y5,11w5,11j5,11W5,11Y5,11Z5,11V5,11i5,11v5,11u5,11Z0,11V0,11w1,11j1,11W1,11Y1,11U1,11X1,11x1,11k1,11i1,11v1,11V1,11Z1,11z1,11y1,11u1]
gb-trace iteration=44 subcycle id=C15 vertices=[11i3,11v3,11V3,11Z3,11Y3,11W3,11w3,11j3]
gb-trace iteration=44 merge C1 + C2 = C16
gb-trace iteration=44 merge C15 + C11 = C17
gb-trace iteration=44 merge C13 + C16 = C18
gb-trace iteration=44 merge C3 + C18 = C19
gb-trace iteration=44 merge C4 + C19 = C20
gb-trace iteration=44 merge C5 + C20 = C21
gb-trace iteration=44 merge C8 + C21 = C22
gb-trace iteration=44 resulting id=C14 vertices=[11i0,11k0,11j0,11u2,11y2,11w2,11W2,11Y2,11U2,11X2,11k2,11j2,11i2,11v2,11V2,11Z2,11z2,11x2,11W0,11U5,11X5,11k5,11x5,11z5,11y5,11w5,11j5,11W5,11Y5,11Z5,11V5,11i5,11v5,11u5,11Z0,11V0,11w1,11j1,11W1,11Y1,11U1,11X1,11x1,11k1,11i1,11v1,11V1,11Z1,11z1,11y1,11u1]
gb-trace iteration=44 resulting id=C12 vertices=[10i1,10k1,10X1,10x1,10z1,10Z1,10V1,10v1]
gb-trace iteration=44 resulting id=C17 vertices=[11i3,11v3,11u3,11y3,11z3,11x3,11k3,11X3,11U3,11z0,11u4,11v4,11i4,11V4,11Z4,11Y4,11W4,11j4,11w4,11y4,11z4,11x4,11k4,11X4,11U4,11u0,10u4,10v4,10i4,10V4,10Z4,10Y4,10W4,10j4,10w4,10y4,10z4,10x4,10k4,10X4,10U4,10U2,10Y2,10Z2,10z2,10x2,10X2,10k2,10i2,10v2,10V2,10W0,10W2,10j2,10w2,10y2,10u2,10j0,10k0,10X0,10x3,10z3,10Z3,10Y3,10W3,10j3,10w3,10y3,10u3,10v3,10V3,10i3,10k3,10X3,10U3,11U0,11X0,11V3,11Z3,11Y3,11W3,11w3,11j3]
gb-trace iteration=44 resulting id=C10 vertices=[01i5,01v5,01u5,01y5,01w5,01j5,01W5,01Y5,01U5,01X5,01k5,01x5,01z5,01Z5,01V5]
gb-trace iteration=44 resulting id=C9 vertices=[01i3,01j3,01w3,01W3,01Y3,01Z3,01V3,01v3]
gb-trace iteration=44 resulting id=C6 vertices=[00i5,00k5,00j5,00W5,00w5,00y5,00u5,00v5,00V5]
gb-trace iteration=44 resulting id=C7 vertices=[00x5,00z5,00Z5,00Y5,00U5,00X5]
gb-trace iteration=44 resulting id=C22 vertices=[01W0,01X2,01U2,01U4,01Y4,01Z4,01u0,01X4,01k4,01x4,01z4,01y4,01w4,01W4,01j4,01i4,01V4,01v4,01u4,01z0,01U3,01X3,01k3,01x3,01z3,01y3,01u3,01k0,01X0,01U0,00U3,00X3,00k3,00x3,00z3,00y3,00u3,00v3,00i3,00j3,00w3,00W3,00Y3,00Z3,00V3,00X0,00U0,10U0,10x5,10z5,10Z5,10V5,10v5,10i5,10j5,10k5,10X5,10U5,10Y5,10W5,10w5,10y5,10u5,10Z0,10V0,10i0,10u1,10y1,10w1,10j1,10W1,10Y1,10U1,10u0,00u0,00w4,00W4,00j4,00i4,00k4,00X4,00x4,00z4,00y4,00u4,00v4,00V4,00Z4,00Y4,00U4,00U2,00Y2,00W2,00w2,00j2,00i2,00v2,00V2,00Z2,00W0,00X2,00k2,00x2,00z2,00y2,00u2,00j0,00k0,00i0,00u1,00v1,00i1,00k1,00x1,00X1,00U1,00Y1,00W1,00j1,00w1,00y1,00z1,00Z1,00V1,00V0,00Z0,01Z0,01V0,01x1,01k1,01X1,01U1,01Y1,01W1,01w1,01j1,01i1,01v1,01V1,01Z1,01z1,01y1,01u1,01i0,01j0,01u2,01v2,01V2,01Z2,01Y2,01W2,01j2,01i2,01k2,01x2,01z2,01y2,01w2]
cut arcs by clause length (length:number) = {12: 8, 14: 2, 18: 2, 34: 2, 70: 2}
number of added block clauses (this increment) = 16
number of added block clauses (accumulated) = 890
add block clauses time = 494.144us
increment time = 1.768706ms

CEGAR iteration...
cegar iteration = 45
sat solving time = 500.399us
number of subcycles found = 17
cycle lengths before merge (length:number) = {6: 1, 7: 3, 8: 2, 9: 6, 13: 1, 14: 1, 41: 1, 62: 1, 111: 1}
merge operation: 111 + 9 = 120
merge operation: 6 + 62 = 68
merge operation: 7 + 41 = 48
merge operation: 68 + 9 = 77
merge operation: 9 + 120 = 129
merge operation: 14 + 129 = 143
merge operation: 7 + 143 = 150
merge operation: 9 + 150 = 159
merge operation: 13 + 159 = 172
number of merge operations = 9
number of resulting cycles = 8
cycle lengths after merge (length:number) = {7: 1, 8: 2, 9: 2, 48: 1, 77: 1, 172: 1}
gb-trace iteration=45 subcycle id=C1 vertices=[00i0,00u1,00V0,00Z0,01Z0,01u5,01v5,01i5,01V5,01Z5,01Y5,01U5,01W0,01v2,01u2,01j0,01k0,01i0,01V0,01x1,01z1,01y1,01u1,01v1,01V1,01Z1,01Y1,01W1,01w1,01j1,01i1,01k1,01X1,01U1,01u0,01V4,01Z4,01z4,01y4,01w4,01j4,01W4,01Y4,01U4,01X4,01x4,01k4,01i4,01v4,01u4,01z0,01U3,01X3,01k3,01x3,01z3,01y3,01u3,01v3,01i3,01j3,01w3,01W3,01Y3,01Z3,01V3,01X0,01U0,00U3,00X3,00k3,00x3,00z3,00y3,00u3,00v3,00X0,00U0,10U0,10U5,10Y5,10W5,10w5,10y5,10u5,10Z0,10V0,10i0,10u1,10y1,10w1,10W1,10Y1,10U1,10u0,00u0,00u4,00v4,00V4,00Z4,00Y4,00U4,00U2,00X2,00k2,00x2,00z2,00y2,00u2,00j0,00k0]
gb-trace iteration=45 subcycle id=C2 vertices=[00W0,00Y2,00W2,00w2,00j2,00i2,00v2,00V2,00Z2]
gb-trace iteration=45 subcycle id=C3 vertices=[00i1,00v1,00V1,00Z1,00z1,00y1,00w1,00j1,00W1,00Y1,00U1,00X1,00x1,00k1]
gb-trace iteration=45 subcycle id=C4 vertices=[00i3,00V3,00Z3,00Y3,00W3,00w3,00j3]
gb-trace iteration=45 subcycle id=C5 vertices=[00i4,00j4,00W4,00w4,00y4,00z4,00x4,00X4,00k4]
gb-trace iteration=45 subcycle id=C6 vertices=[00i5,00v5,00u5,00y5,00z5,00Z5,00V5]
gb-trace iteration=45 subcycle id=C7 vertices=[00j5,00w5,00W5,00Y5,00U5,00X5,00x5,00k5]
gb-trace iteration=45 subcycle id=C8 vertices=[01i2,01V2,01Z2,01z2,01y2,01w2,01W2,01Y2,01U2,01X2,01x2,01k2,01j2]
gb-trace iteration=45 subcycle id=C9 vertices=[01j5,01k5,01X5,01x5,01z5,01y5,01w5,01W5]
gb-trace iteration=45 subcycle id=C10 vertices=[10j0,10u2,10y2,10w2,10j2,10i2,10v2,10V2,10W0,10W2,10Y2,10Z2,10z2,10x2,10k2,10X2,10U2,10U4,10X4,10k4,10x4,10z4,10y4,10w4,10j4,10W4,10Y4,10Z4,10V4,10i4,10v4,10u4,11u0,11U1,11X1,11k1,11x1,11z1,11y1,11u1,11v1,11V1,11i1,11j1,11w1,11W1,11Y1,11Z1,11V0,11i0,11j0,11k0,11X0,11U0,10U3,10Y3,10W3,10j3,10w3,10y3,10u3,10k0]
gb-trace iteration=45 subcycle id=C11 vertices=[10X0,10x3,10z3,10Z3,10V3,10v3,10i3,10k3,10X3]
gb-trace iteration=45 subcycle id=C12 vertices=[10i1,10j1,10k1,10X1,10x1,10z1,10Z1,10V1,10v1]
gb-trace iteration=45 subcycle id=C13 vertices=[10i5,10v5,10V5,10Z5,10z5,10x5,10X5,10k5,10j5]
gb-trace iteration=45 subcycle id=C14 vertices=[11z0,11u4,11v4,11i4,11V4,11Z4,11Y4,11W4,11j4,11w4,11y4,11z4,11x4,11k4,11X4,11U4,11U2,11X2,11x2,11k2,11j2,11w2,11W2,11Y2,11W0,11U5,11X5,11k5,11x5,11z5,11y5,11w5,11j5,11W5,11Y5,11Z5,11V5,11i5,11v5,11u5,11Z0]
gb-trace iteration=45 subcycle id=C15 vertices=[11i2,11V2,11Z2,11z2,11y2,11u2,11v2]
gb-trace iteration=45 subcycle id=C16 vertices=[11i3,11k3,11x3,11X3,11U3,11Y3,11W3,11w3,11j3]
gb-trace iteration=45 subcycle id=C17 vertices=[11u3,11v3,11V3,11Z3,11z3,11y3]
gb-trace iteration=45 merge C1 + C2 = C18
gb-trace iteration=45 merge C17 + C10 = C19
gb-trace iteration=45 merge C15 + C14 = C20
gb-trace iteration=45 merge C19 + C11 = C21
gb-trace iteration=45 merge C13 + C18 = C22
gb-trace iteration=45 merge C3 + C22 = C23
gb-trace iteration=45 merge C4 + C23 = C24
gb-trace iteration=45 merge C5 + C24 = C25
gb-trace iteration=45 merge C8 + C25 = C26
gb-trace iteration=45 resulting id=C16 vertices=[11i3,11k3,11x3,11X3,11U3,11Y3,11W3,11w3,11j3]
gb-trace iteration=45 resulting id=C12 vertices=[10i1,10j1,10k1,10X1,10x1,10z1,10Z1,10V1,10v1]
gb-trace iteration=45 resulting id=C20 vertices=[11i2,11V2,11W0,11U5,11X5,11k5,11x5,11z5,11y5,11w5,11j5,11W5,11Y5,11Z5,11V5,11i5,11v5,11u5,11Z0,11z0,11u4,11v4,11i4,11V4,11Z4,11Y4,11W4,11j4,11w4,11y4,11z4,11x4,11k4,11X4,11U4,11U2,11X2,11x2,11k2,11j2,11w2,11W2,11Y2,11Z2,11z2,11y2,11u2,11v2]
gb-trace iteration=45 resulting id=C21 vertices=[11u3,11k0,11j0,11i0,11V0,11Z1,11Y1,11W1,11w1,11j1,11i1,11V1,11v1,11u1,11y1,11z1,11x1,11k1,11X1,11U1,11u0,10u4,10v4,10i4,10V4,10Z4,10Y4,10W4,10j4,10w4,10y4,10z4,10x4,10k4,10X4,10U4,10U2,10X2,10k2,10x2,10z2,10Z2,10Y2,10W2,10W0,10V2,10v2,10i2,10j2,10w2,10y2,10u2,10j0,10k0,10u3,10y3,10w3,10j3,10W3,10Y3,10X0,10x3,10z3,10Z3,10V3,10v3,10i3,10k3,10X3,10U3,11U0,11X0,11v3,11V3,11Z3,11z3,11y3]
gb-trace iteration=45 resulting id=C9 vertices=[01j5,01k5,01X5,01x5,01z5,01y5,01w5,01W5]
gb-trace iteration=45 resulting id=C6 vertices=[00i5,00v5,00u5,00y5,00z5,00Z5,00V5]
gb-trace iteration=45 resulting id=C7 vertices=[00j5,00w5,00W5,00Y5,00U5,00X5,00x5,00k5]
gb-trace iteration=45 resulting id=C26 vertices=[01i2,01v2,01u2,01j0,01k0,01i0,01V0,01x1,01z1,01y1,01u1,01v1,01V1,01Z1,01Y1,01W1,01w1,01j1,01i1,01k1,01X1,01U1,01u0,01V4,01Z4,01z4,01y4,01w4,01j4,01W4,01Y4,01U4,01X4,01x4,01k4,01i4,01v4,01u4,01z0,01U3,01X3,01k3,01x3,01z3,01y3,01u3,01v3,01i3,01j3,01w3,01W3,01Y3,01Z3,01V3,01X0,01U0,00U3,00X3,00k3,00x3,00z3,00y3,00u3,00v3,00i3,00j3,00w3,00W3,00Y3,00Z3,00V3,00X0,00U0,10U0,10x5,10z5,10Z5,10V5,10v5,10i5,10j5,10k5,10X5,10U5,10Y5,10W5,10w5,10y5,10u5,10Z0,10V0,10i0,10u1,10y1,10w1,10W1,10Y1,10U1,10u0,00u0,00w4,00W4,00j4,00i4,00k4,00X4,00x4,00z4,00y4,00u4,00v4,00V4,00Z4,00Y4,00U4,00U2,00Y2,00W2,00w2,00j2,00i2,00v2,00V2,00Z2,00W0,00X2,00k2,00x2,00z2,00y2,00u2,00j0,00k0,00i0,00u1,00v1,00i1,00k1,00x1,00X1,00U1,00Y1,00W1,00j1,00w1,00y1,00z1,00Z1,00V1,00V0,00Z0,01Z0,01u5,01v5,01i5,01V5,01Z5,01Y5,01U5,01W0,01V2,01Z2,01z2,01y2,01w2,01W2,01Y2,01U2,01X2,01x2,01k2,01j2]
cut arcs by clause length (length:number) = {12: 10, 30: 2, 54: 2, 56: 2}
number of added block clauses (this increment) = 16
number of added block clauses (accumulated) = 906
add block clauses time = 550.318us
increment time = 1.050717ms

CEGAR iteration...
cegar iteration = 46
sat solving time = 2.466152ms
number of subcycles found = 16
cycle lengths before merge (length:number) = {7: 1, 8: 3, 9: 4, 10: 1, 12: 1, 13: 2, 17: 1, 41: 1, 75: 1, 90: 1}
merge operation: 75 + 10 = 85
merge operation: 90 + 12 = 102
merge operation: 13 + 85 = 98
merge operation: 13 + 98 = 111
merge operation: 17 + 8 = 25
number of merge operations = 5
number of resulting cycles = 11
cycle lengths after merge (length:number) = {7: 1, 8: 2, 9: 4, 25: 1, 41: 1, 102: 1, 111: 1}
gb-trace iteration=46 subcycle id=C1 vertices=[00i0,00u1,00v1,00V0,00Z0,01Z0,01u5,01y5,01z5,01x5,01X5,01U5,01W0,01v2,01u2,01j0,01k0,01i0,01V0,01w1,01W1,01j1,01i1,01k1,01X1,01x1,01z1,01y1,01u1,01v1,01V1,01Z1,01Y1,01U1,01u0,01z4,01x4,01X4,01U4,01Y4,01Z4,01V4,01v4,01i4,01k4,01j4,01W4,01w4,01y4,01u4,01z0,01U3,01X3,01k3,01x3,01z3,01y3,01u3,01v3,01i3,01j3,01w3,01W3,01Y3,01Z3,01V3,01X0,01U0,00U3,00Y3,00Z3,00V3,00v3,00u3,00k0]
gb-trace iteration=46 subcycle id=C2 vertices=[00j0,00u2,00v2,00V2,00Z2,00Y2,00U2,00U4,00X4,00x4,00k4,00i4,00V4,00v4,00u4,00y4,00z4,00Z4,00Y4,00W4,00j4,00w4,00u0,10u0,10V4,10v4,10u4,11u0,11U1,11X1,11k1,11x1,11z1,11y1,11u1,11v1,11V1,11i1,11j1,11w1,11W1,11Y1,11Z1,11V0,11i0,11k0,11u3,11v3,11V3,11Z3,11z3,11y3,11w3,11j3,11i3,11k3,11x3,11X3,11U3,11Y3,11W3,11X0,11U0,10U3,10Y3,10W3,10j3,10w3,10y3,10u3,10k0,10X0,10U0,00U0,00X5,00k5,00x5,00z5,00Z5,00V5,00i5,00v5,00u5,00y5,00w5,00j5,00W5,00Y5,00U5,00W0]
gb-trace iteration=46 subcycle id=C3 vertices=[00X0,00W3,00j3,00i3,00k3,00X3,00x3,00z3,00y3,00w3]
gb-trace iteration=46 subcycle id=C4 vertices=[00i1,00k1,00j1,00W1,00w1,00y1,00z1,00x1,00X1,00U1,00Y1,00Z1,00V1]
gb-trace iteration=46 subcycle id=C5 vertices=[00i2,00k2,00X2,00x2,00z2,00y2,00w2,00W2,00j2]
gb-trace iteration=46 subcycle id=C6 vertices=[01i2,01V2,01Z2,01z2,01y2,01w2,01W2,01Y2,01U2,01X2,01x2,01k2,01j2]
gb-trace iteration=46 subcycle id=C7 vertices=[01i5,01v5,01V5,01Z5,01Y5,01W5,01w5,01j5,01k5]
gb-trace iteration=46 subcycle id=C8 vertices=[10i0,10u1,10y1,10z1,10Z1,10V1,10v1,10V0,10Z0,10u5,10y5,10w5,10W5,10Y5,10U5,10W0,10j0]
gb-trace iteration=46 subcycle id=C9 vertices=[10i1,10j1,10w1,10W1,10Y1,10U1,10X1,10x1,10k1]
gb-trace iteration=46 subcycle id=C10 vertices=[10i2,10V2,10v2,10u2,10y2,10w2,10W2,10j2]
gb-trace iteration=46 subcycle id=C11 vertices=[10k2,10x2,10z2,10Z2,10Y2,10U2,10X2]
gb-trace iteration=46 subcycle id=C12 vertices=[10i3,10k3,10X3,10x3,10z3,10Z3,10V3,10v3]
gb-trace iteration=46 subcycle id=C13 vertices=[10i4,10j4,10W4,10w4,10y4,10z4,10Z4,10Y4,10U4,10X4,10x4,10k4]
gb-trace iteration=46 subcycle id=C14 vertices=[10i5,10v5,10V5,10Z5,10z5,10x5,10X5,10k5,10j5]
gb-trace iteration=46 subcycle id=C15 vertices=[11j0,11W0,11U5,11X5,11k5,11x5,11z5,11y5,11w5,11j5,11W5,11Y5,11Z5,11V5,11i5,11v5,11u5,11Z0,11z0,11u4,11v4,11i4,11V4,11Z4,11Y4,11W4,11j4,11w4,11y4,11z4,11x4,11k4,11X4,11U4,11U2,11Y2,11W2,11j2,11w2,11y2,11u2]
gb-trace iteration=46 subcycle id=C16 vertices=[11i2,11v2,11V2,11Z2,11z2,11x2,11X2,11k2]
gb-trace iteration=46 merge C1 + C3 = C17
gb-trace iteration=46 merge C2 + C13 = C18
gb-trace iteration=46 merge C4 + C17 = C19
gb-trace iteration=46 merge C6 + C19 = C20
gb-trace iteration=46 merge C8 + C10 = C21
gb-trace iteration=46 resulting id=C15 vertices=[11j0,11W0,11U5,11X5,11k5,11x5,11z5,11y5,11w5,11j5,11W5,11Y5,11Z5,11V5,11i5,11v5,11u5,11Z0,11z0,11u4,11v4,11i4,11V4,11Z4,11Y4,11W4,11j4,11w4,11y4,11z4,11x4,11k4,11X4,11U4,11U2,11Y2,11W2,11j2,11w2,11y2,11u2]
gb-trace iteration=46 resulting id=C14 vertices=[10i5,10v5,10V5,10Z5,10z5,10x5,10X5,10k5,10j5]
gb-trace iteration=46 resulting id=C16 vertices=[11i2,11v2,11V2,11Z2,11z2,11x2,11X2,11k2]
gb-trace iteration=46 resulting id=C18 vertices=[00j0,00u2,00v2,00V2,00Z2,00Y2,00U2,00U4,00X4,00x4,00k4,00i4,00V4,00v4,00u4,00y4,00z4,00Z4,00Y4,00W4,00j4,00w4,00u0,10u0,10z4,10y4,10w4,10W4,10j4,10i4,10k4,10x4,10X4,10U4,10Y4,10Z4,10V4,10v4,10u4,11u0,11U1,11X1,11k1,11x1,11z1,11y1,11u1,11v1,11V1,11i1,11j1,11w1,11W1,11Y1,11Z1,11V0,11i0,11k0,11u3,11v3,11V3,11Z3,11z3,11y3,11w3,11j3,11i3,11k3,11x3,11X3,11U3,11Y3,11W3,11X0,11U0,10U3,10Y3,10W3,10j3,10w3,10y3,10u3,10k0,10X0,10U0,00U0,00X5,00k5,00x5,00z5,00Z5,00V5,00i5,00v5,00u5,00y5,00w5,00j5,00W5,00Y5,00U5,00W0]
gb-trace iteration=46 resulting id=C5 vertices=[00i2,00k2,00X2,00x2,00z2,00y2,00w2,00W2,00j2]
gb-trace iteration=46 resulting id=C12 vertices=[10i3,10k3,10X3,10x3,10z3,10Z3,10V3,10v3]
gb-trace iteration=46 resulting id=C7 vertices=[01i5,01v5,01V5,01Z5,01Y5,01W5,01w5,01j5,01k5]
gb-trace iteration=46 resulting id=C11 vertices=[10k2,10x2,10z2,10Z2,10Y2,10U2,10X2]
gb-trace iteration=46 resulting id=C9 vertices=[10i1,10j1,10w1,10W1,10Y1,10U1,10X1,10x1,10k1]
gb-trace iteration=46 resulting id=C20 vertices=[01i2,01v2,01u2,01j0,01k0,01i0,01V0,01w1,01W1,01j1,01i1,01k1,01X1,01x1,01z1,01y1,01u1,01v1,01V1,01Z1,01Y1,01U1,01u0,01z4,01x4,01X4,01U4,01Y4,01Z4,01V4,01v4,01i4,01k4,01j4,01W4,01w4,01y4,01u4,01z0,01U3,01X3,01k3,01x3,01z3,01y3,01u3,01v3,01i3,01j3,01w3,01W3,01Y3,01Z3,01V3,01X0,01U0,00U3,00X0,00w3,00y3,00z3,00x3,00X3,00k3,00i3,00j3,00W3,00Y3,00Z3,00V3,00v3,00u3,00k0,00i0,00u1,00v1,00V1,00i1,00k1,00j1,00W1,00w1,00y1,00z1,00x1,00X1,00U1,00Y1,00Z1,00V0,00Z0,01Z0,01u5,01y5,01z5,01x5,01X5,01U5,01W0,01V2,01Z2,01z2,01y2,01w2,01W2,01Y2,01U2,01X2,01x2,01k2,01j2]
gb-trace iteration=46 resulting id=C21 vertices=[10i0,10u1,10y1,10z1,10Z1,10V1,10v1,10V0,10Z0,10u5,10y5,10w5,10W5,10Y5,10U5,10W0,10v2,10V2,10i2,10j2,10W2,10w2,10y2,10u2,10j0]
cut arcs by clause length (length:number) = {12: 14, 18: 2, 38: 2, 42: 2, 74: 2}
number of added block clauses (this increment) = 22
number of added block clauses (accumulated) = 928
add block clauses time = 513.345us
increment time = 2.979497ms

CEGAR iteration...
cegar iteration = 47
sat solving time = 1.316253ms
number of subcycles found = 13
cycle lengths before merge (length:number) = {8: 3, 9: 2, 10: 2, 14: 1, 40: 1, 46: 1, 48: 1, 50: 1, 78: 1}
merge operation: 48 + 10 = 58
merge operation: 46 + 8 = 54
merge operation: 14 + 54 = 68
merge operation: 8 + 78 = 86
merge operation: 10 + 58 = 68
number of merge operations = 5
number of resulting cycles = 8
cycle lengths after merge (length:number) = {8: 1, 9: 2, 40: 1, 50: 1, 68: 2, 86: 1}
gb-trace iteration=47 subcycle id=C1 vertices=[00i0,00j0,00u2,00y2,00z2,00x2,00X2,00U2,00U4,00Y4,00Z4,00V4,00v4,00u4,01u0,01U1,01Y1,01W1,01j1,01w1,01y1,01u1,01i0,01V0,01Z0,01u5,01y5,01z5,01x5,01X5,01U5,01Y5,01W5,01w5,01j5,01k5,01i5,01v5,01V5,01Z5,01U0,00U3,00Y3,00Z3,00V3,00v3,00u3,00k0]
gb-trace iteration=47 subcycle id=C2 vertices=[00u0,00U1,00Y1,00Z1,00V1,00i1,00v1,00u1,00V0,00Z0,00u5,00y5,00z5,00x5,00k5,00X5,00U5,00Y5,00Z5,00V5,00v5,00i5,00j5,00w5,00W5,00U0,10U0,10u5,10Z0,10V0,10V1,10v1,10u1,10y1,10w1,10W1,10j1,10i1,10k1,10X1,10x1,10z1,10Z1,10Y1,10U1,10u0]
gb-trace iteration=47 subcycle id=C3 vertices=[00W0,00V2,00Z2,00Y2,00W2,00w2,00j2,00k2,00i2,00v2]
gb-trace iteration=47 subcycle id=C4 vertices=[00X0,00W3,00j3,00i3,00k3,00X3,00x3,00z3,00y3,00w3]
gb-trace iteration=47 subcycle id=C5 vertices=[00j1,00W1,00w1,00y1,00z1,00x1,00X1,00k1]
gb-trace iteration=47 subcycle id=C6 vertices=[00i4,00j4,00W4,00w4,00y4,00z4,00x4,00X4,00k4]
gb-trace iteration=47 subcycle id=C7 vertices=[01j0,01k0,01X0,01y3,01u3,01v3,01V3,01i3,01j3,01w3,01W3,01Y3,01Z3,01z3,01x3,01k3,01X3,01U3,01z0,01u4,01v4,01i4,01V4,01Z4,01Y4,01W4,01j4,01w4,01y4,01z4,01x4,01k4,01X4,01U4,01U2,01X2,01x2,01k2,01j2,01i2,01V2,01Z2,01z2,01y2,01w2,01W2,01Y2,01W0,01v2,01u2]
gb-trace iteration=47 subcycle id=C8 vertices=[01i1,01k1,01X1,01x1,01z1,01Z1,01V1,01v1]
gb-trace iteration=47 subcycle id=C9 vertices=[10i0,10j0,10W0,10X2,10k2,10x2,10z2,10Z2,10Y2,10U2,10U4,10X4,10k4,10x4,10z4,10y4,10w4,10j4,10W4,10Y4,10Z4,10V4,10i4,10v4,10u4,11u0,11U1,11X1,11k1,11x1,11z1,11y1,11u1,11v1,11V1,11i1,11j1,11w1,11W1,11Y1,11Z1,11V0,11i0,11k0,11u3,11v3,11V3,11Z3,11z3,11y3,11w3,11j3,11i3,11k3,11x3,11X3,11U3,11Y3,11W3,11X0,11U0,10U3,10X3,10x3,10z3,10y3,10w3,10j3,10k3,10i3,10v3,10V3,10Z3,10Y3,10W3,10X0,10u3,10k0]
gb-trace iteration=47 subcycle id=C10 vertices=[10i2,10V2,10v2,10u2,10y2,10w2,10W2,10j2]
gb-trace iteration=47 subcycle id=C11 vertices=[10i5,10j5,10k5,10x5,10X5,10U5,10Y5,10W5,10w5,10y5,10z5,10Z5,10V5,10v5]
gb-trace iteration=47 subcycle id=C12 vertices=[11j0,11W0,11U5,11X5,11k5,11x5,11z5,11y5,11w5,11j5,11W5,11Y5,11Z5,11V5,11i5,11v5,11u5,11Z0,11z0,11u4,11v4,11i4,11V4,11Z4,11Y4,11W4,11j4,11w4,11y4,11z4,11x4,11k4,11X4,11U4,11U2,11X2,11x2,11z2,11y2,11u2]
gb-trace iteration=47 subcycle id=C13 vertices=[11i2,11v2,11V2,11Z2,11Y2,11W2,11w2,11j2,11k2]
gb-trace iteration=47 merge C1 + C3 = C14
gb-trace iteration=47 merge C2 + C5 = C15
gb-trace iteration=47 merge C11 + C15 = C16
gb-trace iteration=47 merge C10 + C9 = C17
gb-trace iteration=47 merge C4 + C14 = C18
gb-trace iteration=47 resulting id=C12 vertices=[11j0,11W0,11U5,11X5,11k5,11x5,11z5,11y5,11w5,11j5,11W5,11Y5,11Z5,11V5,11i5,11v5,11u5,11Z0,11z0,11u4,11v4,11i4,11V4,11Z4,11Y4,11W4,11j4,11w4,11y4,11z4,11x4,11k4,11X4,11U4,11U2,11X2,11x2,11z2,11y2,11u2]
gb-trace iteration=47 resulting id=C16 vertices=[10i5,10j5,10k5,10x5,10X5,10U5,10Y5,10W5,10w5,10U0,00U0,00W5,00w5,00j5,00i5,00v5,00V5,00Z5,00Y5,00U5,00X5,00k5,00x5,00z5,00y5,00u5,00Z0,00V0,00z1,00x1,00X1,00k1,00j1,00W1,00w1,00y1,00u1,00v1,00i1,00V1,00Z1,00Y1,00U1,00u0,10u0,10U1,10Y1,10Z1,10z1,10x1,10X1,10k1,10i1,10j1,10W1,10w1,10y1,10u1,10v1,10V1,10V0,10Z0,10u5,10y5,10z5,10Z5,10V5,10v5]
gb-trace iteration=47 resulting id=C13 vertices=[11i2,11v2,11V2,11Z2,11Y2,11W2,11w2,11j2,11k2]
gb-trace iteration=47 resulting id=C8 vertices=[01i1,01k1,01X1,01x1,01z1,01Z1,01V1,01v1]
gb-trace iteration=47 resulting id=C17 vertices=[10i2,10V2,10v2,10W0,10X2,10k2,10x2,10z2,10Z2,10Y2,10U2,10U4,10X4,10k4,10x4,10z4,10y4,10w4,10j4,10W4,10Y4,10Z4,10V4,10i4,10v4,10u4,11u0,11U1,11X1,11k1,11x1,11z1,11y1,11u1,11v1,11V1,11i1,11j1,11w1,11W1,11Y1,11Z1,11V0,11i0,11k0,11u3,11v3,11V3,11Z3,11z3,11y3,11w3,11j3,11i3,11k3,11x3,11X3,11U3,11Y3,11W3,11X0,11U0,10U3,10X3,10x3,10z3,10y3,10w3,10j3,10k3,10i3,10v3,10V3,10Z3,10Y3,10W3,10X0,10u3,10k0,10i0,10j0,10u2,10y2,10w2,10W2,10j2]
gb-trace iteration=47 resulting id=C6 vertices=[00i4,00j4,00W4,00w4,00y4,00z4,00x4,00X4,00k4]
gb-trace iteration=47 resulting id=C7 vertices=[01j0,01k0,01X0,01y3,01u3,01v3,01V3,01i3,01j3,01w3,01W3,01Y3,01Z3,01z3,01x3,01k3,01X3,01U3,01z0,01u4,01v4,01i4,01V4,01Z4,01Y4,01W4,01j4,01w4,01y4,01z4,01x4,01k4,01X4,01U4,01U2,01X2,01x2,01k2,01j2,01i2,01V2,01Z2,01z2,01y2,01w2,01W2,01Y2,01W0,01v2,01u2]
gb-trace iteration=47 resulting id=C18 vertices=[00X0,00U3,01U0,01Z5,01V5,01v5,01i5,01k5,01j5,01w5,01W5,01Y5,01U5,01X5,01x5,01z5,01y5,01u5,01Z0,01V0,01i0,01u1,01y1,01w1,01j1,01W1,01Y1,01U1,01u0,00u4,00v4,00V4,00Z4,00Y4,00U4,00U2,00X2,00x2,00z2,00y2,00u2,00v2,00i2,00k2,00j2,00w2,00W2,00Y2,00Z2,00V2,00W0,00j0,00i0,00k0,00u3,00v3,00V3,00Z3,00Y3,00W3,00j3,00i3,00k3,00X3,00x3,00z3,00y3,00w3]
cut arcs by clause length (length:number) = {12: 6, 18: 2, 36: 2, 42: 2, 44: 2, 46: 2}
number of added block clauses (this increment) = 16
number of added block clauses (accumulated) = 944
add block clauses time = 433.942us
increment time = 1.750195ms

CEGAR iteration...
cegar iteration = 48
sat solving time = 747.764us
number of subcycles found = 14
cycle lengths before merge (length:number) = {7: 1, 8: 5, 9: 2, 10: 1, 14: 1, 47: 2, 51: 1, 104: 1}
merge operation: 47 + 14 = 61
merge operation: 47 + 10 = 57
merge operation: 8 + 104 = 112
merge operation: 9 + 57 = 66
merge operation: 8 + 112 = 120
merge operation: 66 + 9 = 75
number of merge operations = 6
number of resulting cycles = 8
cycle lengths after merge (length:number) = {7: 1, 8: 3, 51: 1, 61: 1, 75: 1, 120: 1}
gb-trace iteration=48 subcycle id=C1 vertices=[00i0,00V0,00Z0,00u5,00y5,00z5,00x5,00k5,00X5,00U5,00Y5,00Z5,00V5,00v5,00i5,00j5,00w5,00W5,00U0,10U0,10u5,10Z0,10V0,10V1,10v1,10u1,10y1,10w1,10W1,10j1,10i1,10k1,10X1,10x1,10z1,10Z1,10Y1,10U1,10u0,00u0,00U1,00Y1,00Z1,00V1,00i1,00v1,00u1]
gb-trace iteration=48 subcycle id=C2 vertices=[00j0,00W0,00u2,00y2,00z2,00x2,00X2,00U2,00U4,00Y4,00Z4,00V4,00i4,00v4,00u4,01u0,01U1,01Y1,01W1,01w1,01y1,01u1,01V0,01Z0,01u5,01y5,01z5,01x5,01X5,01U5,01Y5,01W5,01w5,01j5,01k5,01i5,01v5,01V5,01Z5,01U0,00U3,00Y3,00Z3,00V3,00v3,00u3,00k0]
gb-trace iteration=48 subcycle id=C3 vertices=[00X0,00W3,00j3,00i3,00k3,00X3,00x3,00z3,00y3,00w3]
gb-trace iteration=48 subcycle id=C4 vertices=[00j1,00W1,00w1,00y1,00z1,00x1,00X1,00k1]
gb-trace iteration=48 subcycle id=C5 vertices=[00i2,00v2,00V2,00Z2,00Y2,00W2,00w2,00j2,00k2]
gb-trace iteration=48 subcycle id=C6 vertices=[00j4,00W4,00w4,00y4,00z4,00x4,00X4,00k4]
gb-trace iteration=48 subcycle id=C7 vertices=[01i0,01k0,01X0,01y3,01u3,01v3,01V3,01i3,01j3,01w3,01W3,01Y3,01Z3,01z3,01x3,01k3,01X3,01U3,01z0,01u4,01v4,01i4,01V4,01Z4,01Y4,01W4,01j4,01w4,01y4,01z4,01x4,01k4,01X4,01U4,01U2,01X2,01x2,01k2,01j2,01i2,01V2,01Z2,01z2,01y2,01w2,01W2,01Y2,01W0,01v2,01u2,01j0]
gb-trace iteration=48 subcycle id=C8 vertices=[01i1,01j1,01k1,01X1,01x1,01z1,01Z1,01V1,01v1]
gb-trace iteration=48 subcycle id=C9 vertices=[10i0,10j0,10W0,10X2,10k2,10x2,10z2,10Z2,10Y2,10U2,10U4,10X4,10k4,10x4,10z4,10y4,10w4,10j4,10W4,10Y4,10Z4,10V4,10i4,10v4,10u4,11u0,11U1,11X1,11k1,11x1,11z1,11y1,11w1,11j1,11W1,11Y1,11Z1,11V1,11i1,11v1,11u1,11V0,11i0,11k0,11j0,11u2,11v2,11i2,11V2,11Z2,11z2,11y2,11W0,11U5,11X5,11k5,11x5,11z5,11y5,11w5,11j5,11W5,11Y5,11Z5,11V5,11i5,11v5,11u5,11Z0,11z0,11U3,11X3,11k3,11x3,11z3,11y3,11u3,11v3,11V3,11i3,11j3,11w3,11W3,11Y3,11Z3,11X0,11U0,10U3,10X3,10x3,10z3,10y3,10w3,10j3,10k3,10i3,10v3,10V3,10Z3,10Y3,10W3,10X0,10u3,10k0]
gb-trace iteration=48 subcycle id=C10 vertices=[10i2,10V2,10v2,10u2,10y2,10w2,10W2,10j2]
gb-trace iteration=48 subcycle id=C11 vertices=[10i5,10j5,10k5,10x5,10X5,10U5,10Y5,10W5,10w5,10y5,10z5,10Z5,10V5,10v5]
gb-trace iteration=48 subcycle id=C12 vertices=[11j2,11k2,11x2,11X2,11U2,11Y2,11W2,11w2]
gb-trace iteration=48 subcycle id=C13 vertices=[11i4,11j4,11W4,11w4,11y4,11u4,11v4,11V4]
gb-trace iteration=48 subcycle id=C14 vertices=[11k4,11X4,11U4,11Y4,11Z4,11z4,11x4]
gb-trace iteration=48 merge C1 + C11 = C15
gb-trace iteration=48 merge C2 + C3 = C16
gb-trace iteration=48 merge C12 + C9 = C17
gb-trace iteration=48 merge C5 + C16 = C18
gb-trace iteration=48 merge C10 + C17 = C19
gb-trace iteration=48 merge C18 + C8 = C20
gb-trace iteration=48 resulting id=C13 vertices=[11i4,11j4,11W4,11w4,11y4,11u4,11v4,11V4]
gb-trace iteration=48 resulting id=C14 vertices=[11k4,11X4,11U4,11Y4,11Z4,11z4,11x4]
gb-trace iteration=48 resulting id=C15 vertices=[00i0,00V0,00Z0,00u5,00y5,00z5,00x5,00k5,00X5,00U5,00Y5,00Z5,00V5,00v5,00i5,00j5,00w5,00W5,00U0,10U0,10w5,10W5,10Y5,10U5,10X5,10x5,10k5,10j5,10i5,10v5,10V5,10Z5,10z5,10y5,10u5,10Z0,10V0,10V1,10v1,10u1,10y1,10w1,10W1,10j1,10i1,10k1,10X1,10x1,10z1,10Z1,10Y1,10U1,10u0,00u0,00U1,00Y1,00Z1,00V1,00i1,00v1,00u1]
gb-trace iteration=48 resulting id=C4 vertices=[00j1,00W1,00w1,00y1,00z1,00x1,00X1,00k1]
gb-trace iteration=48 resulting id=C19 vertices=[10i2,10V2,10v2,10W0,10X2,10k2,10x2,10z2,10Z2,10Y2,10U2,10U4,10X4,10k4,10x4,10z4,10y4,10w4,10j4,10W4,10Y4,10Z4,10V4,10i4,10v4,10u4,11u0,11U1,11X1,11k1,11x1,11z1,11y1,11w1,11j1,11W1,11Y1,11Z1,11V1,11i1,11v1,11u1,11V0,11i0,11k0,11j0,11u2,11v2,11i2,11V2,11Z2,11z2,11y2,11w2,11j2,11k2,11x2,11X2,11U2,11Y2,11W2,11W0,11U5,11X5,11k5,11x5,11z5,11y5,11w5,11j5,11W5,11Y5,11Z5,11V5,11i5,11v5,11u5,11Z0,11z0,11U3,11X3,11k3,11x3,11z3,11y3,11u3,11v3,11V3,11i3,11j3,11w3,11W3,11Y3,11Z3,11X0,11U0,10U3,10X3,10x3,10z3,10y3,10w3,10j3,10k3,10i3,10v3,10V3,10Z3,10Y3,10W3,10X0,10u3,10k0,10i0,10j0,10u2,10y2,10w2,10W2,10j2]
gb-trace iteration=48 resulting id=C6 vertices=[00j4,00W4,00w4,00y4,00z4,00x4,00X4,00k4]
gb-trace iteration=48 resulting id=C7 vertices=[01i0,01k0,01X0,01y3,01u3,01v3,01V3,01i3,01j3,01w3,01W3,01Y3,01Z3,01z3,01x3,01k3,01X3,01U3,01z0,01u4,01v4,01i4,01V4,01Z4,01Y4,01W4,01j4,01w4,01y4,01z4,01x4,01k4,01X4,01U4,01U2,01X2,01x2,01k2,01j2,01i2,01V2,01Z2,01z2,01y2,01w2,01W2,01Y2,01W0,01v2,01u2,01j0]
gb-trace iteration=48 resulting id=C20 vertices=[00i2,00v2,00u2,00y2,00z2,00x2,00X2,00U2,00U4,00Y4,00Z4,00V4,00i4,00v4,00u4,01u0,01U1,01Y1,01W1,01w1,01y1,01u1,01v1,01i1,01j1,01k1,01X1,01x1,01z1,01Z1,01V1,01V0,01Z0,01u5,01y5,01z5,01x5,01X5,01U5,01Y5,01W5,01w5,01j5,01k5,01i5,01v5,01V5,01Z5,01U0,00U3,00X0,00w3,00y3,00z3,00x3,00X3,00k3,00i3,00j3,00W3,00Y3,00Z3,00V3,00v3,00u3,00k0,00j0,00W0,00V2,00Z2,00Y2,00W2,00w2,00j2,00k2]
cut arcs by clause length (length:number) = {12: 8, 18: 2, 32: 2, 34: 2, 48: 2}
number of added block clauses (this increment) = 16
number of added block clauses (accumulated) = 960
add block clauses time = 464.808us
increment time = 1.212572ms

CEGAR iteration...
cegar iteration = 49
sat solving time = 2.342461ms
number of subcycles found = 18
cycle lengths before merge (length:number) = {3: 1, 6: 2, 7: 1, 8: 3, 9: 5, 10: 1, 13: 2, 14: 1, 88: 1, 109: 1}
merge operation: 109 + 9 = 118
merge operation: 13 + 88 = 101
merge operation: 14 + 101 = 115
merge operation: 13 + 115 = 128
merge operation: 8 + 128 = 136
merge operation: 10 + 118 = 128
merge operation: 9 + 128 = 137
merge operation: 8 + 137 = 145
number of merge operations = 8
number of resulting cycles = 10
cycle lengths after merge (length:number) = {3: 1, 6: 2, 7: 1, 8: 1, 9: 3, 136: 1, 145: 1}
gb-trace iteration=49 subcycle id=C1 vertices=[00i0,00V0,00Z0,00u5,00v5,00i5,00V5,00Z5,00Y5,00W5,00j5,00w5,00U0,00y5,00z5,00x5,00k5,00X5,00U5,00W0,00z2,00x2,00X2,00U2,00U4,00X4,00k4,00x4,00z4,00y4,00u4,01u0,01U1,01Y1,01W1,01w1,01y1,01u1,01i0,01V0,01Z0,01u5,01v5,01i5,01V5,01Z5,01Y5,01W5,01j5,01w5,01y5,01z5,01x5,01k5,01X5,01U5,01W0,01j0,01u2,01v2,01i2,01V2,01Z2,01Y2,01W2,01j2,01w2,01y2,01z2,01x2,01k2,01X2,01U2,01U4,01X4,01k4,01x4,01z4,01y4,01w4,01j4,01W4,01Y4,01Z4,01V4,01i4,01v4,01u4,01z0,01U3,01X3,01x3,01k3,01j3,01i3,01V3,01v3,01u3,01k0,01X0,01U0,00U3,00Y3,00Z3,00V3,00v3,00u3,00k0,00j0]
gb-trace iteration=49 subcycle id=C2 vertices=[00u0,00Y4,00Z4,00V4,00v4,00i4,00j4,00w4,00W4]
gb-trace iteration=49 subcycle id=C3 vertices=[00X0,00x3,00z3,00y3,00w3,00W3,00j3,00i3,00k3,00X3]
gb-trace iteration=49 subcycle id=C4 vertices=[00i1,00V1,00v1,00u1,00y1,00w1,00W1,00j1,00k1]
gb-trace iteration=49 subcycle id=C5 vertices=[00x1,00X1,00U1,00Y1,00Z1,00z1]
gb-trace iteration=49 subcycle id=C6 vertices=[00i2,00k2,00j2]
gb-trace iteration=49 subcycle id=C7 vertices=[00u2,00y2,00w2,00W2,00Y2,00Z2,00V2,00v2]
gb-trace iteration=49 subcycle id=C8 vertices=[01i1,01j1,01k1,01X1,01x1,01z1,01Z1,01V1,01v1]
gb-trace iteration=49 subcycle id=C9 vertices=[01w3,01y3,01z3,01Z3,01Y3,01W3]
gb-trace iteration=49 subcycle id=C10 vertices=[10i0,10V0,10Z0,11Z0,11z0,11U3,11X3,11X0,11k0,11j0,11i0,11u1,11V0,11U1,11u0,11u4,11v4,11i4,11V4,11Z4,11Y4,11W4,11j4,11w4,11y4,11z4,11x4,11k4,11X4,11U4,11U2,11Y2,11W2,11w2,11j2,11k2,11x2,11X2,11W0,11U5,11U0,10U3,10Y3,10Z3,10V3,10i3,10v3,10u3,10k0,10X0,10U0,10u5,10y5,10z5,10x5,10k5,10X5,10U5,10W0,10j0,10u2,10y2,10w2,10W2,10Y2,10U2,10U4,10Y4,10Z4,10V4,10i4,10v4,10u4,10y4,10z4,10x4,10X4,10k4,10j4,10W4,10w4,10u0,10U1,10Y1,10Z1,10V1,10v1,10u1]
gb-trace iteration=49 subcycle id=C11 vertices=[10i1,10k1,10X1,10x1,10z1,10y1,10w1,10W1,10j1]
gb-trace iteration=49 subcycle id=C12 vertices=[10i2,10v2,10V2,10Z2,10z2,10x2,10X2,10k2,10j2]
gb-trace iteration=49 subcycle id=C13 vertices=[10j3,10W3,10w3,10y3,10z3,10x3,10X3,10k3]
gb-trace iteration=49 subcycle id=C14 vertices=[10i5,10j5,10w5,10W5,10Y5,10Z5,10V5,10v5]
gb-trace iteration=49 subcycle id=C15 vertices=[11i1,11v1,11V1,11Z1,11Y1,11W1,11j1,11w1,11y1,11z1,11x1,11X1,11k1]
gb-trace iteration=49 subcycle id=C16 vertices=[11i2,11V2,11Z2,11z2,11y2,11u2,11v2]
gb-trace iteration=49 subcycle id=C17 vertices=[11i3,11j3,11w3,11W3,11Y3,11Z3,11V3,11v3,11u3,11y3,11z3,11x3,11k3]
gb-trace iteration=49 subcycle id=C18 vertices=[11i5,11v5,11u5,11y5,11z5,11x5,11X5,11k5,11j5,11w5,11W5,11Y5,11Z5,11V5]
gb-trace iteration=49 merge C1 + C2 = C19
gb-trace iteration=49 merge C17 + C10 = C20
gb-trace iteration=49 merge C18 + C20 = C21
gb-trace iteration=49 merge C15 + C21 = C22
gb-trace iteration=49 merge C14 + C22 = C23
gb-trace iteration=49 merge C3 + C19 = C24
gb-trace iteration=49 merge C4 + C24 = C25
gb-trace iteration=49 merge C7 + C25 = C26
gb-trace iteration=49 resulting id=C16 vertices=[11i2,11V2,11Z2,11z2,11y2,11u2,11v2]
gb-trace iteration=49 resulting id=C13 vertices=[10j3,10W3,10w3,10y3,10z3,10x3,10X3,10k3]
gb-trace iteration=49 resulting id=C12 vertices=[10i2,10v2,10V2,10Z2,10z2,10x2,10X2,10k2,10j2]
gb-trace iteration=49 resulting id=C11 vertices=[10i1,10k1,10X1,10x1,10z1,10y1,10w1,10W1,10j1]
gb-trace iteration=49 resulting id=C5 vertices=[00x1,00X1,00U1,00Y1,00Z1,00z1]
gb-trace iteration=49 resulting id=C6 vertices=[00i2,00k2,00j2]
gb-trace iteration=49 resulting id=C23 vertices=[10i5,10j5,10w5,10W5,10Y5,10Z5,10V5,10U0,10X0,10k0,10u3,10v3,10i3,10V3,10Z3,10Y3,10U3,11U0,11x5,11z5,11y5,11u5,11v5,11i5,11V5,11Z5,11Y5,11W5,11w5,11j5,11k5,11X5,11U5,11W0,11X2,11x2,11k2,11j2,11w2,11W2,11Y2,11U2,11U4,11X4,11k4,11x4,11z4,11y4,11w4,11j4,11W4,11Y4,11Z4,11V4,11i4,11v4,11u4,11u0,11U1,11V0,11V1,11Z1,11Y1,11W1,11j1,11w1,11y1,11z1,11x1,11X1,11k1,11i1,11v1,11u1,11i0,11j0,11k0,11u3,11y3,11z3,11x3,11k3,11i3,11j3,11w3,11W3,11Y3,11Z3,11V3,11v3,11X0,11X3,11U3,11z0,11Z0,10Z0,10V0,10i0,10u1,10v1,10V1,10Z1,10Y1,10U1,10u0,10w4,10W4,10j4,10k4,10X4,10x4,10z4,10y4,10u4,10v4,10i4,10V4,10Z4,10Y4,10U4,10U2,10Y2,10W2,10w2,10y2,10u2,10j0,10W0,10U5,10X5,10k5,10x5,10z5,10y5,10u5,10v5]
gb-trace iteration=49 resulting id=C8 vertices=[01i1,01j1,01k1,01X1,01x1,01z1,01Z1,01V1,01v1]
gb-trace iteration=49 resulting id=C9 vertices=[01w3,01y3,01z3,01Z3,01Y3,01W3]
gb-trace iteration=49 resulting id=C26 vertices=[00u2,00W0,00U5,00X5,00k5,00x5,00z5,00y5,00U0,00w5,00j5,00W5,00Y5,00Z5,00V5,00i5,00v5,00u5,00Z0,00V0,00v1,00V1,00i1,00k1,00j1,00W1,00w1,00y1,00u1,00i0,00j0,00k0,00u3,00v3,00V3,00Z3,00Y3,00X0,00x3,00z3,00y3,00w3,00W3,00j3,00i3,00k3,00X3,00U3,01U0,01X0,01k0,01u3,01v3,01V3,01i3,01j3,01k3,01x3,01X3,01U3,01z0,01u4,01v4,01i4,01V4,01Z4,01Y4,01W4,01j4,01w4,01y4,01z4,01x4,01k4,01X4,01U4,01U2,01X2,01k2,01x2,01z2,01y2,01w2,01j2,01W2,01Y2,01Z2,01V2,01i2,01v2,01u2,01j0,01W0,01U5,01X5,01k5,01x5,01z5,01y5,01w5,01j5,01W5,01Y5,01Z5,01V5,01i5,01v5,01u5,01Z0,01V0,01i0,01u1,01y1,01w1,01W1,01Y1,01U1,01u0,00u4,00y4,00z4,00x4,00k4,00X4,00u0,00W4,00w4,00j4,00i4,00v4,00V4,00Z4,00Y4,00U4,00U2,00X2,00x2,00z2,00y2,00w2,00W2,00Y2,00Z2,00V2,00v2]
cut arcs by clause length (length:number) = {6: 2, 12: 14, 44: 2, 50: 2}
number of added block clauses (this increment) = 20
number of added block clauses (accumulated) = 980
add block clauses time = 498.918us
increment time = 2.841379ms

CEGAR iteration...
cegar iteration = 50
sat solving time = 6.670461ms
number of subcycles found = 15
cycle lengths before merge (length:number) = {3: 2, 7: 2, 8: 2, 9: 2, 13: 3, 15: 2, 49: 1, 166: 1}
merge operation: 166 + 15 = 181
merge operation: 7 + 181 = 188
merge operation: 8 + 188 = 196
merge operation: 9 + 196 = 205
merge operation: 7 + 205 = 212
merge operation: 13 + 212 = 225
merge operation: 8 + 225 = 233
merge operation: 13 + 233 = 246
merge operation: 13 + 246 = 259
merge operation: 3 + 259 = 262
number of merge operations = 10
number of resulting cycles = 5
cycle lengths after merge (length:number) = {3: 1, 9: 1, 15: 1, 49: 1, 262: 1}
gb-trace iteration=50 subcycle id=C1 vertices=[00i0,00k0,00j0,00u2,00W0,00U2,00U4,00X4,00k4,00x4,00z4,00Z4,00V4,00i4,00v4,00u4,00y4,00w4,00j4,00W4,00Y4,00u0,10u0,10U1,10Y1,10Z1,10V1,10i1,10v1,10u1,10V0,10i0,10j0,10k0,10u3,10X0,10v3,10V3,10i3,10k3,10x3,10X3,10U3,11U0,11X0,11k0,11j0,11i0,11V0,11u1,11v1,11i1,11V1,11Z1,11Y1,11W1,11j1,11w1,11y1,11z1,11x1,11k1,11X1,11U1,11u0,10u4,10v4,10i4,10V4,10Z4,10Y4,10W4,10j4,10w4,10y4,10z4,10x4,10k4,10X4,10U4,10U2,10X2,10W0,10U5,10Y5,10Z5,10U0,00U0,00X0,00u3,00v3,00i3,00V3,00Z3,00Y3,00W3,00j3,00w3,00y3,00z3,00x3,00k3,00X3,00U3,01U0,01X5,01U5,01W0,01Y2,01U2,01X2,01x2,01k2,01i2,01v2,01V2,01Z2,01z2,01y2,01u2,01j0,01k0,01X0,01u3,01v3,01i3,01V3,01Z3,01Y3,01W3,01j3,01w3,01y3,01z3,01x3,01k3,01X3,01U3,01z0,01u4,01v4,01V4,01i4,01j4,01k4,01x4,01X4,01U4,01Y4,01W4,01w4,01y4,01z4,01Z4,01u0,01U1,01Y1,01Z1,01V1,01v1,01u1,01i0,01V0,01Z0,00Z0,00V0]
gb-trace iteration=50 subcycle id=C2 vertices=[00i1,00V1,00Z1,00z1,00x1,00k1,00X1,00U1,00Y1,00W1,00j1,00w1,00y1,00u1,00v1]
gb-trace iteration=50 subcycle id=C3 vertices=[00i2,00k2,00X2,00x2,00z2,00y2,00w2,00j2,00W2,00Y2,00Z2,00V2,00v2]
gb-trace iteration=50 subcycle id=C4 vertices=[00i5,00V5,00Z5,00z5,00x5,00k5,00X5,00U5,00Y5,00W5,00j5,00w5,00y5,00u5,00v5]
gb-trace iteration=50 subcycle id=C5 vertices=[01i1,01j1,01W1,01w1,01y1,01z1,01x1,01X1,01k1]
gb-trace iteration=50 subcycle id=C6 vertices=[01j2,01w2,01W2]
gb-trace iteration=50 subcycle id=C7 vertices=[01i5,01v5,01u5,01y5,01z5,01x5,01k5,01j5,01w5,01W5,01Y5,01Z5,01V5]
gb-trace iteration=50 subcycle id=C8 vertices=[10Z0,11Z0,11u5,11v5,11i5,11V5,11Z5,11Y5,11W5,11j5,11w5,11y5,11z5,11x5,11k5,11X5,11U5,11W0,11x2,11z2,11Z2,11Y2,11W2,11w2,11y2,11u2,11v2,11V2,11i2,11j2,11k2,11X2,11U2,11U4,11X4,11k4,11x4,11z4,11y4,11w4,11j4,11W4,11Y4,11Z4,11V4,11i4,11v4,11u4,11z0]
gb-trace iteration=50 subcycle id=C9 vertices=[10j1,10W1,10w1,10y1,10z1,10x1,10X1,10k1]
gb-trace iteration=50 subcycle id=C10 vertices=[10i2,10V2,10v2,10u2,10y2,10w2,10W2,10Y2,10Z2,10z2,10x2,10k2,10j2]
gb-trace iteration=50 subcycle id=C11 vertices=[10j3,10w3,10y3,10z3,10Z3,10Y3,10W3]
gb-trace iteration=50 subcycle id=C12 vertices=[10i5,10V5,10v5,10u5,10y5,10z5,10x5,10X5,10k5]
gb-trace iteration=50 subcycle id=C13 vertices=[10j5,10W5,10w5]
gb-trace iteration=50 subcycle id=C14 vertices=[11i3,11V3,11Z3,11z3,11y3,11u3,11v3]
gb-trace iteration=50 subcycle id=C15 vertices=[11j3,11w3,11W3,11Y3,11U3,11X3,11x3,11k3]
gb-trace iteration=50 merge C1 + C2 = C16
gb-trace iteration=50 merge C14 + C16 = C17
gb-trace iteration=50 merge C15 + C17 = C18
gb-trace iteration=50 merge C12 + C18 = C19
gb-trace iteration=50 merge C11 + C19 = C20
gb-trace iteration=50 merge C10 + C20 = C21
gb-trace iteration=50 merge C9 + C21 = C22
gb-trace iteration=50 merge C3 + C22 = C23
gb-trace iteration=50 merge C7 + C23 = C24
gb-trace iteration=50 merge C6 + C24 = C25
gb-trace iteration=50 resulting id=C13 vertices=[10j5,10W5,10w5]
gb-trace iteration=50 resulting id=C8 vertices=[10Z0,11Z0,11u5,11v5,11i5,11V5,11Z5,11Y5,11W5,11j5,11w5,11y5,11z5,11x5,11k5,11X5,11U5,11W0,11x2,11z2,11Z2,11Y2,11W2,11w2,11y2,11u2,11v2,11V2,11i2,11j2,11k2,11X2,11U2,11U4,11X4,11k4,11x4,11z4,11y4,11w4,11j4,11W4,11Y4,11Z4,11V4,11i4,11v4,11u4,11z0]
gb-trace iteration=50 resulting id=C5 vertices=[01i1,01j1,01W1,01w1,01y1,01z1,01x1,01X1,01k1]
gb-trace iteration=50 resulting id=C4 vertices=[00i5,00V5,00Z5,00z5,00x5,00k5,00X5,00U5,00Y5,00W5,00j5,00w5,00y5,00u5,00v5]
gb-trace iteration=50 resulting id=C25 vertices=[01j2,01w2,01W0,01U5,01X5,01x5,01k5,01j5,01w5,01W5,01Y5,01Z5,01V5,01i5,01v5,01u5,01y5,01z5,01U0,00U3,00X3,00k3,00x3,00z3,00y3,00w3,00j3,00W3,00Y3,00Z3,00V3,00i3,00v3,00u3,00X0,00U0,10U0,10v5,10u5,10y5,10z5,10x5,10X5,10k5,10i5,10V5,10Z5,10Y5,10U5,10W0,10z2,10Z2,10Y2,10W2,10w2,10y2,10u2,10v2,10V2,10i2,10j2,10k2,10x2,10X2,10U2,10U4,10X4,10k4,10x4,10z4,10y4,10w4,10j4,10W4,10Y4,10Z4,10V4,10i4,10v4,10u4,11u0,11U1,11X1,11k1,11x1,11z1,11y1,11w1,11j1,11W1,11Y1,11Z1,11V1,11i1,11v1,11u1,11V0,11i0,11j0,11k0,11u3,11v3,11i3,11V3,11Z3,11z3,11y3,11w3,11j3,11k3,11x3,11X3,11U3,11Y3,11W3,11X0,11U0,10U3,10X3,10x3,10k3,10i3,10V3,10v3,10X0,10w3,10j3,10W3,10Y3,10Z3,10z3,10y3,10u3,10k0,10j0,10i0,10V0,10w1,10W1,10j1,10k1,10X1,10x1,10z1,10y1,10u1,10v1,10i1,10V1,10Z1,10Y1,10U1,10u0,00u0,00Y4,00W4,00j4,00w4,00y4,00u4,00v4,00i4,00V4,00Z4,00z4,00x4,00k4,00X4,00U4,00U2,00X2,00k2,00i2,00v2,00V2,00Z2,00Y2,00W2,00j2,00w2,00y2,00z2,00x2,00W0,00u2,00j0,00k0,00i0,00u1,00v1,00i1,00V1,00Z1,00z1,00x1,00k1,00X1,00U1,00Y1,00W1,00j1,00w1,00y1,00V0,00Z0,01Z0,01V0,01i0,01u1,01v1,01V1,01Z1,01Y1,01U1,01u0,01Z4,01z4,01y4,01w4,01W4,01Y4,01U4,01X4,01x4,01k4,01j4,01i4,01V4,01v4,01u4,01z0,01U3,01X3,01k3,01x3,01z3,01y3,01w3,01j3,01W3,01Y3,01Z3,01V3,01i3,01v3,01u3,01X0,01k0,01j0,01u2,01y2,01z2,01Z2,01V2,01v2,01i2,01k2,01x2,01X2,01U2,01Y2,01W2]
cut arcs by clause length (length:number) = {6: 2, 12: 2, 14: 2, 30: 2, 62: 2}
number of added block clauses (this increment) = 10
number of added block clauses (accumulated) = 990
add block clauses time = 595.799us
increment time = 7.266260ms

CEGAR iteration...
cegar iteration = 51
sat solving time = 1.052892ms
number of subcycles found = 17
cycle lengths before merge (length:number) = {7: 3, 8: 3, 9: 2, 10: 2, 12: 1, 14: 2, 15: 1, 46: 1, 55: 1, 99: 1}
merge operation: 99 + 15 = 114
merge operation: 7 + 55 = 62
merge operation: 14 + 62 = 76
merge operation: 114 + 12 = 126
merge operation: 7 + 46 = 53
merge operation: 10 + 53 = 63
merge operation: 14 + 63 = 77
merge operation: 10 + 126 = 136
number of merge operations = 8
number of resulting cycles = 9
cycle lengths after merge (length:number) = {7: 1, 8: 3, 9: 2, 76: 1, 77: 1, 136: 1}
gb-trace iteration=51 subcycle id=C1 vertices=[00i0,00k0,00j0,00u2,00W0,00x2,00z2,00y2,00w2,00W2,00Y2,00Z2,00V2,00v2,00i2,00j2,00k2,00X2,00U2,00U4,00Y4,00Z4,00V4,00v4,00i4,00j4,00k4,00X4,00x4,00z4,00y4,00w4,00W4,00u0,00u4,01u0,01U1,01Y1,01Z1,01V1,01i1,01v1,01u1,01i0,01V0,01Z0,01u5,01y5,01z5,01x5,01k5,01X5,01U5,01W0,01j0,01u2,01y2,01w2,01j2,01W2,01Y2,01U2,01U4,01X4,01k4,01x4,01z4,01y4,01w4,01j4,01W4,01Y4,01Z4,01V4,01i4,01v4,01u4,01z0,01U3,01Y3,01Z3,01V3,01v3,01u3,01k0,01X0,01U0,00U3,00Y3,00W3,00X0,00U0,00Z5,00V5,00i5,00v5,00u5,00Z0,00V0]
gb-trace iteration=51 subcycle id=C2 vertices=[00i1,00V1,00Z1,00z1,00x1,00k1,00X1,00U1,00Y1,00W1,00j1,00w1,00y1,00u1,00v1]
gb-trace iteration=51 subcycle id=C3 vertices=[00i3,00V3,00Z3,00z3,00x3,00X3,00k3,00j3,00w3,00y3,00u3,00v3]
gb-trace iteration=51 subcycle id=C4 vertices=[00j5,00w5,00y5,00z5,00x5,00k5,00X5,00U5,00Y5,00W5]
gb-trace iteration=51 subcycle id=C5 vertices=[01j1,01W1,01w1,01y1,01z1,01x1,01X1,01k1]
gb-trace iteration=51 subcycle id=C6 vertices=[01i2,01v2,01V2,01Z2,01z2,01x2,01X2,01k2]
gb-trace iteration=51 subcycle id=C7 vertices=[01i3,01k3,01X3,01x3,01z3,01y3,01w3,01W3,01j3]
gb-trace iteration=51 subcycle id=C8 vertices=[01i5,01j5,01w5,01W5,01Y5,01Z5,01V5,01v5]
gb-trace iteration=51 subcycle id=C9 vertices=[10i0,10k0,10u3,10X0,10U0,10w5,10y5,10z5,10Z5,10V5,10i5,10v5,10u5,10Z0,10V0,10V1,10i1,10v1,10u1,10y1,10w1,10W1,10j1,10k1,10X1,10x1,10z1,10Z1,10Y1,10U1,10u0,10z4,10x4,10k4,10X4,10U4,10U2,10X2,10x2,10k2,10j2,10i2,10V2,10v2,10u2,10j0]
gb-trace iteration=51 subcycle id=C10 vertices=[10W0,10W2,10Y2,10Z2,10z2,10y2,10w2]
gb-trace iteration=51 subcycle id=C11 vertices=[10i3,10v3,10V3,10Z3,10z3,10y3,10w3,10j3,10W3,10Y3,10U3,10X3,10x3,10k3]
gb-trace iteration=51 subcycle id=C12 vertices=[10i4,10V4,10Z4,10Y4,10W4,10j4,10w4,10y4,10u4,10v4]
gb-trace iteration=51 subcycle id=C13 vertices=[10j5,10W5,10Y5,10U5,10X5,10x5,10k5]
gb-trace iteration=51 subcycle id=C14 vertices=[11i0,11u1,11V0,11Z0,11u5,11U0,11v5,11i5,11V5,11Z5,11Y5,11W5,11j5,11w5,11y5,11z5,11x5,11k5,11X5,11U5,11W0,11X2,11x2,11z2,11Z2,11Y2,11U2,11U4,11Y4,11Z4,11z4,11x4,11X4,11k4,11i4,11v4,11V4,11u0,11W4,11j4,11w4,11y4,11u4,11z0,11U3,11X0,11W3,11Y3,11Z3,11V3,11i3,11v3,11u3,11k0,11j0]
gb-trace iteration=51 subcycle id=C15 vertices=[11i1,11k1,11x1,11X1,11U1,11Y1,11W1,11j1,11w1,11y1,11z1,11Z1,11V1,11v1]
gb-trace iteration=51 subcycle id=C16 vertices=[11i2,11k2,11j2,11W2,11w2,11y2,11u2,11v2,11V2]
gb-trace iteration=51 subcycle id=C17 vertices=[11j3,11w3,11y3,11z3,11x3,11X3,11k3]
gb-trace iteration=51 merge C1 + C2 = C18
gb-trace iteration=51 merge C17 + C14 = C19
gb-trace iteration=51 merge C15 + C19 = C20
gb-trace iteration=51 merge C18 + C3 = C21
gb-trace iteration=51 merge C13 + C9 = C22
gb-trace iteration=51 merge C12 + C22 = C23
gb-trace iteration=51 merge C11 + C23 = C24
gb-trace iteration=51 merge C4 + C21 = C25
gb-trace iteration=51 resulting id=C16 vertices=[11i2,11k2,11j2,11W2,11w2,11y2,11u2,11v2,11V2]
gb-trace iteration=51 resulting id=C10 vertices=[10W0,10W2,10Y2,10Z2,10z2,10y2,10w2]
gb-trace iteration=51 resulting id=C20 vertices=[11i1,11k1,11x1,11X1,11U1,11Y1,11W1,11j1,11w1,11V0,11Z0,11u5,11U0,11v5,11i5,11V5,11Z5,11Y5,11W5,11j5,11w5,11y5,11z5,11x5,11k5,11X5,11U5,11W0,11X2,11x2,11z2,11Z2,11Y2,11U2,11U4,11Y4,11Z4,11z4,11x4,11X4,11k4,11i4,11v4,11V4,11u0,11W4,11j4,11w4,11y4,11u4,11z0,11U3,11X0,11w3,11y3,11z3,11x3,11X3,11k3,11j3,11W3,11Y3,11Z3,11V3,11i3,11v3,11u3,11k0,11j0,11i0,11u1,11y1,11z1,11Z1,11V1,11v1]
gb-trace iteration=51 resulting id=C24 vertices=[10i3,10v3,10u3,10k0,10i0,10j0,10u2,10v2,10V2,10i2,10j2,10k2,10x2,10X2,10U2,10U4,10X4,10k4,10x4,10z4,10Z4,10Y4,10W4,10j4,10w4,10y4,10u4,10v4,10i4,10V4,10u0,10U1,10Y1,10Z1,10z1,10x1,10X1,10k1,10j1,10W1,10w1,10y1,10u1,10v1,10i1,10V1,10V0,10Z0,10u5,10v5,10i5,10V5,10Z5,10z5,10y5,10w5,10j5,10k5,10x5,10X5,10U5,10Y5,10W5,10U0,10X0,10V3,10Z3,10z3,10y3,10w3,10j3,10W3,10Y3,10U3,10X3,10x3,10k3]
gb-trace iteration=51 resulting id=C5 vertices=[01j1,01W1,01w1,01y1,01z1,01x1,01X1,01k1]
gb-trace iteration=51 resulting id=C6 vertices=[01i2,01v2,01V2,01Z2,01z2,01x2,01X2,01k2]
gb-trace iteration=51 resulting id=C7 vertices=[01i3,01k3,01X3,01x3,01z3,01y3,01w3,01W3,01j3]
gb-trace iteration=51 resulting id=C8 vertices=[01i5,01j5,01w5,01W5,01Y5,01Z5,01V5,01v5]
gb-trace iteration=51 resulting id=C25 vertices=[00j5,00w5,00y5,00U0,00X0,00w3,00y3,00u3,00v3,00i3,00V3,00Z3,00z3,00x3,00X3,00k3,00j3,00W3,00Y3,00U3,01U0,01X0,01k0,01u3,01v3,01V3,01Z3,01Y3,01U3,01z0,01u4,01v4,01i4,01V4,01Z4,01Y4,01W4,01j4,01w4,01y4,01z4,01x4,01k4,01X4,01U4,01U2,01Y2,01W2,01j2,01w2,01y2,01u2,01j0,01W0,01U5,01X5,01k5,01x5,01z5,01y5,01u5,01Z0,01V0,01i0,01u1,01v1,01i1,01V1,01Z1,01Y1,01U1,01u0,00u4,00u0,00W4,00w4,00y4,00z4,00x4,00X4,00k4,00j4,00i4,00v4,00V4,00Z4,00Y4,00U4,00U2,00X2,00k2,00j2,00i2,00v2,00V2,00Z2,00Y2,00W2,00w2,00y2,00z2,00x2,00W0,00u2,00j0,00k0,00i0,00u1,00v1,00i1,00V1,00Z1,00z1,00x1,00k1,00X1,00U1,00Y1,00W1,00j1,00w1,00y1,00V0,00Z0,00u5,00v5,00i5,00V5,00Z5,00z5,00x5,00k5,00X5,00U5,00Y5,00W5]
cut arcs by clause length (length:number) = {12: 10, 14: 2, 16: 2, 20: 2, 50: 2}
number of added block clauses (this increment) = 18
number of added block clauses (accumulated) = 1008
add block clauses time = 485.996us
increment time = 1.538888ms

CEGAR iteration...
cegar iteration = 52
sat solving time = 763.531us
number of subcycles found = 15
cycle lengths before merge (length:number) = {6: 1, 7: 2, 8: 2, 9: 1, 10: 2, 12: 1, 14: 2, 15: 1, 47: 1, 56: 1, 115: 1}
merge operation: 115 + 15 = 130
merge operation: 7 + 56 = 63
merge operation: 14 + 63 = 77
merge operation: 130 + 12 = 142
merge operation: 7 + 47 = 54
merge operation: 10 + 54 = 64
merge operation: 14 + 64 = 78
merge operation: 6 + 78 = 84
merge operation: 142 + 10 = 152
number of merge operations = 9
number of resulting cycles = 6
cycle lengths after merge (length:number) = {8: 2, 9: 1, 77: 1, 84: 1, 152: 1}
gb-trace iteration=52 subcycle id=C1 vertices=[00i0,00k0,00j0,00u2,00W0,00x2,00z2,00y2,00w2,00W2,00Y2,00Z2,00V2,00v2,00i2,00j2,00k2,00X2,00U2,00U4,00Y4,00Z4,00V4,00v4,00i4,00j4,00k4,00X4,00x4,00z4,00y4,00w4,00W4,00u0,00u4,01u0,01U1,01X1,01k1,01x1,01z1,01y1,01w1,01j1,01W1,01Y1,01Z1,01V1,01i1,01v1,01u1,01i0,01V0,01Z0,01u5,01v5,01i5,01V5,01Z5,01Y5,01W5,01j5,01w5,01y5,01z5,01x5,01k5,01X5,01U5,01W0,01j0,01u2,01y2,01w2,01W2,01Y2,01U2,01U4,01X4,01k4,01x4,01z4,01y4,01w4,01j4,01W4,01Y4,01Z4,01V4,01i4,01v4,01u4,01z0,01U3,01Y3,01Z3,01V3,01i3,01v3,01u3,01k0,01X0,01U0,00U3,00Y3,00W3,00X0,00U0,00Z5,00V5,00i5,00v5,00u5,00Z0,00V0]
gb-trace iteration=52 subcycle id=C2 vertices=[00i1,00V1,00Z1,00z1,00x1,00k1,00X1,00U1,00Y1,00W1,00j1,00w1,00y1,00u1,00v1]
gb-trace iteration=52 subcycle id=C3 vertices=[00i3,00V3,00Z3,00z3,00x3,00X3,00k3,00j3,00w3,00y3,00u3,00v3]
gb-trace iteration=52 subcycle id=C4 vertices=[00j5,00w5,00y5,00z5,00x5,00k5,00X5,00U5,00Y5,00W5]
gb-trace iteration=52 subcycle id=C5 vertices=[01i2,01v2,01V2,01Z2,01z2,01x2,01X2,01k2,01j2]
gb-trace iteration=52 subcycle id=C6 vertices=[01j3,01k3,01X3,01x3,01z3,01y3,01w3,01W3]
gb-trace iteration=52 subcycle id=C7 vertices=[10i0,10k0,10u3,10X0,10U0,10w5,10y5,10z5,10Z5,10V5,10i5,10v5,10u5,10Z0,10V0,10V1,10i1,10v1,10u1,10y1,10w1,10W1,10j1,10k1,10X1,10x1,10z1,10Z1,10Y1,10U1,10u0,10z4,10x4,10k4,10X4,10U4,10U2,10X2,10x2,10k2,10j2,10i2,10V2,10v2,10u2,10W0,10j0]
gb-trace iteration=52 subcycle id=C8 vertices=[10w2,10W2,10Y2,10Z2,10z2,10y2]
gb-trace iteration=52 subcycle id=C9 vertices=[10i3,10v3,10V3,10Z3,10z3,10y3,10w3,10j3,10W3,10Y3,10U3,10X3,10x3,10k3]
gb-trace iteration=52 subcycle id=C10 vertices=[10i4,10V4,10Z4,10Y4,10W4,10j4,10w4,10y4,10u4,10v4]
gb-trace iteration=52 subcycle id=C11 vertices=[10j5,10W5,10Y5,10U5,10X5,10x5,10k5]
gb-trace iteration=52 subcycle id=C12 vertices=[11i0,11u1,11V0,11Z0,11u5,11U0,11v5,11i5,11V5,11Z5,11Y5,11W5,11j5,11w5,11y5,11z5,11x5,11k5,11X5,11U5,11W0,11X2,11k2,11x2,11z2,11Z2,11Y2,11U2,11U4,11Y4,11Z4,11z4,11x4,11X4,11k4,11i4,11v4,11V4,11u0,11W4,11j4,11w4,11y4,11u4,11z0,11U3,11X0,11W3,11Y3,11Z3,11V3,11i3,11v3,11u3,11k0,11j0]
gb-trace iteration=52 subcycle id=C13 vertices=[11i1,11k1,11x1,11X1,11U1,11Y1,11W1,11j1,11w1,11y1,11z1,11Z1,11V1,11v1]
gb-trace iteration=52 subcycle id=C14 vertices=[11i2,11j2,11W2,11w2,11y2,11u2,11v2,11V2]
gb-trace iteration=52 subcycle id=C15 vertices=[11j3,11w3,11y3,11z3,11x3,11X3,11k3]
gb-trace iteration=52 merge C1 + C2 = C16
gb-trace iteration=52 merge C15 + C12 = C17
gb-trace iteration=52 merge C13 + C17 = C18
gb-trace iteration=52 merge C16 + C3 = C19
gb-trace iteration=52 merge C11 + C7 = C20
gb-trace iteration=52 merge C10 + C20 = C21
gb-trace iteration=52 merge C9 + C21 = C22
gb-trace iteration=52 merge C8 + C22 = C23
gb-trace iteration=52 merge C19 + C4 = C24
gb-trace iteration=52 resulting id=C14 vertices=[11i2,11j2,11W2,11w2,11y2,11u2,11v2,11V2]
gb-trace iteration=52 resulting id=C6 vertices=[01j3,01k3,01X3,01x3,01z3,01y3,01w3,01W3]
gb-trace iteration=52 resulting id=C18 vertices=[11i1,11k1,11x1,11X1,11U1,11Y1,11W1,11j1,11w1,11V0,11Z0,11u5,11U0,11v5,11i5,11V5,11Z5,11Y5,11W5,11j5,11w5,11y5,11z5,11x5,11k5,11X5,11U5,11W0,11X2,11k2,11x2,11z2,11Z2,11Y2,11U2,11U4,11Y4,11Z4,11z4,11x4,11X4,11k4,11i4,11v4,11V4,11u0,11W4,11j4,11w4,11y4,11u4,11z0,11U3,11X0,11w3,11y3,11z3,11x3,11X3,11k3,11j3,11W3,11Y3,11Z3,11V3,11i3,11v3,11u3,11k0,11j0,11i0,11u1,11y1,11z1,11Z1,11V1,11v1]
gb-trace iteration=52 resulting id=C23 vertices=[10w2,10W2,10Y2,10Z2,10z2,10W0,10j0,10i0,10k0,10u3,10v3,10i3,10k3,10x3,10X3,10U3,10Y3,10W3,10j3,10w3,10y3,10z3,10Z3,10V3,10X0,10U0,10W5,10Y5,10U5,10X5,10x5,10k5,10j5,10w5,10y5,10z5,10Z5,10V5,10i5,10v5,10u5,10Z0,10V0,10V1,10i1,10v1,10u1,10y1,10w1,10W1,10j1,10k1,10X1,10x1,10z1,10Z1,10Y1,10U1,10u0,10V4,10i4,10v4,10u4,10y4,10w4,10j4,10W4,10Y4,10Z4,10z4,10x4,10k4,10X4,10U4,10U2,10X2,10x2,10k2,10j2,10i2,10V2,10v2,10u2,10y2]
gb-trace iteration=52 resulting id=C5 vertices=[01i2,01v2,01V2,01Z2,01z2,01x2,01X2,01k2,01j2]
gb-trace iteration=52 resulting id=C24 vertices=[00i0,00k0,00j0,00u2,00W0,00x2,00z2,00y2,00w2,00W2,00Y2,00Z2,00V2,00v2,00i2,00j2,00k2,00X2,00U2,00U4,00Y4,00Z4,00V4,00v4,00i4,00j4,00k4,00X4,00x4,00z4,00y4,00w4,00W4,00u0,00u4,01u0,01U1,01X1,01k1,01x1,01z1,01y1,01w1,01j1,01W1,01Y1,01Z1,01V1,01i1,01v1,01u1,01i0,01V0,01Z0,01u5,01v5,01i5,01V5,01Z5,01Y5,01W5,01j5,01w5,01y5,01z5,01x5,01k5,01X5,01U5,01W0,01j0,01u2,01y2,01w2,01W2,01Y2,01U2,01U4,01X4,01k4,01x4,01z4,01y4,01w4,01j4,01W4,01Y4,01Z4,01V4,01i4,01v4,01u4,01z0,01U3,01Y3,01Z3,01V3,01i3,01v3,01u3,01k0,01X0,01U0,00U3,00Y3,00W3,00j3,00k3,00X3,00x3,00z3,00Z3,00V3,00i3,00v3,00u3,00y3,00w3,00X0,00U0,00y5,00w5,00j5,00W5,00Y5,00U5,00X5,00k5,00x5,00z5,00Z5,00V5,00i5,00v5,00u5,00Z0,00V0,00y1,00w1,00j1,00W1,00Y1,00U1,00X1,00k1,00x1,00z1,00Z1,00V1,00i1,00v1,00u1]
cut arcs by clause length (length:number) = {6: 2, 12: 6, 16: 2, 26: 2}
number of added block clauses (this increment) = 12
number of added block clauses (accumulated) = 1020
add block clauses time = 467.444us
increment time = 1.230975ms

CEGAR iteration...
cegar iteration = 53
sat solving time = 1.236426ms
number of subcycles found = 15
cycle lengths before merge (length:number) = {3: 1, 5: 2, 6: 2, 7: 1, 8: 1, 9: 1, 10: 1, 12: 1, 14: 2, 60: 1, 64: 1, 115: 1}
merge operation: 115 + 5 = 120
merge operation: 60 + 6 = 66
merge operation: 5 + 64 = 69
merge operation: 66 + 10 = 76
merge operation: 14 + 76 = 90
merge operation: 14 + 90 = 104
merge operation: 6 + 104 = 110
merge operation: 8 + 110 = 118
merge operation: 7 + 69 = 76
merge operation: 120 + 12 = 132
number of merge operations = 10
number of resulting cycles = 5
cycle lengths after merge (length:number) = {3: 1, 9: 1, 76: 1, 118: 1, 132: 1}
gb-trace iteration=53 subcycle id=C1 vertices=[00i0,00j0,00u2,00y2,00z2,00Z2,00V2,00v2,00i2,00k2,00x2,00X2,00U2,00U4,00X4,00k4,00x4,00z4,00y4,00w4,00j4,00W4,00Y4,00Z4,00V4,00i4,00v4,00u4,01u0,01U1,01X1,01k1,01x1,01z1,01y1,01w1,01j1,01W1,01Y1,01Z1,01V1,01i1,01v1,01u1,01i0,01V0,01Z0,01u5,01v5,01i5,01V5,01Z5,01Y5,01W5,01j5,01w5,01y5,01z5,01x5,01k5,01X5,01U5,01W0,01j0,01u2,01y2,01z2,01x2,01X2,01k2,01i2,01v2,01V2,01Z2,01Y2,01U2,01U4,01X4,01k4,01x4,01z4,01y4,01w4,01j4,01W4,01Y4,01Z4,01V4,01i4,01v4,01u4,01z0,01U3,01X3,01k3,01x3,01z3,01y3,01w3,01j3,01W3,01Y3,01Z3,01V3,01i3,01v3,01u3,01k0,01X0,01U0,00U3,00Y3,00W3,00X0,00k0]
gb-trace iteration=53 subcycle id=C2 vertices=[00u0,10u0,10U4,10U2,10X2,10x2,10k2,10j2,10i2,10V2,10v2,10u2,10W0,10U5,10X5,10k5,10x5,10z5,10y5,10w5,10j5,10W5,10Y5,10Z5,10V5,10i5,10v5,10u5,10Z0,10V0,10U1,10X1,10k1,10x1,10z1,10y1,10u1,10i0,10j0,10k0,10u3,10X0,10U0,00U0,00Z5,00V5,00i5,00v5,00u5,00Z0,00V0,00x1,00X1,00k1,00i1,00j1,00w1,00W1,00Y1,00U1]
gb-trace iteration=53 subcycle id=C3 vertices=[00W0,00w2,00j2,00W2,00Y2]
gb-trace iteration=53 subcycle id=C4 vertices=[00u1,00y1,00z1,00Z1,00V1,00v1]
gb-trace iteration=53 subcycle id=C5 vertices=[00i3,00V3,00Z3,00z3,00x3,00X3,00k3,00j3,00w3,00y3,00u3,00v3]
gb-trace iteration=53 subcycle id=C6 vertices=[00j5,00w5,00y5,00z5,00x5,00k5,00X5,00U5,00Y5,00W5]
gb-trace iteration=53 subcycle id=C7 vertices=[01j2,01W2,01w2]
gb-trace iteration=53 subcycle id=C8 vertices=[10i1,10v1,10V1,10Z1,10Y1,10W1,10w1,10j1]
gb-trace iteration=53 subcycle id=C9 vertices=[10w2,10W2,10Y2,10Z2,10z2,10y2]
gb-trace iteration=53 subcycle id=C10 vertices=[10i3,10v3,10V3,10Z3,10z3,10y3,10w3,10j3,10W3,10Y3,10U3,10X3,10x3,10k3]
gb-trace iteration=53 subcycle id=C11 vertices=[10i4,10j4,10k4,10X4,10x4,10z4,10Z4,10Y4,10W4,10w4,10y4,10u4,10v4,10V4]
gb-trace iteration=53 subcycle id=C12 vertices=[11i0,11u1,11v1,11i1,11V1,11Z1,11Y1,11W1,11j1,11w1,11y1,11z1,11x1,11k1,11X1,11U1,11V0,11Z0,11u5,11U0,11v5,11i5,11V5,11Z5,11Y5,11W5,11j5,11w5,11y5,11z5,11x5,11k5,11X5,11U5,11W0,11j0,11u2,11v2,11V2,11Z2,11Y2,11U2,11U4,11Y4,11Z4,11z4,11x4,11X4,11k4,11i4,11V4,11v4,11u4,11z0,11U3,11X0,11W3,11Y3,11Z3,11V3,11i3,11v3,11u3,11k0]
gb-trace iteration=53 subcycle id=C13 vertices=[11u0,11y4,11w4,11j4,11W4]
gb-trace iteration=53 subcycle id=C14 vertices=[11i2,11k2,11X2,11x2,11z2,11y2,11w2,11W2,11j2]
gb-trace iteration=53 subcycle id=C15 vertices=[11j3,11w3,11y3,11z3,11x3,11X3,11k3]
gb-trace iteration=53 merge C1 + C3 = C16
gb-trace iteration=53 merge C2 + C4 = C17
gb-trace iteration=53 merge C13 + C12 = C18
gb-trace iteration=53 merge C17 + C6 = C19
gb-trace iteration=53 merge C11 + C19 = C20
gb-trace iteration=53 merge C10 + C20 = C21
gb-trace iteration=53 merge C9 + C21 = C22
gb-trace iteration=53 merge C8 + C22 = C23
gb-trace iteration=53 merge C15 + C18 = C24
gb-trace iteration=53 merge C16 + C5 = C25
gb-trace iteration=53 resulting id=C14 vertices=[11i2,11k2,11X2,11x2,11z2,11y2,11w2,11W2,11j2]
gb-trace iteration=53 resulting id=C7 vertices=[01j2,01W2,01w2]
gb-trace iteration=53 resulting id=C23 vertices=[10i1,10v1,10V1,10Z1,10V0,10Z0,10u5,10v5,10i5,10V5,10Z5,10Y5,10W5,10j5,10w5,10y5,10z5,10x5,10k5,10X5,10U5,10W0,10z2,10Z2,10Y2,10W2,10w2,10y2,10u2,10v2,10V2,10i2,10j2,10k2,10x2,10X2,10U2,10U4,10X4,10k4,10j4,10i4,10V4,10v4,10u4,10y4,10w4,10W4,10Y4,10Z4,10z4,10x4,10u0,00u0,00U1,00Y1,00W1,00w1,00j1,00i1,00k1,00X1,00x1,00z1,00Z1,00V1,00v1,00u1,00y1,00V0,00Z0,00u5,00v5,00i5,00V5,00Z5,00z5,00x5,00k5,00X5,00U5,00Y5,00W5,00j5,00w5,00y5,00U0,10U0,10X0,10V3,10Z3,10z3,10y3,10w3,10j3,10W3,10Y3,10U3,10X3,10x3,10k3,10i3,10v3,10u3,10k0,10j0,10i0,10u1,10y1,10z1,10x1,10k1,10X1,10U1,10Y1,10W1,10w1,10j1]
gb-trace iteration=53 resulting id=C24 vertices=[11j3,11W3,11Y3,11Z3,11V3,11i3,11v3,11u3,11k0,11i0,11u1,11v1,11i1,11V1,11Z1,11Y1,11W1,11j1,11w1,11y1,11z1,11x1,11k1,11X1,11U1,11V0,11Z0,11u5,11U0,11v5,11i5,11V5,11Z5,11Y5,11W5,11j5,11w5,11y5,11z5,11x5,11k5,11X5,11U5,11W0,11j0,11u2,11v2,11V2,11Z2,11Y2,11U2,11U4,11Y4,11Z4,11u0,11W4,11j4,11w4,11y4,11z4,11x4,11X4,11k4,11i4,11V4,11v4,11u4,11z0,11U3,11X0,11w3,11y3,11z3,11x3,11X3,11k3]
gb-trace iteration=53 resulting id=C25 vertices=[00i0,00j0,00u2,00W0,00Y2,00W2,00j2,00w2,00y2,00z2,00Z2,00V2,00v2,00i2,00k2,00x2,00X2,00U2,00U4,00X4,00k4,00x4,00z4,00y4,00w4,00j4,00W4,00Y4,00Z4,00V4,00i4,00v4,00u4,01u0,01U1,01X1,01k1,01x1,01z1,01y1,01w1,01j1,01W1,01Y1,01Z1,01V1,01i1,01v1,01u1,01i0,01V0,01Z0,01u5,01v5,01i5,01V5,01Z5,01Y5,01W5,01j5,01w5,01y5,01z5,01x5,01k5,01X5,01U5,01W0,01j0,01u2,01y2,01z2,01x2,01X2,01k2,01i2,01v2,01V2,01Z2,01Y2,01U2,01U4,01X4,01k4,01x4,01z4,01y4,01w4,01j4,01W4,01Y4,01Z4,01V4,01i4,01v4,01u4,01z0,01U3,01X3,01k3,01x3,01z3,01y3,01w3,01j3,01W3,01Y3,01Z3,01V3,01i3,01v3,01u3,01k0,01X0,01U0,00U3,00Y3,00W3,00j3,00k3,00X3,00x3,00z3,00Z3,00V3,00i3,00v3,00u3,00y3,00w3,00X0,00k0]
cut arcs by clause length (length:number) = {6: 2, 12: 2, 16: 2, 22: 2, 24: 2}
number of added block clauses (this increment) = 10
number of added block clauses (accumulated) = 1030
add block clauses time = 506.172us
increment time = 1.742598ms

CEGAR iteration...
cegar iteration = 54
sat solving time = 667.923us
number of subcycles found = 15
cycle lengths before merge (length:number) = {5: 1, 6: 2, 7: 3, 8: 1, 10: 1, 12: 1, 14: 1, 15: 1, 34: 1, 41: 1, 55: 1, 111: 1}
merge operation: 55 + 5 = 60
merge operation: 34 + 6 = 40
merge operation: 14 + 40 = 54
merge operation: 6 + 111 = 117
merge operation: 7 + 54 = 61
merge operation: 117 + 7 = 124
merge operation: 15 + 60 = 75
merge operation: 7 + 41 = 48
merge operation: 75 + 12 = 87
merge operation: 10 + 61 = 71
number of merge operations = 10
number of resulting cycles = 5
cycle lengths after merge (length:number) = {8: 1, 48: 1, 71: 1, 87: 1, 124: 1}
gb-trace iteration=54 subcycle id=C1 vertices=[00i0,00j0,00u2,00y2,00z2,00Z2,00V2,00v2,00i2,00k2,00x2,00X2,00U2,00U4,00X4,00k4,00x4,00z4,00y4,00w4,00j4,00W4,00Y4,00Z4,00V4,00i4,00v4,00u4,01u0,01U1,01X1,01k1,01x1,01z1,01y1,01w1,01j1,01W1,01Y1,01Z1,01V1,01i1,01v1,01u1,01V0,01i0,01j0,01k0,01X0,01U0,00U3,00Y3,00W3,00X0,00k0]
gb-trace iteration=54 subcycle id=C2 vertices=[00u0,10u0,10U1,10X1,10k1,10x1,10z1,10y1,10V0,10v1,10u1,10i0,10j0,10k0,10u3,10X0,10U0,00U0,00Z5,00V5,00i5,00v5,00u5,00Z0,00V0,00x1,00X1,00k1,00i1,00j1,00w1,00W1,00Y1,00U1]
gb-trace iteration=54 subcycle id=C3 vertices=[00W0,00w2,00j2,00W2,00Y2]
gb-trace iteration=54 subcycle id=C4 vertices=[00u1,00y1,00z1,00Z1,00V1,00v1]
gb-trace iteration=54 subcycle id=C5 vertices=[00i3,00V3,00Z3,00z3,00x3,00X3,00k3,00j3,00w3,00y3,00u3,00v3]
gb-trace iteration=54 subcycle id=C6 vertices=[00j5,00w5,00y5,00z5,00x5,00k5,00X5,00U5,00Y5,00W5]
gb-trace iteration=54 subcycle id=C7 vertices=[01z0,01Z0,01u5,01v5,01i5,01V5,01Z5,01Y5,01W5,01j5,01w5,01y5,01z5,01x5,01k5,01X5,01U5,01W0,01Y2,01W2,01w2,01j2,01k2,01x2,01X2,01U2,01U4,01X4,01k4,01x4,01z4,01y4,01w4,01j4,01W4,01Y4,01Z4,01V4,01i4,01v4,01u4]
gb-trace iteration=54 subcycle id=C8 vertices=[01i2,01V2,01Z2,01z2,01y2,01u2,01v2]
gb-trace iteration=54 subcycle id=C9 vertices=[01i3,01v3,01u3,01y3,01w3,01j3,01W3,01Y3,01U3,01X3,01k3,01x3,01z3,01Z3,01V3]
gb-trace iteration=54 subcycle id=C10 vertices=[10W0,10U5,10X5,10k5,10x5,10z5,10y5,10w5,10j5,10W5,10Y5,10Z5,10V5,10i5,10v5,10u5,10Z0,11z0,11U3,11X0,11W3,11Y3,11Z3,11V3,11i3,11v3,11u3,11k0,11i0,11u1,11v1,11i1,11V1,11Z1,11Y1,11W1,11j1,11w1,11y1,11z1,11x1,11k1,11X1,11U1,11V0,11Z0,11u5,11U0,11v5,11i5,11V5,11Z5,11Y5,11W5,11j5,11w5,11y5,11z5,11x5,11k5,11X5,11U5,11W0,11j0,11u2,11v2,11i2,11V2,11Z2,11Y2,11U2,11U4,11Y4,11Z4,11z4,11x4,11X4,11k4,11i4,11V4,11v4,11u4,11y4,11w4,11j4,11W4,11u0,10u4,10v4,10i4,10V4,10Z4,10Y4,10W4,10j4,10w4,10y4,10z4,10x4,10k4,10X4,10U4,10U2,10X2,10x2,10k2,10j2,10i2,10V2,10v2,10u2]
gb-trace iteration=54 subcycle id=C11 vertices=[10i1,10V1,10Z1,10Y1,10W1,10w1,10j1]
gb-trace iteration=54 subcycle id=C12 vertices=[10w2,10W2,10Y2,10Z2,10z2,10y2]
gb-trace iteration=54 subcycle id=C13 vertices=[10i3,10v3,10V3,10Z3,10z3,10y3,10w3,10j3,10W3,10Y3,10U3,10X3,10x3,10k3]
gb-trace iteration=54 subcycle id=C14 vertices=[11j2,11k2,11X2,11x2,11z2,11y2,11w2,11W2]
gb-trace iteration=54 subcycle id=C15 vertices=[11j3,11w3,11y3,11z3,11x3,11X3,11k3]
gb-trace iteration=54 merge C1 + C3 = C16
gb-trace iteration=54 merge C2 + C4 = C17
gb-trace iteration=54 merge C13 + C17 = C18
gb-trace iteration=54 merge C12 + C10 = C19
gb-trace iteration=54 merge C11 + C18 = C20
gb-trace iteration=54 merge C19 + C15 = C21
gb-trace iteration=54 merge C9 + C16 = C22
gb-trace iteration=54 merge C8 + C7 = C23
gb-trace iteration=54 merge C22 + C5 = C24
gb-trace iteration=54 merge C6 + C20 = C25
gb-trace iteration=54 resulting id=C14 vertices=[11j2,11k2,11X2,11x2,11z2,11y2,11w2,11W2]
gb-trace iteration=54 resulting id=C23 vertices=[01i2,01V2,01W0,01U5,01X5,01k5,01x5,01z5,01y5,01w5,01j5,01W5,01Y5,01Z5,01V5,01i5,01v5,01u5,01Z0,01z0,01u4,01v4,01i4,01V4,01Z4,01Y4,01W4,01j4,01w4,01y4,01z4,01x4,01k4,01X4,01U4,01U2,01X2,01x2,01k2,01j2,01w2,01W2,01Y2,01Z2,01z2,01y2,01u2,01v2]
gb-trace iteration=54 resulting id=C24 vertices=[01i3,01v3,01X0,01U0,00U3,00Y3,00W3,00j3,00k3,00X3,00x3,00z3,00Z3,00V3,00i3,00v3,00u3,00y3,00w3,00X0,00k0,00i0,00j0,00u2,00W0,00Y2,00W2,00j2,00w2,00y2,00z2,00Z2,00V2,00v2,00i2,00k2,00x2,00X2,00U2,00U4,00X4,00k4,00x4,00z4,00y4,00w4,00j4,00W4,00Y4,00Z4,00V4,00i4,00v4,00u4,01u0,01U1,01X1,01k1,01x1,01z1,01y1,01w1,01j1,01W1,01Y1,01Z1,01V1,01i1,01v1,01u1,01V0,01i0,01j0,01k0,01u3,01y3,01w3,01j3,01W3,01Y3,01U3,01X3,01k3,01x3,01z3,01Z3,01V3]
gb-trace iteration=54 resulting id=C21 vertices=[10w2,10W2,10Y2,10Z2,10z2,10W0,10U5,10X5,10k5,10x5,10z5,10y5,10w5,10j5,10W5,10Y5,10Z5,10V5,10i5,10v5,10u5,10Z0,11z0,11U3,11X3,11k3,11j3,11w3,11y3,11z3,11x3,11X0,11W3,11Y3,11Z3,11V3,11i3,11v3,11u3,11k0,11i0,11u1,11v1,11i1,11V1,11Z1,11Y1,11W1,11j1,11w1,11y1,11z1,11x1,11k1,11X1,11U1,11V0,11Z0,11u5,11U0,11v5,11i5,11V5,11Z5,11Y5,11W5,11j5,11w5,11y5,11z5,11x5,11k5,11X5,11U5,11W0,11j0,11u2,11v2,11i2,11V2,11Z2,11Y2,11U2,11U4,11Y4,11Z4,11z4,11x4,11X4,11k4,11i4,11V4,11v4,11u4,11y4,11w4,11j4,11W4,11u0,10u4,10v4,10i4,10V4,10Z4,10Y4,10W4,10j4,10w4,10y4,10z4,10x4,10k4,10X4,10U4,10U2,10X2,10x2,10k2,10j2,10i2,10V2,10v2,10u2,10y2]
gb-trace iteration=54 resulting id=C25 vertices=[00j5,00w5,00y5,00U0,10U0,10X0,10V3,10Z3,10z3,10y3,10w3,10j3,10W3,10Y3,10U3,10X3,10x3,10k3,10i3,10v3,10u3,10k0,10j0,10i0,10u1,10v1,10i1,10j1,10w1,10W1,10Y1,10Z1,10V1,10V0,10y1,10z1,10x1,10k1,10X1,10U1,10u0,00u0,00U1,00Y1,00W1,00w1,00j1,00i1,00k1,00X1,00x1,00z1,00Z1,00V1,00v1,00u1,00y1,00V0,00Z0,00u5,00v5,00i5,00V5,00Z5,00z5,00x5,00k5,00X5,00U5,00Y5,00W5]
cut arcs by clause length (length:number) = {12: 2, 30: 2, 40: 2, 44: 2, 46: 2}
number of added block clauses (this increment) = 10
number of added block clauses (accumulated) = 1040
add block clauses time = 474.387us
increment time = 1.142310ms

CEGAR iteration...
cegar iteration = 55
sat solving time = 2.568408ms
number of subcycles found = 17
cycle lengths before merge (length:number) = {3: 1, 6: 1, 7: 3, 8: 2, 9: 2, 12: 1, 13: 2, 14: 1, 15: 1, 50: 1, 70: 1, 87: 1}
merge operation: 50 + 9 = 59
merge operation: 87 + 13 = 100
merge operation: 13 + 70 = 83
merge operation: 12 + 83 = 95
merge operation: 6 + 59 = 65
merge operation: 95 + 14 = 109
merge operation: 3 + 100 = 103
merge operation: 8 + 103 = 111
merge operation: 7 + 111 = 118
merge operation: 7 + 118 = 125
merge operation: 7 + 125 = 132
number of merge operations = 11
number of resulting cycles = 6
cycle lengths after merge (length:number) = {8: 1, 9: 1, 15: 1, 65: 1, 109: 1, 132: 1}
gb-trace iteration=55 subcycle id=C1 vertices=[00i0,00j0,00k0,00u3,00v3,00i3,00V3,00Z3,00Y3,00U3,00X3,00k3,00j3,00W3,00w3,00y3,00z3,00x3,00X0,00U0,10U0,10X0,10k0,10j0,10i0,10V0,10w1,10W1,10j1,10i1,10k1,10X1,10x1,10z1,10y1,10u1,10v1,10V1,10Z1,10Y1,10U1,10u0,00u0,00U1,00X1,00x1,00z1,00y1,00u1,00V0]
gb-trace iteration=55 subcycle id=C2 vertices=[00W0,00Y2,00U2,00U4,00X4,00k4,00x4,00z4,00y4,00w4,00j4,00W4,00Y4,00Z4,00V4,00i4,00v4,00u4,01u0,01X4,01k4,01x4,01z4,01Z4,01V4,01i4,01v4,01u4,01y4,01w4,01j4,01W4,01Y4,01U4,01U2,01X2,01x2,01k2,01j2,01w2,01W2,01Y2,01W0,01U5,01Y5,01W5,01j5,01w5,01y5,01z5,01x5,01X5,01k5,01i5,01v5,01u5,01Z0,01V0,01i0,01j0,01k0,01X0,01v3,01u3,01y3,01w3,01j3,01W3,01Y3,01U3,01z0,00Z0,00u5,00v5,00i5,00V5,00Z5,00Y5,00W5,00j5,00w5,00y5,00z5,00x5,00k5,00X5,00U5]
gb-trace iteration=55 subcycle id=C3 vertices=[00i1,00k1,00j1,00w1,00W1,00Y1,00Z1,00V1,00v1]
gb-trace iteration=55 subcycle id=C4 vertices=[00i2,00V2,00Z2,00z2,00x2,00X2,00k2,00j2,00W2,00w2,00y2,00u2,00v2]
gb-trace iteration=55 subcycle id=C5 vertices=[01U0,01Z5,01V5]
gb-trace iteration=55 subcycle id=C6 vertices=[01i1,01j1,01W1,01w1,01y1,01u1,01v1,01V1]
gb-trace iteration=55 subcycle id=C7 vertices=[01k1,01X1,01U1,01Y1,01Z1,01z1,01x1]
gb-trace iteration=55 subcycle id=C8 vertices=[01i2,01V2,01Z2,01z2,01y2,01u2,01v2]
gb-trace iteration=55 subcycle id=C9 vertices=[01i3,01k3,01X3,01x3,01z3,01Z3,01V3]
gb-trace iteration=55 subcycle id=C10 vertices=[10W0,10U2,10U4,10X4,10k4,10x4,10z4,10y4,10w4,10j4,10W4,10Y4,10Z4,10V4,10i4,10v4,10u4,11u0,11U1,11Y1,11Z1,11V1,11i1,11v1,11u1,11y1,11z1,11x1,11X1,11k1,11j1,11W1,11w1,11V0,11Z0,11u5,11v5,11U0,11U5,11W0,11Z2,11Y2,11U2,11X2,11k2,11x2,11z2,11y2,11w2,11W2,11j2,11i2,11V2,11v2,11u2,11j0,11i0,11k0,11u3,11X0,11U3,11z0,10Z0,10u5,10y5,10w5,10j5,10W5,10Y5,10U5]
gb-trace iteration=55 subcycle id=C11 vertices=[10i2,10j2,10w2,10W2,10Y2,10Z2,10V2,10v2,10u2,10y2,10z2,10x2,10X2,10k2]
gb-trace iteration=55 subcycle id=C12 vertices=[10i3,10j3,10w3,10W3,10Y3,10U3,10X3,10x3,10k3]
gb-trace iteration=55 subcycle id=C13 vertices=[10u3,10v3,10V3,10Z3,10z3,10y3]
gb-trace iteration=55 subcycle id=C14 vertices=[10i5,10k5,10X5,10x5,10z5,10Z5,10V5,10v5]
gb-trace iteration=55 subcycle id=C15 vertices=[11i3,11v3,11V3,11Z3,11Y3,11W3,11w3,11y3,11z3,11x3,11X3,11k3,11j3]
gb-trace iteration=55 subcycle id=C16 vertices=[11i4,11v4,11u4,11y4,11w4,11j4,11W4,11Y4,11U4,11X4,11k4,11x4,11z4,11Z4,11V4]
gb-trace iteration=55 subcycle id=C17 vertices=[11i5,11j5,11k5,11X5,11x5,11z5,11y5,11w5,11W5,11Y5,11Z5,11V5]
gb-trace iteration=55 merge C1 + C3 = C18
gb-trace iteration=55 merge C2 + C4 = C19
gb-trace iteration=55 merge C15 + C10 = C20
gb-trace iteration=55 merge C17 + C20 = C21
gb-trace iteration=55 merge C13 + C18 = C22
gb-trace iteration=55 merge C21 + C11 = C23
gb-trace iteration=55 merge C5 + C19 = C24
gb-trace iteration=55 merge C6 + C24 = C25
gb-trace iteration=55 merge C9 + C25 = C26
gb-trace iteration=55 merge C8 + C26 = C27
gb-trace iteration=55 merge C7 + C27 = C28
gb-trace iteration=55 resulting id=C16 vertices=[11i4,11v4,11u4,11y4,11w4,11j4,11W4,11Y4,11U4,11X4,11k4,11x4,11z4,11Z4,11V4]
gb-trace iteration=55 resulting id=C14 vertices=[10i5,10k5,10X5,10x5,10z5,10Z5,10V5,10v5]
gb-trace iteration=55 resulting id=C12 vertices=[10i3,10j3,10w3,10W3,10Y3,10U3,10X3,10x3,10k3]
gb-trace iteration=55 resulting id=C22 vertices=[10u3,10k0,10j0,10i0,10V0,10w1,10W1,10j1,10i1,10k1,10X1,10x1,10z1,10y1,10u1,10v1,10V1,10Z1,10Y1,10U1,10u0,00u0,00U1,00X1,00x1,00z1,00y1,00u1,00v1,00i1,00k1,00j1,00w1,00W1,00Y1,00Z1,00V1,00V0,00i0,00j0,00k0,00u3,00v3,00i3,00V3,00Z3,00Y3,00U3,00X3,00k3,00j3,00W3,00w3,00y3,00z3,00x3,00X0,00U0,10U0,10X0,10v3,10V3,10Z3,10z3,10y3]
gb-trace iteration=55 resulting id=C23 vertices=[11i5,11j5,11k5,11X5,11U5,11W0,11Z2,11Y2,11U2,11X2,11k2,11x2,11z2,11y2,11w2,11W2,11j2,11i2,11V2,11v2,11u2,11j0,11i0,11k0,11u3,11v3,11i3,11j3,11k3,11X3,11x3,11z3,11y3,11w3,11W3,11Y3,11Z3,11V3,11X0,11U3,11z0,10Z0,10u5,10y5,10w5,10j5,10W5,10Y5,10U5,10W0,10W2,10w2,10j2,10i2,10k2,10X2,10x2,10z2,10y2,10u2,10v2,10V2,10Z2,10Y2,10U2,10U4,10X4,10k4,10x4,10z4,10y4,10w4,10j4,10W4,10Y4,10Z4,10V4,10i4,10v4,10u4,11u0,11U1,11Y1,11Z1,11V1,11i1,11v1,11u1,11y1,11z1,11x1,11X1,11k1,11j1,11W1,11w1,11V0,11Z0,11u5,11v5,11U0,11x5,11z5,11y5,11w5,11W5,11Y5,11Z5,11V5]
gb-trace iteration=55 resulting id=C28 vertices=[01k1,01X1,01U1,01Y1,01Z1,01V0,01Z0,01u5,01v5,01i5,01k5,01X5,01x5,01z5,01y5,01w5,01j5,01W5,01Y5,01Z5,01V5,01U0,01U5,01W0,01V2,01i2,01v2,01u2,01y2,01z2,01Z2,01Y2,01W2,01w2,01j2,01k2,01x2,01X2,01U2,01U4,01Y4,01W4,01j4,01w4,01y4,01u4,01v4,01i4,01V4,01Z4,01z4,01x4,01k4,01X4,01u0,00u4,00v4,00i4,00V4,00Z4,00Y4,00W4,00j4,00w4,00y4,00z4,00x4,00k4,00X4,00U4,00U2,00Y2,00Z2,00z2,00x2,00X2,00k2,00j2,00W2,00w2,00y2,00u2,00v2,00i2,00V2,00W0,00U5,00X5,00k5,00x5,00z5,00y5,00w5,00j5,00W5,00Y5,00Z5,00V5,00i5,00v5,00u5,00Z0,01z0,01U3,01Y3,01W3,01j3,01w3,01y3,01u3,01v3,01V3,01i3,01k3,01X3,01x3,01z3,01Z3,01X0,01k0,01j0,01i0,01u1,01v1,01V1,01i1,01j1,01W1,01w1,01y1,01z1,01x1]
cut arcs by clause length (length:number) = {12: 4, 14: 2, 28: 2, 42: 2, 66: 2}
number of added block clauses (this increment) = 12
number of added block clauses (accumulated) = 1052
add block clauses time = 550.582us
increment time = 3.118990ms

CEGAR iteration...
cegar iteration = 56
sat solving time = 2.640543ms
number of subcycles found = 13
cycle lengths before merge (length:number) = {7: 2, 8: 3, 9: 2, 12: 1, 14: 1, 15: 1, 41: 1, 72: 1, 128: 1}
merge operation: 128 + 14 = 142
merge operation: 9 + 72 = 81
merge operation: 8 + 142 = 150
merge operation: 7 + 81 = 88
merge operation: 7 + 150 = 157
merge operation: 15 + 88 = 103
merge operation: 9 + 103 = 112
merge operation: 157 + 12 = 169
number of merge operations = 8
number of resulting cycles = 5
cycle lengths after merge (length:number) = {8: 2, 41: 1, 112: 1, 169: 1}
gb-trace iteration=56 subcycle id=C1 vertices=[00i0,00u1,00V0,00Z0,01z0,01U3,01X3,01k3,01x3,01z3,01y3,01w3,01j3,01W3,01Y3,01Z3,01V3,01i3,01v3,01u3,01k0,01X0,01U0,01W5,01Y5,01U5,01X5,01x5,01k5,01i5,01j5,01w5,01y5,01z5,01Z5,01V5,01v5,01u5,01Z0,01V0,01i0,01j0,01u2,01y2,01z2,01Z2,01V2,01i2,01v2,01W0,01X2,01x2,01k2,01j2,01w2,01W2,01Y2,01U2,01U4,01X4,01x4,01u0,00u4,00u0,00Y4,00Z4,00V4,00v4,00i4,00j4,00W4,00w4,00y4,00z4,00x4,00k4,00X4,00U4,00U2,00X2,00k2,00x2,00z2,00y2,00w2,00j2,00W2,00Y2,00Z2,00V2,00i2,00v2,00u2,00j0,00W0,00U5,00X5,00k5,00x5,00z5,00y5,00w5,00j5,00W5,00Y5,00Z5,00V5,00i5,00v5,00u5,00U0,00X0,00w3,00W3,00j3,00k3,00i3,00v3,00V3,00Z3,00Y3,00U3,00X3,00x3,00z3,00y3,00u3,00k0]
gb-trace iteration=56 subcycle id=C2 vertices=[00i1,00v1,00V1,00Z1,00z1,00y1,00w1,00W1,00Y1,00U1,00X1,00x1,00k1,00j1]
gb-trace iteration=56 subcycle id=C3 vertices=[01i1,01j1,01W1,01w1,01y1,01u1,01v1,01V1]
gb-trace iteration=56 subcycle id=C4 vertices=[01k1,01X1,01U1,01Y1,01Z1,01z1,01x1]
gb-trace iteration=56 subcycle id=C5 vertices=[01i4,01V4,01v4,01u4,01y4,01z4,01Z4,01Y4,01W4,01w4,01j4,01k4]
gb-trace iteration=56 subcycle id=C6 vertices=[10i0,10V0,10Z0,10u5,10y5,10w5,10j5,10W5,10Y5,10U5,10W0,10j0,10u2,10v2,10i2,10V2,10Z2,10Y2,10U2,10U4,10X4,10k4,10x4,10z4,10y4,10w4,10j4,10W4,10Y4,10Z4,10V4,10i4,10v4,10u0,10u4,11u0,11U1,11Y1,11Z1,11V1,11i1,11v1,11u1,11y1,11z1,11x1,11X1,11k1,11j1,11W1,11w1,11V0,11i0,11k0,11u3,11y3,11w3,11W3,11Y3,11U3,11X0,11U0,10U3,10X3,10x3,10k3,10j3,10w3,10W3,10Y3,10X0,10k0]
gb-trace iteration=56 subcycle id=C7 vertices=[10U0,10v5,10i5,10k5,10X5,10x5,10z5,10Z5,10V5]
gb-trace iteration=56 subcycle id=C8 vertices=[10i1,10V1,10Z1,10z1,10x1,10k1,10X1,10U1,10Y1,10W1,10j1,10w1,10y1,10u1,10v1]
gb-trace iteration=56 subcycle id=C9 vertices=[10j2,10W2,10w2,10y2,10z2,10x2,10X2,10k2]
gb-trace iteration=56 subcycle id=C10 vertices=[10i3,10V3,10Z3,10z3,10y3,10u3,10v3]
gb-trace iteration=56 subcycle id=C11 vertices=[11j0,11u2,11y2,11z2,11x2,11k2,11X2,11U2,11U4,11X4,11k4,11x4,11z4,11y4,11w4,11j4,11W4,11Y4,11Z4,11V4,11i4,11v4,11u4,11z0,11Z0,11u5,11v5,11i5,11V5,11Z5,11Y5,11W5,11j5,11w5,11y5,11z5,11x5,11k5,11X5,11U5,11W0]
gb-trace iteration=56 subcycle id=C12 vertices=[11i2,11v2,11V2,11Z2,11Y2,11W2,11w2,11j2]
gb-trace iteration=56 subcycle id=C13 vertices=[11i3,11v3,11V3,11Z3,11z3,11x3,11X3,11k3,11j3]
gb-trace iteration=56 merge C1 + C2 = C14
gb-trace iteration=56 merge C13 + C6 = C15
gb-trace iteration=56 merge C3 + C14 = C16
gb-trace iteration=56 merge C10 + C15 = C17
gb-trace iteration=56 merge C4 + C16 = C18
gb-trace iteration=56 merge C8 + C17 = C19
gb-trace iteration=56 merge C7 + C19 = C20
gb-trace iteration=56 merge C18 + C5 = C21
gb-trace iteration=56 resulting id=C12 vertices=[11i2,11v2,11V2,11Z2,11Y2,11W2,11w2,11j2]
gb-trace iteration=56 resulting id=C11 vertices=[11j0,11u2,11y2,11z2,11x2,11k2,11X2,11U2,11U4,11X4,11k4,11x4,11z4,11y4,11w4,11j4,11W4,11Y4,11Z4,11V4,11i4,11v4,11u4,11z0,11Z0,11u5,11v5,11i5,11V5,11Z5,11Y5,11W5,11j5,11w5,11y5,11z5,11x5,11k5,11X5,11U5,11W0]
gb-trace iteration=56 resulting id=C9 vertices=[10j2,10W2,10w2,10y2,10z2,10x2,10X2,10k2]
gb-trace iteration=56 resulting id=C20 vertices=[10U0,10y5,10w5,10j5,10W5,10Y5,10U5,10W0,10j0,10u2,10v2,10i2,10V2,10Z2,10Y2,10U2,10U4,10X4,10k4,10x4,10z4,10y4,10w4,10j4,10W4,10Y4,10Z4,10V4,10i4,10v4,10u0,10u4,11u0,11U1,11Y1,11Z1,11V1,11i1,11v1,11u1,11y1,11z1,11x1,11X1,11k1,11j1,11W1,11w1,11V0,11i0,11k0,11u3,11y3,11w3,11W3,11Y3,11U3,11X3,11k3,11j3,11i3,11v3,11V3,11Z3,11z3,11x3,11X0,11U0,10U3,10X3,10x3,10k3,10j3,10w3,10W3,10Y3,10Z3,10z3,10y3,10u3,10v3,10i3,10V3,10X0,10k0,10i0,10u1,10v1,10i1,10V1,10Z1,10z1,10x1,10k1,10X1,10U1,10Y1,10W1,10j1,10w1,10y1,10V0,10Z0,10u5,10v5,10i5,10k5,10X5,10x5,10z5,10Z5,10V5]
gb-trace iteration=56 resulting id=C21 vertices=[01k1,01X1,01U1,01Y1,01Z1,01V0,01Z0,01u5,01v5,01V5,01Z5,01z5,01y5,01w5,01j5,01i5,01k5,01x5,01X5,01U5,01Y5,01W5,01U0,01X0,01k0,01u3,01v3,01i3,01V3,01Z3,01Y3,01W3,01j3,01w3,01y3,01z3,01x3,01k3,01X3,01U3,01z0,00Z0,00V0,00V1,00Z1,00z1,00y1,00w1,00W1,00Y1,00U1,00X1,00x1,00k1,00j1,00i1,00v1,00u1,00i0,00k0,00u3,00y3,00z3,00x3,00X3,00U3,00Y3,00Z3,00V3,00v3,00i3,00k3,00j3,00W3,00w3,00X0,00U0,00u5,00v5,00i5,00V5,00Z5,00Y5,00W5,00j5,00w5,00y5,00z5,00x5,00k5,00X5,00U5,00W0,00j0,00u2,00v2,00i2,00V2,00Z2,00Y2,00W2,00j2,00w2,00y2,00z2,00x2,00k2,00X2,00U2,00U4,00X4,00k4,00x4,00z4,00y4,00w4,00W4,00j4,00i4,00v4,00V4,00Z4,00Y4,00u0,00u4,01u0,01y4,01u4,01v4,01V4,01i4,01k4,01j4,01w4,01W4,01Y4,01Z4,01z4,01x4,01X4,01U4,01U2,01Y2,01W2,01w2,01j2,01k2,01x2,01X2,01W0,01v2,01i2,01V2,01Z2,01z2,01y2,01u2,01j0,01i0,01u1,01v1,01V1,01i1,01j1,01W1,01w1,01y1,01z1,01x1]
cut arcs by clause length (length:number) = {2: 2, 12: 4, 42: 2, 44: 2}
number of added block clauses (this increment) = 10
number of added block clauses (accumulated) = 1062
add block clauses time = 455.515us
increment time = 3.096058ms

CEGAR iteration...
cegar iteration = 57
sat solving time = 366.205us
number of subcycles found = 11
cycle lengths before merge (length:number) = {7: 3, 8: 1, 9: 1, 12: 2, 49: 1, 52: 1, 69: 1, 106: 1}
merge operation: 52 + 12 = 64
merge operation: 106 + 8 = 114
merge operation: 9 + 69 = 78
merge operation: 7 + 78 = 85
merge operation: 7 + 114 = 121
merge operation: 12 + 121 = 133
number of merge operations = 6
number of resulting cycles = 5
cycle lengths after merge (length:number) = {7: 1, 49: 1, 64: 1, 85: 1, 133: 1}
gb-trace iteration=57 subcycle id=C1 vertices=[00i0,00u1,00V0,00x1,00X1,00k1,00j1,00i1,00v1,00V1,00Z1,00z1,00y1,00w1,00W1,00Y1,00U1,00u0,10u0,10U1,10X1,10x1,10k1,10i1,10V1,10v1,10u1,10i0,10V0,10Z0,10u5,10y5,10w5,10U0,00U0,00X0,00w3,00W3,00j3,00k3,00i3,00v3,00V3,00Z3,00Y3,00U3,00X3,00x3,00z3,00y3,00u3,00k0]
gb-trace iteration=57 subcycle id=C2 vertices=[00j0,00W0,00U5,00X5,00k5,00x5,00z5,00y5,00w5,00j5,00W5,00Y5,00Z5,00V5,00i5,00v5,00u5,00Z0,01z0,01U3,01X3,01k3,01x3,01z3,01y3,01w3,01j3,01W3,01Y3,01Z3,01V3,01i3,01v3,01u3,01k0,01X0,01U0,01W5,01Y5,01U5,01X5,01x5,01k5,01i5,01j5,01w5,01y5,01z5,01Z5,01V5,01v5,01u5,01Z0,01V0,01i0,01j0,01u2,01y2,01z2,01Z2,01V2,01i2,01v2,01W0,01X2,01x2,01k2,01j2,01w2,01W2,01Y2,01U2,01U4,01X4,01x4,01u0,00u4,00v4,00i4,00V4,00Z4,00Y4,00W4,00j4,00w4,00y4,00z4,00x4,00k4,00X4,00U4,00U2,00X2,00k2,00x2,00z2,00y2,00w2,00j2,00W2,00Y2,00Z2,00V2,00i2,00v2,00u2]
gb-trace iteration=57 subcycle id=C3 vertices=[01i1,01j1,01W1,01w1,01y1,01u1,01v1,01V1]
gb-trace iteration=57 subcycle id=C4 vertices=[01k1,01X1,01U1,01Y1,01Z1,01z1,01x1]
gb-trace iteration=57 subcycle id=C5 vertices=[01i4,01V4,01v4,01u4,01y4,01z4,01Z4,01Y4,01W4,01w4,01j4,01k4]
gb-trace iteration=57 subcycle id=C6 vertices=[10j0,10W0,10u2,10v2,10i2,10V2,10Z2,10Y2,10W2,10j2,10w2,10y2,10z2,10x2,10k2,10X2,10U2,10U4,10X4,10k4,10x4,10z4,10y4,10w4,10j4,10W4,10Y4,10Z4,10V4,10i4,10v4,10u4,11u0,11U1,11Y1,11Z1,11V1,11i1,11v1,11u1,11y1,11z1,11x1,11X1,11k1,11j1,11W1,11w1,11V0,11i0,11k0,11u3,11y3,11w3,11W3,11Y3,11U3,11X0,11U0,10U3,10X3,10x3,10k3,10j3,10w3,10W3,10Y3,10X0,10k0]
gb-trace iteration=57 subcycle id=C7 vertices=[10j1,10w1,10y1,10z1,10Z1,10Y1,10W1]
gb-trace iteration=57 subcycle id=C8 vertices=[10i3,10V3,10Z3,10z3,10y3,10u3,10v3]
gb-trace iteration=57 subcycle id=C9 vertices=[10i5,10j5,10W5,10Y5,10U5,10X5,10k5,10x5,10z5,10Z5,10V5,10v5]
gb-trace iteration=57 subcycle id=C10 vertices=[11j0,11u2,11v2,11i2,11V2,11Z2,11Y2,11W2,11j2,11w2,11y2,11z2,11x2,11k2,11X2,11U2,11U4,11X4,11k4,11x4,11z4,11y4,11w4,11j4,11W4,11Y4,11Z4,11V4,11i4,11v4,11u4,11z0,11Z0,11u5,11v5,11i5,11V5,11Z5,11Y5,11W5,11j5,11w5,11y5,11z5,11x5,11k5,11X5,11U5,11W0]
gb-trace iteration=57 subcycle id=C11 vertices=[11i3,11v3,11V3,11Z3,11z3,11x3,11X3,11k3,11j3]
gb-trace iteration=57 merge C1 + C9 = C12
gb-trace iteration=57 merge C2 + C3 = C13
gb-trace iteration=57 merge C11 + C6 = C14
gb-trace iteration=57 merge C8 + C14 = C15
gb-trace iteration=57 merge C4 + C13 = C16
gb-trace iteration=57 merge C5 + C16 = C17
gb-trace iteration=57 resulting id=C10 vertices=[11j0,11u2,11v2,11i2,11V2,11Z2,11Y2,11W2,11j2,11w2,11y2,11z2,11x2,11k2,11X2,11U2,11U4,11X4,11k4,11x4,11z4,11y4,11w4,11j4,11W4,11Y4,11Z4,11V4,11i4,11v4,11u4,11z0,11Z0,11u5,11v5,11i5,11V5,11Z5,11Y5,11W5,11j5,11w5,11y5,11z5,11x5,11k5,11X5,11U5,11W0]
gb-trace iteration=57 resulting id=C7 vertices=[10j1,10w1,10y1,10z1,10Z1,10Y1,10W1]
gb-trace iteration=57 resulting id=C12 vertices=[00i0,00u1,00V0,00x1,00X1,00k1,00j1,00i1,00v1,00V1,00Z1,00z1,00y1,00w1,00W1,00Y1,00U1,00u0,10u0,10U1,10X1,10x1,10k1,10i1,10V1,10v1,10u1,10i0,10V0,10Z0,10u5,10y5,10w5,10j5,10i5,10v5,10V5,10Z5,10z5,10x5,10k5,10X5,10U5,10Y5,10W5,10U0,00U0,00X0,00w3,00W3,00j3,00k3,00i3,00v3,00V3,00Z3,00Y3,00U3,00X3,00x3,00z3,00y3,00u3,00k0]
gb-trace iteration=57 resulting id=C15 vertices=[10i3,10V3,10X0,10k0,10j0,10W0,10u2,10v2,10i2,10V2,10Z2,10Y2,10W2,10j2,10w2,10y2,10z2,10x2,10k2,10X2,10U2,10U4,10X4,10k4,10x4,10z4,10y4,10w4,10j4,10W4,10Y4,10Z4,10V4,10i4,10v4,10u4,11u0,11U1,11Y1,11Z1,11V1,11i1,11v1,11u1,11y1,11z1,11x1,11X1,11k1,11j1,11W1,11w1,11V0,11i0,11k0,11u3,11y3,11w3,11W3,11Y3,11U3,11X3,11k3,11j3,11i3,11v3,11V3,11Z3,11z3,11x3,11X0,11U0,10U3,10X3,10x3,10k3,10j3,10w3,10W3,10Y3,10Z3,10z3,10y3,10u3,10v3]
gb-trace iteration=57 resulting id=C17 vertices=[01i4,01V4,01v4,01u4,01y4,01u0,00u4,00v4,00i4,00V4,00Z4,00Y4,00W4,00j4,00w4,00y4,00z4,00x4,00k4,00X4,00U4,00U2,00X2,00k2,00x2,00z2,00y2,00w2,00j2,00W2,00Y2,00Z2,00V2,00i2,00v2,00u2,00j0,00W0,00U5,00X5,00k5,00x5,00z5,00y5,00w5,00j5,00W5,00Y5,00Z5,00V5,00i5,00v5,00u5,00Z0,01z0,01U3,01X3,01k3,01x3,01z3,01y3,01w3,01j3,01W3,01Y3,01Z3,01V3,01i3,01v3,01u3,01k0,01X0,01U0,01W5,01Y5,01U5,01X5,01x5,01k5,01i5,01j5,01w5,01y5,01z5,01Z5,01V5,01v5,01u5,01Z0,01V0,01Z1,01Y1,01U1,01X1,01k1,01x1,01z1,01y1,01w1,01W1,01j1,01i1,01V1,01v1,01u1,01i0,01j0,01u2,01y2,01z2,01Z2,01V2,01i2,01v2,01W0,01X2,01x2,01k2,01j2,01w2,01W2,01Y2,01U2,01U4,01X4,01x4,01z4,01Z4,01Y4,01W4,01w4,01j4,01k4]
cut arcs by clause length (length:number) = {12: 2, 28: 2, 30: 2, 44: 2, 58: 2}
number of added block clauses (this increment) = 10
number of added block clauses (accumulated) = 1072
add block clauses time = 440.385us
increment time = 806.590us

CEGAR iteration...
cegar iteration = 58
sat solving time = 689.763us
number of subcycles found = 17
cycle lengths before merge (length:number) = {6: 1, 7: 3, 8: 3, 9: 2, 13: 2, 14: 2, 28: 1, 42: 1, 72: 1, 73: 1}
merge operation: 73 + 14 = 87
merge operation: 13 + 28 = 41
merge operation: 87 + 6 = 93
merge operation: 8 + 93 = 101
merge operation: 13 + 72 = 85
merge operation: 9 + 101 = 110
merge operation: 9 + 41 = 50
merge operation: 14 + 42 = 56
merge operation: 7 + 56 = 63
merge operation: 7 + 63 = 70
merge operation: 8 + 70 = 78
number of merge operations = 11
number of resulting cycles = 6
cycle lengths after merge (length:number) = {7: 1, 8: 1, 50: 1, 78: 1, 85: 1, 110: 1}
gb-trace iteration=58 subcycle id=C1 vertices=[00i0,00u1,00V0,00Z0,00u5,00v5,00i5,00V5,00Z5,00Y5,00W5,00j5,00w5,00y5,00z5,00x5,00k5,00X5,00U5,00W0,00j0,00u2,00y2,00w2,00j2,00W2,00Y2,00U2,00U4,00X4,00x4,00k4,00i4,00j4,00w4,00W4,00Y4,00u0,10u0,10U1,10X1,10x1,10z1,10y1,10u1,10V0,10Z0,10u5,10y5,10z5,10x5,10k5,10X5,10U5,10U0,00U0,00X0,00w3,00W3,00j3,00k3,00i3,00v3,00V3,00Z3,00Y3,00U3,00X3,00x3,00z3,00y3,00u3,00k0]
gb-trace iteration=58 subcycle id=C2 vertices=[00i1,00v1,00V1,00Z1,00z1,00y1,00w1,00W1,00Y1,00U1,00X1,00x1,00k1,00j1]
gb-trace iteration=58 subcycle id=C3 vertices=[00i2,00v2,00V2,00Z2,00z2,00x2,00X2,00k2]
gb-trace iteration=58 subcycle id=C4 vertices=[00u4,00y4,00z4,00Z4,00V4,00v4]
gb-trace iteration=58 subcycle id=C5 vertices=[01i0,01V0,01Z0,01u5,01U0,01X0,01v3,01u3,01y3,01w3,01j3,01W3,01Y3,01U3,01z0,01u4,01v4,01i4,01V4,01Z4,01Y4,01W4,01j4,01k4,01X4,01x4,01z4,01y4,01w4,01u0,01U4,01U2,01X2,01x2,01k2,01j2,01w2,01W2,01Y2,01W0,01j0,01k0]
gb-trace iteration=58 subcycle id=C6 vertices=[01i1,01j1,01W1,01w1,01y1,01u1,01v1,01V1]
gb-trace iteration=58 subcycle id=C7 vertices=[01k1,01X1,01U1,01Y1,01Z1,01z1,01x1]
gb-trace iteration=58 subcycle id=C8 vertices=[01i2,01v2,01u2,01y2,01z2,01Z2,01V2]
gb-trace iteration=58 subcycle id=C9 vertices=[01i3,01k3,01X3,01x3,01z3,01Z3,01V3]
gb-trace iteration=58 subcycle id=C10 vertices=[01i5,01k5,01j5,01W5,01w5,01y5,01z5,01x5,01X5,01U5,01Y5,01Z5,01V5,01v5]
gb-trace iteration=58 subcycle id=C11 vertices=[10i0,10j0,10u2,10v2,10i2,10V2,10Z2,10W0,10Y2,10W2,10j2,10w2,10y2,10z2,10x2,10k2,10X2,10U2,10U4,10X4,10k4,10x4,10z4,10y4,10w4,10j4,10W4,10Y4,10Z4,10V4,10i4,10v4,10u4,11u0,11U1,11X1,11k1,11x1,11z1,11y1,11w1,11j1,11W1,11Y1,11Z1,11V1,11i1,11v1,11u1,11i0,11V0,11Z0,11u5,11v5,11i5,11V5,11Z5,11z5,11x5,11k5,11X5,11U5,11Y5,11W5,11j5,11w5,11y5,11U0,10U3,10X0,10u3,10k0]
gb-trace iteration=58 subcycle id=C12 vertices=[10i1,10v1,10V1,10Z1,10Y1,10W1,10w1,10j1,10k1]
gb-trace iteration=58 subcycle id=C13 vertices=[10i3,10j3,10k3,10X3,10x3,10z3,10y3,10w3,10W3,10Y3,10Z3,10V3,10v3]
gb-trace iteration=58 subcycle id=C14 vertices=[10i5,10j5,10w5,10W5,10Y5,10Z5,10V5,10v5]
gb-trace iteration=58 subcycle id=C15 vertices=[11j0,11k0,11u3,11X0,11y3,11w3,11W3,11Y3,11U3,11z0,11u4,11v4,11i4,11V4,11Z4,11Y4,11W4,11j4,11w4,11y4,11z4,11x4,11k4,11X4,11U4,11U2,11Y2,11W0]
gb-trace iteration=58 subcycle id=C16 vertices=[11i2,11V2,11Z2,11z2,11x2,11X2,11k2,11j2,11W2,11w2,11y2,11u2,11v2]
gb-trace iteration=58 subcycle id=C17 vertices=[11i3,11v3,11V3,11Z3,11z3,11x3,11X3,11k3,11j3]
gb-trace iteration=58 merge C1 + C2 = C18
gb-trace iteration=58 merge C16 + C15 = C19
gb-trace iteration=58 merge C18 + C4 = C20
gb-trace iteration=58 merge C14 + C20 = C21
gb-trace iteration=58 merge C13 + C11 = C22
gb-trace iteration=58 merge C12 + C21 = C23
gb-trace iteration=58 merge C17 + C19 = C24
gb-trace iteration=58 merge C10 + C5 = C25
gb-trace iteration=58 merge C9 + C25 = C26
gb-trace iteration=58 merge C8 + C26 = C27
gb-trace iteration=58 merge C6 + C27 = C28
gb-trace iteration=58 resulting id=C22 vertices=[10i3,10j3,10k3,10X3,10U3,11U0,11y5,11w5,11j5,11W5,11Y5,11U5,11X5,11k5,11x5,11z5,11Z5,11V5,11i5,11v5,11u5,11Z0,11V0,11i0,11u1,11v1,11i1,11V1,11Z1,11Y1,11W1,11j1,11w1,11y1,11z1,11x1,11k1,11X1,11U1,11u0,10u4,10v4,10i4,10V4,10Z4,10Y4,10W4,10j4,10w4,10y4,10z4,10x4,10k4,10X4,10U4,10U2,10X2,10k2,10x2,10z2,10y2,10w2,10j2,10W2,10Y2,10W0,10Z2,10V2,10i2,10v2,10u2,10j0,10i0,10k0,10u3,10X0,10x3,10z3,10y3,10w3,10W3,10Y3,10Z3,10V3,10v3]
gb-trace iteration=58 resulting id=C7 vertices=[01k1,01X1,01U1,01Y1,01Z1,01z1,01x1]
gb-trace iteration=58 resulting id=C3 vertices=[00i2,00v2,00V2,00Z2,00z2,00x2,00X2,00k2]
gb-trace iteration=58 resulting id=C23 vertices=[10i1,10v1,10u1,10y1,10z1,10x1,10X1,10U1,10u0,00u0,00V4,00v4,00u4,00y4,00z4,00Z4,00Y4,00W4,00w4,00j4,00i4,00k4,00x4,00X4,00U4,00U2,00Y2,00W2,00j2,00w2,00y2,00u2,00j0,00W0,00U5,00X5,00k5,00x5,00z5,00y5,00w5,00j5,00W5,00Y5,00Z5,00V5,00i5,00v5,00u5,00Z0,00V0,00V1,00Z1,00z1,00y1,00w1,00W1,00Y1,00U1,00X1,00x1,00k1,00j1,00i1,00v1,00u1,00i0,00k0,00u3,00y3,00z3,00x3,00X3,00U3,00Y3,00Z3,00V3,00v3,00i3,00k3,00j3,00W3,00w3,00X0,00U0,10U0,10W5,10w5,10j5,10i5,10v5,10V5,10Z5,10Y5,10U5,10X5,10k5,10x5,10z5,10y5,10u5,10Z0,10V0,10V1,10Z1,10Y1,10W1,10w1,10j1,10k1]
gb-trace iteration=58 resulting id=C24 vertices=[11i3,11v3,11u3,11k0,11j0,11W0,11V2,11i2,11v2,11u2,11y2,11w2,11W2,11j2,11k2,11X2,11x2,11z2,11Z2,11Y2,11U2,11U4,11X4,11k4,11x4,11z4,11y4,11w4,11j4,11W4,11Y4,11Z4,11V4,11i4,11v4,11u4,11z0,11U3,11Y3,11W3,11w3,11y3,11X0,11V3,11Z3,11z3,11x3,11X3,11k3,11j3]
gb-trace iteration=58 resulting id=C28 vertices=[01i1,01j1,01W1,01w1,01y1,01V0,01Z0,01u5,01y5,01z5,01x5,01X5,01U5,01Y5,01Z5,01V5,01v5,01i5,01k5,01j5,01W5,01w5,01U0,01X0,01Z3,01z3,01x3,01X3,01k3,01i3,01V3,01v3,01u3,01y3,01w3,01j3,01W3,01Y3,01U3,01z0,01u4,01v4,01i4,01V4,01Z4,01Y4,01W4,01j4,01k4,01X4,01x4,01z4,01y4,01w4,01u0,01U4,01U2,01X2,01x2,01k2,01j2,01w2,01W2,01Y2,01W0,01v2,01i2,01V2,01Z2,01z2,01y2,01u2,01j0,01k0,01i0,01u1,01v1,01V1]
cut arcs by clause length (length:number) = {12: 4, 16: 2, 18: 2, 34: 4}
number of added block clauses (this increment) = 12
number of added block clauses (accumulated) = 1084
add block clauses time = 504.086us
increment time = 1.193849ms

CEGAR iteration...
cegar iteration = 59
sat solving time = 184.835us
number of subcycles found = 16
cycle lengths before merge (length:number) = {6: 1, 7: 2, 8: 2, 9: 2, 13: 2, 14: 2, 15: 1, 29: 1, 42: 1, 71: 1, 73: 1}
merge operation: 73 + 14 = 87
merge operation: 13 + 29 = 42
merge operation: 87 + 6 = 93
merge operation: 8 + 93 = 101
merge operation: 13 + 71 = 84
merge operation: 9 + 101 = 110
merge operation: 9 + 42 = 51
merge operation: 14 + 42 = 56
merge operation: 7 + 56 = 63
merge operation: 7 + 63 = 70
merge operation: 15 + 70 = 85
number of merge operations = 11
number of resulting cycles = 5
cycle lengths after merge (length:number) = {8: 1, 51: 1, 84: 1, 85: 1, 110: 1}
gb-trace iteration=59 subcycle id=C1 vertices=[00i0,00u1,00V0,00Z0,00u5,00v5,00i5,00V5,00Z5,00Y5,00W5,00j5,00w5,00y5,00z5,00x5,00k5,00X5,00U5,00W0,00j0,00u2,00v2,00i2,00V2,00Z2,00Y2,00U2,00U4,00X4,00x4,00k4,00i4,00j4,00w4,00W4,00Y4,00u0,10u0,10U1,10X1,10x1,10z1,10y1,10u1,10V0,10Z0,10u5,10y5,10z5,10x5,10k5,10X5,10U5,10U0,00U0,00X0,00w3,00W3,00j3,00k3,00i3,00v3,00V3,00Z3,00Y3,00U3,00X3,00x3,00z3,00y3,00u3,00k0]
gb-trace iteration=59 subcycle id=C2 vertices=[00i1,00v1,00V1,00Z1,00z1,00y1,00w1,00W1,00Y1,00U1,00X1,00x1,00k1,00j1]
gb-trace iteration=59 subcycle id=C3 vertices=[00j2,00k2,00X2,00x2,00z2,00y2,00w2,00W2]
gb-trace iteration=59 subcycle id=C4 vertices=[00u4,00y4,00z4,00Z4,00V4,00v4]
gb-trace iteration=59 subcycle id=C5 vertices=[01i0,01V0,01Z0,01u5,01U0,01X0,01v3,01u3,01y3,01w3,01j3,01W3,01Y3,01U3,01z0,01u4,01v4,01i4,01V4,01Z4,01Y4,01W4,01j4,01k4,01X4,01x4,01z4,01y4,01w4,01u0,01U4,01U2,01X2,01x2,01k2,01j2,01w2,01W2,01Y2,01W0,01j0,01k0]
gb-trace iteration=59 subcycle id=C6 vertices=[01i1,01V1,01Z1,01z1,01x1,01k1,01X1,01U1,01Y1,01W1,01j1,01w1,01y1,01u1,01v1]
gb-trace iteration=59 subcycle id=C7 vertices=[01i2,01v2,01u2,01y2,01z2,01Z2,01V2]
gb-trace iteration=59 subcycle id=C8 vertices=[01i3,01k3,01X3,01x3,01z3,01Z3,01V3]
gb-trace iteration=59 subcycle id=C9 vertices=[01i5,01k5,01j5,01W5,01w5,01y5,01z5,01x5,01X5,01U5,01Y5,01Z5,01V5,01v5]
gb-trace iteration=59 subcycle id=C10 vertices=[10i0,10j0,10u2,10v2,10i2,10V2,10Z2,10W0,10Y2,10W2,10j2,10w2,10y2,10z2,10x2,10k2,10X2,10U2,10U4,10X4,10k4,10x4,10z4,10y4,10w4,10j4,10W4,10Y4,10Z4,10V4,10i4,10v4,10u4,11u0,11U1,11X1,11k1,11x1,11z1,11y1,11w1,11j1,11W1,11Y1,11Z1,11V1,11i1,11v1,11u1,11V0,11Z0,11u5,11v5,11i5,11V5,11Z5,11z5,11x5,11k5,11X5,11U5,11Y5,11W5,11j5,11w5,11y5,11U0,10U3,10X0,10u3,10k0]
gb-trace iteration=59 subcycle id=C11 vertices=[10i1,10v1,10V1,10Z1,10Y1,10W1,10w1,10j1,10k1]
gb-trace iteration=59 subcycle id=C12 vertices=[10i3,10j3,10k3,10X3,10x3,10z3,10y3,10w3,10W3,10Y3,10Z3,10V3,10v3]
gb-trace iteration=59 subcycle id=C13 vertices=[10i5,10j5,10w5,10W5,10Y5,10Z5,10V5,10v5]
gb-trace iteration=59 subcycle id=C14 vertices=[11i0,11k0,11u3,11X0,11y3,11w3,11W3,11Y3,11U3,11z0,11u4,11v4,11i4,11V4,11Z4,11Y4,11W4,11j4,11w4,11y4,11z4,11x4,11k4,11X4,11U4,11U2,11Y2,11W0,11j0]
gb-trace iteration=59 subcycle id=C15 vertices=[11i2,11V2,11Z2,11z2,11x2,11X2,11k2,11j2,11W2,11w2,11y2,11u2,11v2]
gb-trace iteration=59 subcycle id=C16 vertices=[11i3,11v3,11V3,11Z3,11z3,11x3,11X3,11k3,11j3]
gb-trace iteration=59 merge C1 + C2 = C17
gb-trace iteration=59 merge C15 + C14 = C18
gb-trace iteration=59 merge C17 + C4 = C19
gb-trace iteration=59 merge C13 + C19 = C20
gb-trace iteration=59 merge C12 + C10 = C21
gb-trace iteration=59 merge C11 + C20 = C22
gb-trace iteration=59 merge C16 + C18 = C23
gb-trace iteration=59 merge C9 + C5 = C24
gb-trace iteration=59 merge C8 + C24 = C25
gb-trace iteration=59 merge C7 + C25 = C26
gb-trace iteration=59 merge C6 + C26 = C27
gb-trace iteration=59 resulting id=C21 vertices=[10i3,10j3,10k3,10X3,10U3,11U0,11y5,11w5,11j5,11W5,11Y5,11U5,11X5,11k5,11x5,11z5,11Z5,11V5,11i5,11v5,11u5,11Z0,11V0,11u1,11v1,11i1,11V1,11Z1,11Y1,11W1,11j1,11w1,11y1,11z1,11x1,11k1,11X1,11U1,11u0,10u4,10v4,10i4,10V4,10Z4,10Y4,10W4,10j4,10w4,10y4,10z4,10x4,10k4,10X4,10U4,10U2,10X2,10k2,10x2,10z2,10y2,10w2,10j2,10W2,10Y2,10W0,10Z2,10V2,10i2,10v2,10u2,10j0,10i0,10k0,10u3,10X0,10x3,10z3,10y3,10w3,10W3,10Y3,10Z3,10V3,10v3]
gb-trace iteration=59 resulting id=C23 vertices=[11i3,11v3,11u3,11k0,11i0,11j0,11W0,11V2,11i2,11v2,11u2,11y2,11w2,11W2,11j2,11k2,11X2,11x2,11z2,11Z2,11Y2,11U2,11U4,11X4,11k4,11x4,11z4,11y4,11w4,11j4,11W4,11Y4,11Z4,11V4,11i4,11v4,11u4,11z0,11U3,11Y3,11W3,11w3,11y3,11X0,11V3,11Z3,11z3,11x3,11X3,11k3,11j3]
gb-trace iteration=59 resulting id=C3 vertices=[00j2,00k2,00X2,00x2,00z2,00y2,00w2,00W2]
gb-trace iteration=59 resulting id=C22 vertices=[10i1,10v1,10u1,10y1,10z1,10x1,10X1,10U1,10u0,00u0,00V4,00v4,00u4,00y4,00z4,00Z4,00Y4,00W4,00w4,00j4,00i4,00k4,00x4,00X4,00U4,00U2,00Y2,00Z2,00V2,00i2,00v2,00u2,00j0,00W0,00U5,00X5,00k5,00x5,00z5,00y5,00w5,00j5,00W5,00Y5,00Z5,00V5,00i5,00v5,00u5,00Z0,00V0,00V1,00Z1,00z1,00y1,00w1,00W1,00Y1,00U1,00X1,00x1,00k1,00j1,00i1,00v1,00u1,00i0,00k0,00u3,00y3,00z3,00x3,00X3,00U3,00Y3,00Z3,00V3,00v3,00i3,00k3,00j3,00W3,00w3,00X0,00U0,10U0,10W5,10w5,10j5,10i5,10v5,10V5,10Z5,10Y5,10U5,10X5,10k5,10x5,10z5,10y5,10u5,10Z0,10V0,10V1,10Z1,10Y1,10W1,10w1,10j1,10k1]
gb-trace iteration=59 resulting id=C27 vertices=[01i1,01V1,01Z1,01z1,01x1,01k1,01X1,01U1,01Y1,01W1,01j1,01w1,01y1,01V0,01Z0,01u5,01y5,01z5,01x5,01X5,01U5,01Y5,01Z5,01V5,01v5,01i5,01k5,01j5,01W5,01w5,01U0,01X0,01Z3,01z3,01x3,01X3,01k3,01i3,01V3,01v3,01u3,01y3,01w3,01j3,01W3,01Y3,01U3,01z0,01u4,01v4,01i4,01V4,01Z4,01Y4,01W4,01j4,01k4,01X4,01x4,01z4,01y4,01w4,01u0,01U4,01U2,01X2,01x2,01k2,01j2,01w2,01W2,01Y2,01W0,01v2,01i2,01V2,01Z2,01z2,01y2,01u2,01j0,01k0,01i0,01u1,01v1]
cut arcs by clause length (length:number) = {4: 2, 12: 2, 18: 2, 34: 4}
number of added block clauses (this increment) = 10
number of added block clauses (accumulated) = 1094
add block clauses time = 482.345us
increment time = 667.180us

CEGAR iteration...
cegar iteration = 60
sat solving time = 1.037531ms
number of subcycles found = 14
cycle lengths before merge (length:number) = {6: 1, 7: 1, 8: 2, 9: 1, 13: 1, 14: 3, 15: 1, 36: 1, 40: 1, 73: 1, 81: 1}
merge operation: 36 + 14 = 50
merge operation: 14 + 73 = 87
merge operation: 8 + 81 = 89
merge operation: 13 + 87 = 100
merge operation: 14 + 100 = 114
merge operation: 89 + 7 = 96
merge operation: 15 + 96 = 111
merge operation: 6 + 114 = 120
number of merge operations = 8
number of resulting cycles = 6
cycle lengths after merge (length:number) = {8: 1, 9: 1, 40: 1, 50: 1, 111: 1, 120: 1}
gb-trace iteration=60 subcycle id=C1 vertices=[00i0,00u1,00V0,00Z0,00u5,00v5,00i5,00V5,00Z5,00Y5,00W5,00j5,00w5,00y5,00z5,00x5,00k5,00X5,00U5,00W0,00Z2,00Y2,00U2,00X2,00k2,00x2,00z2,00y2,00w2,00W2,00j2,00i2,00V2,00v2,00u2,00j0]
gb-trace iteration=60 subcycle id=C2 vertices=[00k0,00X0,00U0,10U0,10u5,10y5,10z5,10x5,10k5,10X5,10U5,10W0,10j0,10u2,10v2,10i2,10V2,10Z2,10Y2,10W2,10j2,10w2,10y2,10z2,10x2,10k2,10X2,10U2,10U4,10X4,10k4,10x4,10z4,10y4,10w4,10j4,10W4,10Y4,10Z4,10V4,10i4,10v4,10u4,10u0,00u0,00w4,00y4,00z4,00Z4,00V4,00i4,00v4,00u4,01u0,01U1,01Y1,01W1,01j1,01w1,01y1,01u1,01v1,01i1,01V1,01Z1,01z1,01x1,01k1,01X1,01V0,01i0,01k0,01X0,01U0,00U3,00Y3,00Z3,00V3,00i3,00v3,00u3]
gb-trace iteration=60 subcycle id=C3 vertices=[00i1,00v1,00V1,00Z1,00z1,00y1,00w1,00W1,00Y1,00U1,00X1,00x1,00k1,00j1]
gb-trace iteration=60 subcycle id=C4 vertices=[00j3,00k3,00X3,00x3,00z3,00y3,00w3,00W3]
gb-trace iteration=60 subcycle id=C5 vertices=[00j4,00k4,00x4,00X4,00U4,00Y4,00W4]
gb-trace iteration=60 subcycle id=C6 vertices=[01j0,01W0,01U5,01X5,01k5,01x5,01z5,01y5,01w5,01j5,01W5,01Y5,01Z5,01V5,01i5,01v5,01u5,01Z0,01z0,01u4,01v4,01i4,01V4,01Z4,01Y4,01W4,01j4,01w4,01y4,01z4,01x4,01k4,01X4,01U4,01U2,01X2,01x2,01z2,01y2,01u2]
gb-trace iteration=60 subcycle id=C7 vertices=[01i2,01v2,01V2,01Z2,01Y2,01W2,01w2,01j2,01k2]
gb-trace iteration=60 subcycle id=C8 vertices=[01i3,01v3,01u3,01y3,01w3,01j3,01W3,01Y3,01U3,01X3,01k3,01x3,01z3,01Z3,01V3]
gb-trace iteration=60 subcycle id=C9 vertices=[10i0,10u1,10V0,10Z0,11z0,11U3,11Y3,11Z3,11V3,11i3,11v3,11u3,11y3,11z3,11x3,11X3,11k3,11j3,11W3,11w3,11X0,11k0,11i0,11j0,11W0,11y2,11u2,11v2,11V2,11i2,11k2,11j2,11w2,11W2,11Y2,11Z2,11z2,11x2,11X2,11U2,11U4,11u0,11U1,11X1,11k1,11x1,11z1,11y1,11w1,11j1,11W1,11Y1,11Z1,11V1,11i1,11v1,11u1,11V0,11Z0,11u5,11v5,11V5,11i5,11k5,11j5,11W5,11w5,11y5,11U0,10U3,10X0,10u3,10k0]
gb-trace iteration=60 subcycle id=C10 vertices=[10i1,10k1,10x1,10X1,10U1,10Y1,10W1,10j1,10w1,10y1,10z1,10Z1,10V1,10v1]
gb-trace iteration=60 subcycle id=C11 vertices=[10i3,10j3,10k3,10X3,10x3,10z3,10y3,10w3,10W3,10Y3,10Z3,10V3,10v3]
gb-trace iteration=60 subcycle id=C12 vertices=[10i5,10j5,10w5,10W5,10Y5,10Z5,10V5,10v5]
gb-trace iteration=60 subcycle id=C13 vertices=[11i4,11v4,11u4,11y4,11z4,11x4,11X4,11k4,11j4,11w4,11W4,11Y4,11Z4,11V4]
gb-trace iteration=60 subcycle id=C14 vertices=[11x5,11z5,11Z5,11Y5,11U5,11X5]
gb-trace iteration=60 merge C1 + C3 = C15
gb-trace iteration=60 merge C13 + C9 = C16
gb-trace iteration=60 merge C12 + C2 = C17
gb-trace iteration=60 merge C11 + C16 = C18
gb-trace iteration=60 merge C10 + C18 = C19
gb-trace iteration=60 merge C17 + C5 = C20
gb-trace iteration=60 merge C8 + C20 = C21
gb-trace iteration=60 merge C14 + C19 = C22
gb-trace iteration=60 resulting id=C15 vertices=[00i0,00u1,00v1,00i1,00j1,00k1,00x1,00X1,00U1,00Y1,00W1,00w1,00y1,00z1,00Z1,00V1,00V0,00Z0,00u5,00v5,00i5,00V5,00Z5,00Y5,00W5,00j5,00w5,00y5,00z5,00x5,00k5,00X5,00U5,00W0,00Z2,00Y2,00U2,00X2,00k2,00x2,00z2,00y2,00w2,00W2,00j2,00i2,00V2,00v2,00u2,00j0]
gb-trace iteration=60 resulting id=C7 vertices=[01i2,01v2,01V2,01Z2,01Y2,01W2,01w2,01j2,01k2]
gb-trace iteration=60 resulting id=C6 vertices=[01j0,01W0,01U5,01X5,01k5,01x5,01z5,01y5,01w5,01j5,01W5,01Y5,01Z5,01V5,01i5,01v5,01u5,01Z0,01z0,01u4,01v4,01i4,01V4,01Z4,01Y4,01W4,01j4,01w4,01y4,01z4,01x4,01k4,01X4,01U4,01U2,01X2,01x2,01z2,01y2,01u2]
gb-trace iteration=60 resulting id=C4 vertices=[00j3,00k3,00X3,00x3,00z3,00y3,00w3,00W3]
gb-trace iteration=60 resulting id=C21 vertices=[01i3,01v3,01X0,01U0,00U3,00Y3,00Z3,00V3,00i3,00v3,00u3,00k0,00X0,00U0,10U0,10V5,10Z5,10Y5,10W5,10w5,10j5,10i5,10v5,10u5,10y5,10z5,10x5,10k5,10X5,10U5,10W0,10j0,10u2,10v2,10i2,10V2,10Z2,10Y2,10W2,10j2,10w2,10y2,10z2,10x2,10k2,10X2,10U2,10U4,10X4,10k4,10x4,10z4,10y4,10w4,10j4,10W4,10Y4,10Z4,10V4,10i4,10v4,10u4,10u0,00u0,00W4,00Y4,00U4,00X4,00x4,00k4,00j4,00w4,00y4,00z4,00Z4,00V4,00i4,00v4,00u4,01u0,01U1,01Y1,01W1,01j1,01w1,01y1,01u1,01v1,01i1,01V1,01Z1,01z1,01x1,01k1,01X1,01V0,01i0,01k0,01u3,01y3,01w3,01j3,01W3,01Y3,01U3,01X3,01k3,01x3,01z3,01Z3,01V3]
gb-trace iteration=60 resulting id=C22 vertices=[11x5,11U0,10U3,10X3,10k3,10j3,10i3,10v3,10V3,10Z3,10Y3,10W3,10w3,10y3,10z3,10x3,10X0,10u3,10k0,10i0,10u1,10y1,10z1,10Z1,10V1,10v1,10i1,10k1,10x1,10X1,10U1,10Y1,10W1,10j1,10w1,10V0,10Z0,11z0,11U3,11Y3,11Z3,11V3,11i3,11v3,11u3,11y3,11z3,11x3,11X3,11k3,11j3,11W3,11w3,11X0,11k0,11i0,11j0,11W0,11y2,11u2,11v2,11V2,11i2,11k2,11j2,11w2,11W2,11Y2,11Z2,11z2,11x2,11X2,11U2,11U4,11X4,11k4,11j4,11w4,11W4,11Y4,11Z4,11V4,11i4,11v4,11u4,11y4,11z4,11x4,11u0,11U1,11X1,11k1,11x1,11z1,11y1,11w1,11j1,11W1,11Y1,11Z1,11V1,11i1,11v1,11u1,11V0,11Z0,11u5,11v5,11V5,11i5,11k5,11j5,11W5,11w5,11y5,11z5,11Z5,11Y5,11U5,11X5]
cut arcs by clause length (length:number) = {6: 2, 12: 4, 18: 2, 42: 2, 62: 2}
number of added block clauses (this increment) = 12
number of added block clauses (accumulated) = 1106
add block clauses time = 455.363us
increment time = 1.492894ms

CEGAR iteration...
cegar iteration = 61
sat solving time = 204.470us
number of subcycles found = 12
cycle lengths before merge (length:number) = {6: 1, 8: 1, 9: 3, 13: 1, 14: 2, 15: 1, 49: 1, 74: 1, 118: 1}
merge operation: 118 + 15 = 133
merge operation: 14 + 74 = 88
merge operation: 8 + 133 = 141
merge operation: 13 + 88 = 101
merge operation: 14 + 101 = 115
merge operation: 6 + 115 = 121
number of merge operations = 6
number of resulting cycles = 6
cycle lengths after merge (length:number) = {9: 3, 49: 1, 121: 1, 141: 1}
gb-trace iteration=61 subcycle id=C1 vertices=[00i0,00V0,00Z0,00u5,00v5,00i5,00V5,00Z5,00Y5,00W5,00j5,00w5,00y5,00z5,00x5,00k5,00X5,00U5,00W0,00j0,00u2,00y2,00z2,00x2,00X2,00U2,00U4,00X4,00k4,00x4,00z4,00y4,00w4,00j4,00W4,00Y4,00Z4,00V4,00i4,00v4,00u4,01u0,01U1,01Y1,01W1,01j1,01w1,01y1,01u1,01v1,01i1,01V1,01Z1,01z1,01x1,01k1,01X1,01V0,01i0,01k0,01X0,01U0,00U3,00Y3,00Z3,00V3,00v3,00u3,00k0,00X0,00U0,10U0,10u5,10y5,10z5,10x5,10k5,10X5,10U5,10W0,10u2,10v2,10i2,10V2,10Z2,10Y2,10W2,10j2,10w2,10y2,10z2,10x2,10k2,10X2,10U2,10U4,10X4,10k4,10x4,10z4,10y4,10w4,10j4,10W4,10Y4,10Z4,10V4,10i4,10v4,10u4,10u0,00u0,00U1,00X1,00x1,00z1,00y1,00u1]
gb-trace iteration=61 subcycle id=C2 vertices=[00i1,00k1,00j1,00w1,00W1,00Y1,00Z1,00V1,00v1]
gb-trace iteration=61 subcycle id=C3 vertices=[00i2,00k2,00j2,00w2,00W2,00Y2,00Z2,00V2,00v2]
gb-trace iteration=61 subcycle id=C4 vertices=[00i3,00k3,00X3,00x3,00z3,00y3,00w3,00W3,00j3]
gb-trace iteration=61 subcycle id=C5 vertices=[01j0,01W0,01U5,01X5,01k5,01x5,01z5,01y5,01w5,01j5,01W5,01Y5,01Z5,01V5,01i5,01v5,01u5,01Z0,01z0,01u4,01v4,01i4,01V4,01Z4,01Y4,01W4,01j4,01w4,01y4,01z4,01x4,01k4,01X4,01U4,01U2,01X2,01k2,01x2,01z2,01y2,01w2,01j2,01W2,01Y2,01Z2,01V2,01i2,01v2,01u2]
gb-trace iteration=61 subcycle id=C6 vertices=[01i3,01v3,01u3,01y3,01w3,01j3,01W3,01Y3,01U3,01X3,01k3,01x3,01z3,01Z3,01V3]
gb-trace iteration=61 subcycle id=C7 vertices=[10i0,10u1,10V0,10Z0,11z0,11U3,11Y3,11Z3,11V3,11i3,11v3,11u3,11y3,11z3,11x3,11X3,11k3,11j3,11W3,11w3,11X0,11k0,11i0,11j0,11W0,11y2,11u2,11v2,11V2,11i2,11k2,11j2,11w2,11W2,11Y2,11Z2,11z2,11x2,11X2,11U2,11U4,11u0,11U1,11X1,11k1,11x1,11z1,11y1,11w1,11j1,11W1,11Y1,11Z1,11V1,11i1,11v1,11u1,11V0,11Z0,11u5,11v5,11V5,11i5,11k5,11j5,11W5,11w5,11y5,11U0,10U3,10X0,10u3,10k0,10j0]
gb-trace iteration=61 subcycle id=C8 vertices=[10i1,10k1,10x1,10X1,10U1,10Y1,10W1,10j1,10w1,10y1,10z1,10Z1,10V1,10v1]
gb-trace iteration=61 subcycle id=C9 vertices=[10i3,10j3,10k3,10X3,10x3,10z3,10y3,10w3,10W3,10Y3,10Z3,10V3,10v3]
gb-trace iteration=61 subcycle id=C10 vertices=[10i5,10j5,10w5,10W5,10Y5,10Z5,10V5,10v5]
gb-trace iteration=61 subcycle id=C11 vertices=[11i4,11v4,11u4,11y4,11z4,11x4,11X4,11k4,11j4,11w4,11W4,11Y4,11Z4,11V4]
gb-trace iteration=61 subcycle id=C12 vertices=[11x5,11z5,11Z5,11Y5,11U5,11X5]
gb-trace iteration=61 merge C1 + C6 = C13
gb-trace iteration=61 merge C11 + C7 = C14
gb-trace iteration=61 merge C10 + C13 = C15
gb-trace iteration=61 merge C9 + C14 = C16
gb-trace iteration=61 merge C8 + C16 = C17
gb-trace iteration=61 merge C12 + C17 = C18
gb-trace iteration=61 resulting id=C15 vertices=[10i5,10j5,10w5,10W5,10Y5,10Z5,10V5,10U0,00U0,00X0,00k0,00u3,00v3,00V3,00Z3,00Y3,00U3,01U0,01X0,01y3,01w3,01j3,01W3,01Y3,01U3,01X3,01k3,01x3,01z3,01Z3,01V3,01i3,01v3,01u3,01k0,01i0,01V0,01X1,01k1,01x1,01z1,01Z1,01V1,01i1,01v1,01u1,01y1,01w1,01j1,01W1,01Y1,01U1,01u0,00u4,00v4,00i4,00V4,00Z4,00Y4,00W4,00j4,00w4,00y4,00z4,00x4,00k4,00X4,00U4,00U2,00X2,00x2,00z2,00y2,00u2,00j0,00W0,00U5,00X5,00k5,00x5,00z5,00y5,00w5,00j5,00W5,00Y5,00Z5,00V5,00i5,00v5,00u5,00Z0,00V0,00i0,00u1,00y1,00z1,00x1,00X1,00U1,00u0,10u0,10u4,10v4,10i4,10V4,10Z4,10Y4,10W4,10j4,10w4,10y4,10z4,10x4,10k4,10X4,10U4,10U2,10X2,10k2,10x2,10z2,10y2,10w2,10j2,10W2,10Y2,10Z2,10V2,10i2,10v2,10u2,10W0,10U5,10X5,10k5,10x5,10z5,10y5,10u5,10v5]
gb-trace iteration=61 resulting id=C2 vertices=[00i1,00k1,00j1,00w1,00W1,00Y1,00Z1,00V1,00v1]
gb-trace iteration=61 resulting id=C3 vertices=[00i2,00k2,00j2,00w2,00W2,00Y2,00Z2,00V2,00v2]
gb-trace iteration=61 resulting id=C4 vertices=[00i3,00k3,00X3,00x3,00z3,00y3,00w3,00W3,00j3]
gb-trace iteration=61 resulting id=C5 vertices=[01j0,01W0,01U5,01X5,01k5,01x5,01z5,01y5,01w5,01j5,01W5,01Y5,01Z5,01V5,01i5,01v5,01u5,01Z0,01z0,01u4,01v4,01i4,01V4,01Z4,01Y4,01W4,01j4,01w4,01y4,01z4,01x4,01k4,01X4,01U4,01U2,01X2,01k2,01x2,01z2,01y2,01w2,01j2,01W2,01Y2,01Z2,01V2,01i2,01v2,01u2]
gb-trace iteration=61 resulting id=C18 vertices=[11x5,11U0,10U3,10X3,10k3,10j3,10i3,10v3,10V3,10Z3,10Y3,10W3,10w3,10y3,10z3,10x3,10X0,10u3,10k0,10j0,10i0,10u1,10y1,10z1,10Z1,10V1,10v1,10i1,10k1,10x1,10X1,10U1,10Y1,10W1,10j1,10w1,10V0,10Z0,11z0,11U3,11Y3,11Z3,11V3,11i3,11v3,11u3,11y3,11z3,11x3,11X3,11k3,11j3,11W3,11w3,11X0,11k0,11i0,11j0,11W0,11y2,11u2,11v2,11V2,11i2,11k2,11j2,11w2,11W2,11Y2,11Z2,11z2,11x2,11X2,11U2,11U4,11X4,11k4,11j4,11w4,11W4,11Y4,11Z4,11V4,11i4,11v4,11u4,11y4,11z4,11x4,11u0,11U1,11X1,11k1,11x1,11z1,11y1,11w1,11j1,11W1,11Y1,11Z1,11V1,11i1,11v1,11u1,11V0,11Z0,11u5,11v5,11V5,11i5,11k5,11j5,11W5,11w5,11y5,11z5,11Z5,11Y5,11U5,11X5]
cut arcs by clause length (length:number) = {6: 2, 12: 6, 30: 2, 72: 2}
number of added block clauses (this increment) = 12
number of added block clauses (accumulated) = 1118
add block clauses time = 450.016us
increment time = 654.486us

CEGAR iteration...
cegar iteration = 62
sat solving time = 697.199us
number of subcycles found = 12
cycle lengths before merge (length:number) = {6: 1, 7: 2, 8: 2, 13: 2, 14: 1, 15: 1, 23: 1, 83: 1, 141: 1}
merge operation: 83 + 7 = 90
merge operation: 8 + 141 = 149
merge operation: 13 + 149 = 162
merge operation: 23 + 14 = 37
merge operation: 7 + 90 = 97
merge operation: 15 + 97 = 112
merge operation: 13 + 162 = 175
number of merge operations = 7
number of resulting cycles = 5
cycle lengths after merge (length:number) = {6: 1, 8: 1, 37: 1, 112: 1, 175: 1}
gb-trace iteration=62 subcycle id=C1 vertices=[00i0,00V0,00Z0,01Z0,01V0,01i0,01k0,01X0,01v3,01u3,01y3,01w3,01j3,01W3,01Y3,01U3,01z0,01u4,01u0,01v4,01i4,01V4,01Z4,01Y4,01W4,01j4,01w4,01y4,01z4,01x4,01k4,01X4,01U4,01U2,01X2,01k2,01x2,01z2,01y2,01w2,01j2,01W2,01Y2,01Z2,01V2,01i2,01v2,01u2,01j0,01W0,01U5,01Y5,01Z5,01V5,01i5,01v5,01u5,01y5,01z5,01x5,01X5,01k5,01j5,01w5,01W5,01U0,00U3,00Y3,00Z3,00V3,00v3,00X0,00w3,00W3,00j3,00i3,00k3,00X3,00x3,00z3,00y3,00u3,00k0]
gb-trace iteration=62 subcycle id=C2 vertices=[00j0,00W0,00U5,00Y5,00U0,10U0,10u5,10y5,10z5,10x5,10k5,10X5,10U5,10W0,10u2,10v2,10i2,10V2,10Z2,10Y2,10W2,10j2,10w2,10y2,10z2,10x2,10k2,10X2,10U2,10U4,10X4,10k4,10x4,10z4,10y4,10w4,10j4,10W4,10Y4,10Z4,10V4,10i4,10v4,10u4,11u0,11u4,11v4,11i4,11V4,11Z4,11Y4,11W4,11j4,11w4,11y4,11z4,11x4,11k4,11X4,11U4,11U2,11X2,11k2,11x2,11z2,11y2,11w2,11j2,11W2,11Y2,11Z2,11V2,11i2,11v2,11u2,11j0,11W0,11U5,11X5,11k5,11j5,11w5,11W5,11Y5,11Z5,11V5,11i5,11v5,11u5,11y5,11z5,11x5,11U0,10U3,10X0,10u3,10k0,10j0,10i0,10u1,10V0,10Y1,10W1,10j1,10w1,10y1,10z1,10Z1,10V1,10v1,10i1,10k1,10x1,10X1,10U1,10u0,00u0,00Z4,00Y4,00W4,00w4,00j4,00i4,00V4,00v4,00u4,00y4,00z4,00x4,00k4,00X4,00U4,00U2,00X2,00x2,00k2,00j2,00i2,00V2,00v2,00u2]
gb-trace iteration=62 subcycle id=C3 vertices=[00i1,00V1,00Z1,00z1,00y1,00u1,00v1]
gb-trace iteration=62 subcycle id=C4 vertices=[00j1,00w1,00W1,00Y1,00U1,00X1,00x1,00k1]
gb-trace iteration=62 subcycle id=C5 vertices=[00w2,00W2,00Y2,00Z2,00z2,00y2]
gb-trace iteration=62 subcycle id=C6 vertices=[00i5,00V5,00Z5,00z5,00x5,00X5,00k5,00j5,00W5,00w5,00y5,00u5,00v5]
gb-trace iteration=62 subcycle id=C7 vertices=[01i1,01V1,01Z1,01z1,01x1,01k1,01X1,01U1,01Y1,01W1,01j1,01w1,01y1,01u1,01v1]
gb-trace iteration=62 subcycle id=C8 vertices=[01i3,01k3,01X3,01x3,01z3,01Z3,01V3]
gb-trace iteration=62 subcycle id=C9 vertices=[10Z0,11z0,11U3,11Y3,11Z3,11V3,11i3,11v3,11u3,11y3,11z3,11x3,11X3,11k3,11j3,11W3,11w3,11X0,11k0,11i0,11u1,11V0,11Z0]
gb-trace iteration=62 subcycle id=C10 vertices=[10i3,10j3,10k3,10X3,10x3,10z3,10y3,10w3,10W3,10Y3,10Z3,10V3,10v3]
gb-trace iteration=62 subcycle id=C11 vertices=[10i5,10j5,10w5,10W5,10Y5,10Z5,10V5,10v5]
gb-trace iteration=62 subcycle id=C12 vertices=[11i1,11j1,11k1,11x1,11X1,11U1,11Y1,11W1,11w1,11y1,11z1,11Z1,11V1,11v1]
gb-trace iteration=62 merge C1 + C3 = C13
gb-trace iteration=62 merge C11 + C2 = C14
gb-trace iteration=62 merge C10 + C14 = C15
gb-trace iteration=62 merge C9 + C12 = C16
gb-trace iteration=62 merge C8 + C13 = C17
gb-trace iteration=62 merge C7 + C17 = C18
gb-trace iteration=62 merge C6 + C15 = C19
gb-trace iteration=62 resulting id=C5 vertices=[00w2,00W2,00Y2,00Z2,00z2,00y2]
gb-trace iteration=62 resulting id=C16 vertices=[10Z0,11z0,11U3,11Y3,11Z3,11V3,11i3,11v3,11u3,11y3,11z3,11x3,11X3,11k3,11j3,11W3,11w3,11X0,11k0,11i0,11u1,11y1,11w1,11W1,11Y1,11U1,11X1,11x1,11k1,11j1,11i1,11v1,11V1,11Z1,11z1,11V0,11Z0]
gb-trace iteration=62 resulting id=C18 vertices=[01i1,01V1,01Z1,01z1,01x1,01k1,01X1,01U1,01Y1,01W1,01j1,01w1,01y1,01V0,01Z0,00Z0,00V0,00v1,00i1,00V1,00Z1,00z1,00y1,00u1,00i0,00k0,00u3,00y3,00z3,00x3,00X3,00k3,00i3,00j3,00W3,00w3,00X0,00v3,00V3,00Z3,00Y3,00U3,01U0,01W5,01w5,01j5,01k5,01X5,01x5,01z5,01y5,01u5,01v5,01i5,01V5,01Z5,01Y5,01U5,01W0,01j0,01u2,01v2,01i2,01V2,01Z2,01Y2,01W2,01j2,01w2,01y2,01z2,01x2,01k2,01X2,01U2,01U4,01X4,01k4,01x4,01z4,01y4,01w4,01j4,01W4,01Y4,01Z4,01V4,01i4,01v4,01u0,01u4,01z0,01U3,01Y3,01W3,01j3,01w3,01y3,01u3,01v3,01V3,01i3,01k3,01X3,01x3,01z3,01Z3,01X0,01k0,01i0,01u1,01v1]
gb-trace iteration=62 resulting id=C4 vertices=[00j1,00w1,00W1,00Y1,00U1,00X1,00x1,00k1]
gb-trace iteration=62 resulting id=C19 vertices=[00i5,00V5,00U0,10U0,10V5,10Z5,10Y5,10W5,10w5,10j5,10i5,10v5,10u5,10y5,10z5,10x5,10k5,10X5,10U5,10W0,10u2,10v2,10i2,10V2,10Z2,10Y2,10W2,10j2,10w2,10y2,10z2,10x2,10k2,10X2,10U2,10U4,10X4,10k4,10x4,10z4,10y4,10w4,10j4,10W4,10Y4,10Z4,10V4,10i4,10v4,10u4,11u0,11u4,11v4,11i4,11V4,11Z4,11Y4,11W4,11j4,11w4,11y4,11z4,11x4,11k4,11X4,11U4,11U2,11X2,11k2,11x2,11z2,11y2,11w2,11j2,11W2,11Y2,11Z2,11V2,11i2,11v2,11u2,11j0,11W0,11U5,11X5,11k5,11j5,11w5,11W5,11Y5,11Z5,11V5,11i5,11v5,11u5,11y5,11z5,11x5,11U0,10U3,10X3,10k3,10j3,10i3,10v3,10V3,10Z3,10Y3,10W3,10w3,10y3,10z3,10x3,10X0,10u3,10k0,10j0,10i0,10u1,10V0,10Y1,10W1,10j1,10w1,10y1,10z1,10Z1,10V1,10v1,10i1,10k1,10x1,10X1,10U1,10u0,00u0,00Z4,00Y4,00W4,00w4,00j4,00i4,00V4,00v4,00u4,00y4,00z4,00x4,00k4,00X4,00U4,00U2,00X2,00x2,00k2,00j2,00i2,00V2,00v2,00u2,00j0,00W0,00U5,00Y5,00Z5,00z5,00x5,00X5,00k5,00j5,00W5,00w5,00y5,00u5,00v5]
cut arcs by clause length (length:number) = {8: 2, 12: 4, 16: 2, 26: 2}
number of added block clauses (this increment) = 10
number of added block clauses (accumulated) = 1128
add block clauses time = 426.023us
increment time = 1.123222ms

CEGAR iteration...
cegar iteration = 63
sat solving time = 146.006us
number of subcycles found = 12
cycle lengths before merge (length:number) = {6: 1, 7: 1, 8: 2, 9: 1, 13: 2, 14: 1, 15: 1, 24: 1, 83: 1, 138: 1}
merge operation: 83 + 6 = 89
merge operation: 8 + 138 = 146
merge operation: 13 + 146 = 159
merge operation: 24 + 14 = 38
merge operation: 7 + 89 = 96
merge operation: 15 + 96 = 111
merge operation: 13 + 159 = 172
number of merge operations = 7
number of resulting cycles = 5
cycle lengths after merge (length:number) = {8: 1, 9: 1, 38: 1, 111: 1, 172: 1}
gb-trace iteration=63 subcycle id=C1 vertices=[00i0,00V0,00Z0,01Z0,01V0,01i0,01k0,01X0,01v3,01u3,01y3,01w3,01j3,01W3,01Y3,01U3,01z0,01u4,01u0,01v4,01i4,01V4,01Z4,01Y4,01W4,01j4,01w4,01y4,01z4,01x4,01k4,01X4,01U4,01U2,01X2,01k2,01x2,01z2,01y2,01w2,01j2,01W2,01Y2,01Z2,01V2,01i2,01v2,01u2,01j0,01W0,01U5,01Y5,01Z5,01V5,01i5,01v5,01u5,01y5,01z5,01x5,01X5,01k5,01j5,01w5,01W5,01U0,00U3,00Y3,00Z3,00V3,00v3,00X0,00w3,00W3,00j3,00i3,00k3,00X3,00x3,00z3,00y3,00u3,00k0]
gb-trace iteration=63 subcycle id=C2 vertices=[00j0,00W0,00U5,00Y5,00U0,10U0,10u5,10y5,10z5,10x5,10k5,10X5,10U5,10W0,10u2,10v2,10i2,10V2,10Z2,10Y2,10W2,10j2,10w2,10y2,10z2,10x2,10k2,10X2,10U2,10U4,10X4,10k4,10x4,10z4,10y4,10w4,10j4,10W4,10Y4,10Z4,10V4,10i4,10v4,10u4,11u0,11u4,11v4,11i4,11V4,11Z4,11Y4,11W4,11j4,11w4,11y4,11z4,11x4,11k4,11X4,11U4,11U2,11X2,11k2,11x2,11z2,11y2,11w2,11j2,11W2,11Y2,11Z2,11V2,11i2,11v2,11u2,11W0,11U5,11X5,11k5,11j5,11w5,11W5,11Y5,11Z5,11V5,11i5,11v5,11u5,11y5,11z5,11x5,11U0,10U3,10X0,10u3,10k0,10j0,10i0,10u1,10V0,10Y1,10W1,10j1,10w1,10y1,10z1,10Z1,10V1,10v1,10i1,10k1,10x1,10X1,10U1,10u0,00u0,00Z4,00Y4,00W4,00w4,00j4,00i4,00V4,00v4,00u4,00y4,00z4,00x4,00k4,00X4,00U4,00U2,00X2,00k2,00x2,00z2,00y2,00u2]
gb-trace iteration=63 subcycle id=C3 vertices=[00i1,00j1,00w1,00W1,00Y1,00U1,00X1,00x1,00k1]
gb-trace iteration=63 subcycle id=C4 vertices=[00u1,00v1,00V1,00Z1,00z1,00y1]
gb-trace iteration=63 subcycle id=C5 vertices=[00i2,00j2,00w2,00W2,00Y2,00Z2,00V2,00v2]
gb-trace iteration=63 subcycle id=C6 vertices=[00i5,00V5,00Z5,00z5,00x5,00X5,00k5,00j5,00W5,00w5,00y5,00u5,00v5]
gb-trace iteration=63 subcycle id=C7 vertices=[01i1,01V1,01Z1,01z1,01x1,01k1,01X1,01U1,01Y1,01W1,01j1,01w1,01y1,01u1,01v1]
gb-trace iteration=63 subcycle id=C8 vertices=[01i3,01k3,01X3,01x3,01z3,01Z3,01V3]
gb-trace iteration=63 subcycle id=C9 vertices=[10Z0,11z0,11U3,11Y3,11Z3,11V3,11i3,11v3,11u3,11y3,11z3,11x3,11X3,11k3,11j3,11W3,11w3,11X0,11k0,11j0,11i0,11u1,11V0,11Z0]
gb-trace iteration=63 subcycle id=C10 vertices=[10i3,10j3,10k3,10X3,10x3,10z3,10y3,10w3,10W3,10Y3,10Z3,10V3,10v3]
gb-trace iteration=63 subcycle id=C11 vertices=[10i5,10j5,10w5,10W5,10Y5,10Z5,10V5,10v5]
gb-trace iteration=63 subcycle id=C12 vertices=[11i1,11j1,11k1,11x1,11X1,11U1,11Y1,11W1,11w1,11y1,11z1,11Z1,11V1,11v1]
gb-trace iteration=63 merge C1 + C4 = C13
gb-trace iteration=63 merge C11 + C2 = C14
gb-trace iteration=63 merge C10 + C14 = C15
gb-trace iteration=63 merge C9 + C12 = C16
gb-trace iteration=63 merge C8 + C13 = C17
gb-trace iteration=63 merge C7 + C17 = C18
gb-trace iteration=63 merge C6 + C15 = C19
gb-trace iteration=63 resulting id=C5 vertices=[00i2,00j2,00w2,00W2,00Y2,00Z2,00V2,00v2]
gb-trace iteration=63 resulting id=C16 vertices=[10Z0,11z0,11U3,11Y3,11Z3,11V3,11i3,11v3,11u3,11y3,11z3,11x3,11X3,11k3,11j3,11W3,11w3,11X0,11k0,11j0,11i0,11u1,11y1,11w1,11W1,11Y1,11U1,11X1,11x1,11k1,11j1,11i1,11v1,11V1,11Z1,11z1,11V0,11Z0]
gb-trace iteration=63 resulting id=C3 vertices=[00i1,00j1,00w1,00W1,00Y1,00U1,00X1,00x1,00k1]
gb-trace iteration=63 resulting id=C18 vertices=[01i1,01V1,01Z1,01z1,01x1,01k1,01X1,01U1,01Y1,01W1,01j1,01w1,01y1,01V0,01Z0,00Z0,00V0,00v1,00V1,00Z1,00z1,00y1,00u1,00i0,00k0,00u3,00y3,00z3,00x3,00X3,00k3,00i3,00j3,00W3,00w3,00X0,00v3,00V3,00Z3,00Y3,00U3,01U0,01W5,01w5,01j5,01k5,01X5,01x5,01z5,01y5,01u5,01v5,01i5,01V5,01Z5,01Y5,01U5,01W0,01j0,01u2,01v2,01i2,01V2,01Z2,01Y2,01W2,01j2,01w2,01y2,01z2,01x2,01k2,01X2,01U2,01U4,01X4,01k4,01x4,01z4,01y4,01w4,01j4,01W4,01Y4,01Z4,01V4,01i4,01v4,01u0,01u4,01z0,01U3,01Y3,01W3,01j3,01w3,01y3,01u3,01v3,01V3,01i3,01k3,01X3,01x3,01z3,01Z3,01X0,01k0,01i0,01u1,01v1]
gb-trace iteration=63 resulting id=C19 vertices=[00i5,00V5,00U0,10U0,10V5,10Z5,10Y5,10W5,10w5,10j5,10i5,10v5,10u5,10y5,10z5,10x5,10k5,10X5,10U5,10W0,10u2,10v2,10i2,10V2,10Z2,10Y2,10W2,10j2,10w2,10y2,10z2,10x2,10k2,10X2,10U2,10U4,10X4,10k4,10x4,10z4,10y4,10w4,10j4,10W4,10Y4,10Z4,10V4,10i4,10v4,10u4,11u0,11u4,11v4,11i4,11V4,11Z4,11Y4,11W4,11j4,11w4,11y4,11z4,11x4,11k4,11X4,11U4,11U2,11X2,11k2,11x2,11z2,11y2,11w2,11j2,11W2,11Y2,11Z2,11V2,11i2,11v2,11u2,11W0,11U5,11X5,11k5,11j5,11w5,11W5,11Y5,11Z5,11V5,11i5,11v5,11u5,11y5,11z5,11x5,11U0,10U3,10X3,10k3,10j3,10i3,10v3,10V3,10Z3,10Y3,10W3,10w3,10y3,10z3,10x3,10X0,10u3,10k0,10j0,10i0,10u1,10V0,10Y1,10W1,10j1,10w1,10y1,10z1,10Z1,10V1,10v1,10i1,10k1,10x1,10X1,10U1,10u0,00u0,00Z4,00Y4,00W4,00w4,00j4,00i4,00V4,00v4,00u4,00y4,00z4,00x4,00k4,00X4,00U4,00U2,00X2,00k2,00x2,00z2,00y2,00u2,00j0,00W0,00U5,00Y5,00Z5,00z5,00x5,00X5,00k5,00j5,00W5,00w5,00y5,00u5,00v5]
cut arcs by clause length (length:number) = {8: 2, 12: 4, 16: 2, 26: 2}
number of added block clauses (this increment) = 10
number of added block clauses (accumulated) = 1138
add block clauses time = 419.982us
increment time = 565.988us

CEGAR iteration...
cegar iteration = 64
sat solving time = 257.292us
number of subcycles found = 12
cycle lengths before merge (length:number) = {7: 2, 8: 2, 13: 1, 14: 2, 15: 2, 59: 1, 83: 1, 95: 1}
merge operation: 83 + 15 = 98
merge operation: 8 + 95 = 103
merge operation: 14 + 103 = 117
merge operation: 59 + 13 = 72
merge operation: 14 + 72 = 86
merge operation: 98 + 15 = 113
merge operation: 7 + 113 = 120
merge operation: 7 + 117 = 124
number of merge operations = 8
number of resulting cycles = 4
cycle lengths after merge (length:number) = {8: 1, 86: 1, 120: 1, 124: 1}
gb-trace iteration=64 subcycle id=C1 vertices=[00i0,00V0,00Z0,01Z0,01V0,01i0,01k0,01X0,01v3,01u3,01y3,01w3,01j3,01W3,01Y3,01U3,01z0,01u4,01u0,01v4,01i4,01V4,01Z4,01Y4,01W4,01j4,01w4,01y4,01z4,01x4,01k4,01X4,01U4,01U2,01X2,01k2,01x2,01z2,01y2,01w2,01j2,01W2,01Y2,01Z2,01V2,01i2,01v2,01u2,01j0,01W0,01U5,01Y5,01Z5,01V5,01i5,01v5,01u5,01y5,01z5,01x5,01X5,01k5,01j5,01w5,01W5,01U0,00U3,00Y3,00Z3,00V3,00v3,00X0,00w3,00W3,00j3,00i3,00k3,00X3,00x3,00z3,00y3,00u3,00k0]
gb-trace iteration=64 subcycle id=C2 vertices=[00j0,00W0,00U5,00Y5,00U0,10U0,10X0,10u3,10k0,10j0,10i0,10u1,10V0,10Y1,10W1,10j1,10w1,10y1,10z1,10Z1,10V1,10v1,10i1,10k1,10x1,10X1,10U1,10u0,00u0,00Z4,00Y4,00W4,00w4,00j4,00i4,00V4,00v4,00u4,00y4,00z4,00x4,00k4,00X4,00U4,00U2,00X2,00k2,00x2,00z2,00y2,00w2,00j2,00W2,00Y2,00Z2,00V2,00i2,00v2,00u2]
gb-trace iteration=64 subcycle id=C3 vertices=[00i1,00v1,00u1,00y1,00w1,00j1,00W1,00Y1,00U1,00X1,00k1,00x1,00z1,00Z1,00V1]
gb-trace iteration=64 subcycle id=C4 vertices=[00i5,00V5,00Z5,00z5,00x5,00X5,00k5,00j5,00W5,00w5,00y5,00u5,00v5]
gb-trace iteration=64 subcycle id=C5 vertices=[01i1,01V1,01Z1,01z1,01x1,01k1,01X1,01U1,01Y1,01W1,01j1,01w1,01y1,01u1,01v1]
gb-trace iteration=64 subcycle id=C6 vertices=[01i3,01k3,01X3,01x3,01z3,01Z3,01V3]
gb-trace iteration=64 subcycle id=C7 vertices=[10W0,10u2,10v2,10i2,10V2,10Z2,10Y2,10W2,10j2,10w2,10y2,10z2,10x2,10k2,10X2,10U2,10U4,10X4,10k4,10x4,10z4,10y4,10w4,10j4,10W4,10Y4,10Z4,10V4,10i4,10v4,10u4,11u0,11u4,11v4,11i4,11V4,11Z4,11Y4,11W4,11j4,11w4,11y4,11z4,11x4,11k4,11X4,11U4,11U2,11X2,11k2,11x2,11z2,11y2,11w2,11j2,11W2,11Y2,11Z2,11V2,11i2,11v2,11u2,11j0,11W0,11U5,11X5,11k5,11j5,11w5,11W5,11Y5,11Z5,11V5,11i5,11v5,11u5,11y5,11z5,11x5,11U0,11X0,11k0,11i0,11u1,11V0,11Z0,11z0,10Z0,10u5,10y5,10z5,10x5,10k5,10X5,10U5]
gb-trace iteration=64 subcycle id=C8 vertices=[10i3,10v3,10V3,10Z3,10Y3,10U3,10X3,10x3,10z3,10y3,10w3,10W3,10j3,10k3]
gb-trace iteration=64 subcycle id=C9 vertices=[10i5,10j5,10w5,10W5,10Y5,10Z5,10V5,10v5]
gb-trace iteration=64 subcycle id=C10 vertices=[11i1,11j1,11k1,11x1,11X1,11U1,11Y1,11W1,11w1,11y1,11z1,11Z1,11V1,11v1]
gb-trace iteration=64 subcycle id=C11 vertices=[11i3,11j3,11W3,11w3,11y3,11u3,11v3,11V3]
gb-trace iteration=64 subcycle id=C12 vertices=[11k3,11X3,11U3,11Y3,11Z3,11z3,11x3]
gb-trace iteration=64 merge C1 + C3 = C13
gb-trace iteration=64 merge C11 + C7 = C14
gb-trace iteration=64 merge C10 + C14 = C15
gb-trace iteration=64 merge C2 + C4 = C16
gb-trace iteration=64 merge C8 + C16 = C17
gb-trace iteration=64 merge C13 + C5 = C18
gb-trace iteration=64 merge C6 + C18 = C19
gb-trace iteration=64 merge C12 + C15 = C20
gb-trace iteration=64 resulting id=C9 vertices=[10i5,10j5,10w5,10W5,10Y5,10Z5,10V5,10v5]
gb-trace iteration=64 resulting id=C17 vertices=[10i3,10v3,10u3,10k0,10j0,10i0,10u1,10V0,10Y1,10W1,10j1,10w1,10y1,10z1,10Z1,10V1,10v1,10i1,10k1,10x1,10X1,10U1,10u0,00u0,00Z4,00Y4,00W4,00w4,00j4,00i4,00V4,00v4,00u4,00y4,00z4,00x4,00k4,00X4,00U4,00U2,00X2,00k2,00x2,00z2,00y2,00w2,00j2,00W2,00Y2,00Z2,00V2,00i2,00v2,00u2,00j0,00W0,00U5,00Y5,00Z5,00V5,00i5,00v5,00u5,00y5,00w5,00W5,00j5,00k5,00X5,00x5,00z5,00U0,10U0,10X0,10V3,10Z3,10Y3,10U3,10X3,10x3,10z3,10y3,10w3,10W3,10j3,10k3]
gb-trace iteration=64 resulting id=C19 vertices=[01i3,01k3,01X3,01x3,01z3,01Z3,01X0,01k0,01i0,01u1,01v1,01i1,01V1,01Z1,01z1,01x1,01k1,01X1,01U1,01Y1,01W1,01j1,01w1,01y1,01V0,01Z0,00Z0,00V0,00y1,00w1,00j1,00W1,00Y1,00U1,00X1,00k1,00x1,00z1,00Z1,00V1,00i1,00v1,00u1,00i0,00k0,00u3,00y3,00z3,00x3,00X3,00k3,00i3,00j3,00W3,00w3,00X0,00v3,00V3,00Z3,00Y3,00U3,01U0,01W5,01w5,01j5,01k5,01X5,01x5,01z5,01y5,01u5,01v5,01i5,01V5,01Z5,01Y5,01U5,01W0,01j0,01u2,01v2,01i2,01V2,01Z2,01Y2,01W2,01j2,01w2,01y2,01z2,01x2,01k2,01X2,01U2,01U4,01X4,01k4,01x4,01z4,01y4,01w4,01j4,01W4,01Y4,01Z4,01V4,01i4,01v4,01u0,01u4,01z0,01U3,01Y3,01W3,01j3,01w3,01y3,01u3,01v3,01V3]
gb-trace iteration=64 resulting id=C20 vertices=[11k3,11X3,11U3,11Y3,11Z3,11X0,11U0,11x5,11z5,11y5,11u5,11v5,11i5,11V5,11Z5,11Y5,11W5,11w5,11j5,11k5,11X5,11U5,11W0,11j0,11u2,11v2,11i2,11V2,11Z2,11Y2,11W2,11j2,11w2,11y2,11z2,11x2,11k2,11X2,11U2,11U4,11X4,11k4,11x4,11z4,11y4,11w4,11j4,11W4,11Y4,11Z4,11V4,11i4,11v4,11u4,11u0,10u4,10v4,10i4,10V4,10Z4,10Y4,10W4,10j4,10w4,10y4,10z4,10x4,10k4,10X4,10U4,10U2,10X2,10k2,10x2,10z2,10y2,10w2,10j2,10W2,10Y2,10Z2,10V2,10i2,10v2,10u2,10W0,10U5,10X5,10k5,10x5,10z5,10y5,10u5,10Z0,11z0,11Z0,11V0,11w1,11W1,11Y1,11U1,11X1,11x1,11k1,11j1,11i1,11v1,11V1,11Z1,11z1,11y1,11u1,11i0,11k0,11u3,11v3,11V3,11i3,11j3,11W3,11w3,11y3,11z3,11x3]
cut arcs by clause length (length:number) = {6: 2, 12: 2, 28: 2, 34: 2}
number of added block clauses (this increment) = 8
number of added block clauses (accumulated) = 1146
add block clauses time = 449.148us
increment time = 706.440us

CEGAR iteration...
cegar iteration = 65
sat solving time = 565.212us
number of subcycles found = 12
cycle lengths before merge (length:number) = {7: 2, 8: 2, 9: 1, 13: 2, 14: 2, 58: 1, 93: 1, 94: 1}
merge operation: 93 + 8 = 101
merge operation: 8 + 94 = 102
merge operation: 14 + 102 = 116
merge operation: 58 + 13 = 71
merge operation: 14 + 71 = 85
merge operation: 101 + 7 = 108
merge operation: 13 + 108 = 121
merge operation: 7 + 116 = 123
number of merge operations = 8
number of resulting cycles = 4
cycle lengths after merge (length:number) = {9: 1, 85: 1, 121: 1, 123: 1}
gb-trace iteration=65 subcycle id=C1 vertices=[00i0,00u1,00y1,00w1,00j1,00W1,00Y1,00U1,00X1,00k1,00x1,00z1,00Z1,00V1,00i1,00v1,00V0,00Z0,01z0,01U3,01X3,01k3,01x3,01z3,01y3,01w3,01j3,01W3,01Y3,01Z3,01V3,01i3,01v3,01u3,01X0,01k0,01i0,01j0,01W0,01X2,01k2,01x2,01z2,01Z2,01V2,01i2,01v2,01u2,01y2,01w2,01j2,01W2,01Y2,01U2,01U4,01Y4,01W4,01w4,01j4,01k4,01X4,01x4,01z4,01Z4,01V4,01i4,01v4,01u4,01y4,01u0,01U1,01Y1,01W1,01j1,01w1,01y1,01u1,01v1,01V0,01Z0,01u5,01v5,01U0,00U3,00Y3,00Z3,00z3,00x3,00k3,00X3,00X0,00k0,00j0]
gb-trace iteration=65 subcycle id=C2 vertices=[00u0,00V4,00v4,00u4,00y4,00z4,00Z4,00Y4,00W4,00w4,00j4,00i4,00k4,00x4,00X4,00U4,00U2,00X2,00k2,00x2,00z2,00y2,00w2,00j2,00W2,00Y2,00Z2,00V2,00i2,00v2,00u2,00W0,00U5,00Y5,00U0,10U0,10X0,10u3,10k0,10j0,10i0,10u1,10V0,10Y1,10W1,10j1,10w1,10y1,10z1,10Z1,10V1,10v1,10i1,10k1,10x1,10X1,10U1,10u0]
gb-trace iteration=65 subcycle id=C3 vertices=[00i3,00V3,00v3,00u3,00y3,00w3,00W3,00j3]
gb-trace iteration=65 subcycle id=C4 vertices=[00i5,00V5,00Z5,00z5,00x5,00X5,00k5,00j5,00W5,00w5,00y5,00u5,00v5]
gb-trace iteration=65 subcycle id=C5 vertices=[01i1,01V1,01Z1,01z1,01x1,01X1,01k1]
gb-trace iteration=65 subcycle id=C6 vertices=[01i5,01j5,01k5,01x5,01X5,01U5,01Y5,01W5,01w5,01y5,01z5,01Z5,01V5]
gb-trace iteration=65 subcycle id=C7 vertices=[10W0,10u2,10v2,10i2,10V2,10Z2,10Y2,10W2,10j2,10w2,10y2,10z2,10x2,10k2,10X2,10U2,10U4,10X4,10k4,10x4,10z4,10y4,10w4,10j4,10W4,10Y4,10Z4,10V4,10i4,10v4,10u4,11u0,11u4,11v4,11i4,11V4,11Z4,11Y4,11W4,11j4,11w4,11y4,11z4,11x4,11k4,11X4,11U4,11U2,11X2,11k2,11x2,11z2,11y2,11w2,11j2,11W2,11Y2,11Z2,11V2,11i2,11v2,11u2,11j0,11W0,11U5,11X5,11k5,11j5,11w5,11W5,11Y5,11Z5,11V5,11i5,11v5,11u5,11y5,11z5,11x5,11U0,11X0,11k0,11i0,11u1,11V0,11Z0,11z0,10Z0,10u5,10y5,10z5,10x5,10X5,10U5]
gb-trace iteration=65 subcycle id=C8 vertices=[10i3,10v3,10V3,10Z3,10Y3,10U3,10X3,10x3,10z3,10y3,10w3,10W3,10j3,10k3]
gb-trace iteration=65 subcycle id=C9 vertices=[10i5,10k5,10j5,10w5,10W5,10Y5,10Z5,10V5,10v5]
gb-trace iteration=65 subcycle id=C10 vertices=[11i1,11j1,11k1,11x1,11X1,11U1,11Y1,11W1,11w1,11y1,11z1,11Z1,11V1,11v1]
gb-trace iteration=65 subcycle id=C11 vertices=[11i3,11j3,11W3,11w3,11y3,11u3,11v3,11V3]
gb-trace iteration=65 subcycle id=C12 vertices=[11k3,11X3,11U3,11Y3,11Z3,11z3,11x3]
gb-trace iteration=65 merge C1 + C3 = C13
gb-trace iteration=65 merge C11 + C7 = C14
gb-trace iteration=65 merge C10 + C14 = C15
gb-trace iteration=65 merge C2 + C4 = C16
gb-trace iteration=65 merge C8 + C16 = C17
gb-trace iteration=65 merge C13 + C5 = C18
gb-trace iteration=65 merge C6 + C18 = C19
gb-trace iteration=65 merge C12 + C15 = C20
gb-trace iteration=65 resulting id=C9 vertices=[10i5,10k5,10j5,10w5,10W5,10Y5,10Z5,10V5,10v5]
gb-trace iteration=65 resulting id=C17 vertices=[10i3,10v3,10u3,10k0,10j0,10i0,10u1,10V0,10Y1,10W1,10j1,10w1,10y1,10z1,10Z1,10V1,10v1,10i1,10k1,10x1,10X1,10U1,10u0,00u0,00V4,00v4,00u4,00y4,00z4,00Z4,00Y4,00W4,00w4,00j4,00i4,00k4,00x4,00X4,00U4,00U2,00X2,00k2,00x2,00z2,00y2,00w2,00j2,00W2,00Y2,00Z2,00V2,00i2,00v2,00u2,00W0,00U5,00Y5,00Z5,00V5,00i5,00v5,00u5,00y5,00w5,00W5,00j5,00k5,00X5,00x5,00z5,00U0,10U0,10X0,10V3,10Z3,10Y3,10U3,10X3,10x3,10z3,10y3,10w3,10W3,10j3,10k3]
gb-trace iteration=65 resulting id=C19 vertices=[01i5,01j5,01k5,01x5,01X5,01U5,01Y5,01W5,01w5,01y5,01z5,01Z5,01U0,00U3,00Y3,00Z3,00z3,00x3,00k3,00X3,00X0,00v3,00V3,00i3,00j3,00W3,00w3,00y3,00u3,00k0,00j0,00i0,00u1,00y1,00w1,00j1,00W1,00Y1,00U1,00X1,00k1,00x1,00z1,00Z1,00V1,00i1,00v1,00V0,00Z0,01z0,01U3,01X3,01k3,01x3,01z3,01y3,01w3,01j3,01W3,01Y3,01Z3,01V3,01i3,01v3,01u3,01X0,01k0,01i0,01j0,01W0,01X2,01k2,01x2,01z2,01Z2,01V2,01i2,01v2,01u2,01y2,01w2,01j2,01W2,01Y2,01U2,01U4,01Y4,01W4,01w4,01j4,01k4,01X4,01x4,01z4,01Z4,01V4,01i4,01v4,01u4,01y4,01u0,01U1,01Y1,01W1,01j1,01w1,01y1,01u1,01v1,01i1,01k1,01X1,01x1,01z1,01Z1,01V1,01V0,01Z0,01u5,01v5,01V5]
gb-trace iteration=65 resulting id=C20 vertices=[11k3,11X3,11U3,11Y3,11Z3,11X0,11U0,11x5,11z5,11y5,11u5,11v5,11i5,11V5,11Z5,11Y5,11W5,11w5,11j5,11k5,11X5,11U5,11W0,11j0,11u2,11v2,11i2,11V2,11Z2,11Y2,11W2,11j2,11w2,11y2,11z2,11x2,11k2,11X2,11U2,11U4,11X4,11k4,11x4,11z4,11y4,11w4,11j4,11W4,11Y4,11Z4,11V4,11i4,11v4,11u4,11u0,10u4,10v4,10i4,10V4,10Z4,10Y4,10W4,10j4,10w4,10y4,10z4,10x4,10k4,10X4,10U4,10U2,10X2,10k2,10x2,10z2,10y2,10w2,10j2,10W2,10Y2,10Z2,10V2,10i2,10v2,10u2,10W0,10U5,10X5,10x5,10z5,10y5,10u5,10Z0,11z0,11Z0,11V0,11w1,11W1,11Y1,11U1,11X1,11x1,11k1,11j1,11i1,11v1,11V1,11Z1,11z1,11y1,11u1,11i0,11k0,11u3,11v3,11V3,11i3,11j3,11W3,11w3,11y3,11z3,11x3]
cut arcs by clause length (length:number) = {6: 2, 12: 2, 28: 2, 34: 2}
number of added block clauses (this increment) = 8
number of added block clauses (accumulated) = 1154
add block clauses time = 451.837us
increment time = 1.017049ms

CEGAR iteration...
cegar iteration = 66
sat solving time = 704.700us
number of subcycles found = 14
cycle lengths before merge (length:number) = {3: 1, 6: 1, 7: 1, 8: 3, 10: 1, 12: 1, 13: 1, 14: 1, 15: 1, 49: 1, 87: 1, 98: 1}
merge operation: 87 + 10 = 97
merge operation: 8 + 98 = 106
merge operation: 14 + 106 = 120
merge operation: 7 + 120 = 127
merge operation: 12 + 97 = 109
merge operation: 13 + 109 = 122
merge operation: 8 + 122 = 130
merge operation: 8 + 130 = 138
merge operation: 15 + 138 = 153
number of merge operations = 9
number of resulting cycles = 5
cycle lengths after merge (length:number) = {3: 1, 6: 1, 49: 1, 127: 1, 153: 1}
gb-trace iteration=66 subcycle id=C1 vertices=[00i0,00u1,00y1,00w1,00W1,00Y1,00U1,00u0,10u0,10U1,10X1,10k1,10x1,10z1,10y1,10u1,10V0,10i0,10k0,10X0,10U0,00U0,00Z5,00z5,00x5,00X5,00k5,00j5,00i5,00V5,00v5,00u5,00y5,00w5,00W5,00Y5,00U5,00W0,00Y2,00U2,00U4,00X4,00k4,00x4,00z4,00y4,00w4,00j4,00W4,00Y4,00Z4,00V4,00i4,00v4,00u4,01u0,01U1,01X1,01V0,01Y1,01W1,01w1,01y1,01u1,01i0,01j0,01k0,01X0,01U0,00U3,00Y3,00Z3,00z3,00x3,00k3,00X3,00X0,00y3,00w3,00W3,00j3,00i3,00V3,00v3,00u3,00k0,00j0]
gb-trace iteration=66 subcycle id=C2 vertices=[00V0,00v1,00i1,00j1,00k1,00X1,00x1,00z1,00Z1,00V1]
gb-trace iteration=66 subcycle id=C3 vertices=[00Z0,01z0,01u4,01v4,01i4,01V4,01Z4,01Y4,01W4,01j4,01w4,01y4,01z4,01x4,01k4,01X4,01U4,01U2,01X2,01k2,01x2,01z2,01Z2,01V2,01i2,01v2,01u2,01y2,01w2,01j2,01W2,01Y2,01W0,01U5,01X5,01k5,01x5,01z5,01y5,01w5,01j5,01W5,01Y5,01Z5,01V5,01i5,01v5,01u5,01Z0]
gb-trace iteration=66 subcycle id=C4 vertices=[00i2,00v2,00u2,00y2,00w2,00W2,00j2,00k2,00X2,00x2,00z2,00Z2,00V2]
gb-trace iteration=66 subcycle id=C5 vertices=[01i1,01v1,01V1,01Z1,01z1,01x1,01k1,01j1]
gb-trace iteration=66 subcycle id=C6 vertices=[01i3,01v3,01u3,01y3,01w3,01j3,01W3,01Y3,01U3,01X3,01k3,01x3,01z3,01Z3,01V3]
gb-trace iteration=66 subcycle id=C7 vertices=[10j0,10u2,10v2,10i2,10V2,10Z2,10Y2,10W2,10j2,10w2,10y2,10z2,10x2,10k2,10X2,10U2,10U4,10X4,10k4,10x4,10z4,10y4,10w4,10j4,10W4,10Y4,10Z4,10V4,10i4,10v4,10u4,11u0,11u4,11v4,11i4,11V4,11Z4,11Y4,11W4,11j4,11w4,11y4,11z4,11x4,11k4,11X4,11U4,11U2,11X2,11k2,11x2,11z2,11y2,11w2,11j2,11W2,11Y2,11Z2,11V2,11i2,11v2,11u2,11j0,11W0,11U5,11X5,11k5,11j5,11w5,11W5,11Y5,11Z5,11V5,11i5,11v5,11u5,11y5,11z5,11x5,11U0,11X0,11k0,11i0,11u1,11V0,11Z0,11z0,10Z0,10u5,10v5,10V5,10i5,10j5,10k5,10x5,10X5,10U5,10W0]
gb-trace iteration=66 subcycle id=C8 vertices=[10i1,10v1,10V1,10Z1,10Y1,10W1,10w1,10j1]
gb-trace iteration=66 subcycle id=C9 vertices=[10i3,10k3,10j3]
gb-trace iteration=66 subcycle id=C10 vertices=[10u3,10v3,10V3,10Z3,10z3,10x3,10X3,10U3,10Y3,10W3,10w3,10y3]
gb-trace iteration=66 subcycle id=C11 vertices=[10w5,10y5,10z5,10Z5,10Y5,10W5]
gb-trace iteration=66 subcycle id=C12 vertices=[11i1,11j1,11k1,11x1,11X1,11U1,11Y1,11W1,11w1,11y1,11z1,11Z1,11V1,11v1]
gb-trace iteration=66 subcycle id=C13 vertices=[11i3,11j3,11W3,11w3,11y3,11u3,11v3,11V3]
gb-trace iteration=66 subcycle id=C14 vertices=[11k3,11X3,11U3,11Y3,11Z3,11z3,11x3]
gb-trace iteration=66 merge C1 + C2 = C15
gb-trace iteration=66 merge C13 + C7 = C16
gb-trace iteration=66 merge C12 + C16 = C17
gb-trace iteration=66 merge C14 + C17 = C18
gb-trace iteration=66 merge C10 + C15 = C19
gb-trace iteration=66 merge C4 + C19 = C20
gb-trace iteration=66 merge C8 + C20 = C21
gb-trace iteration=66 merge C5 + C21 = C22
gb-trace iteration=66 merge C6 + C22 = C23
gb-trace iteration=66 resulting id=C11 vertices=[10w5,10y5,10z5,10Z5,10Y5,10W5]
gb-trace iteration=66 resulting id=C9 vertices=[10i3,10k3,10j3]
gb-trace iteration=66 resulting id=C3 vertices=[00Z0,01z0,01u4,01v4,01i4,01V4,01Z4,01Y4,01W4,01j4,01w4,01y4,01z4,01x4,01k4,01X4,01U4,01U2,01X2,01k2,01x2,01z2,01Z2,01V2,01i2,01v2,01u2,01y2,01w2,01j2,01W2,01Y2,01W0,01U5,01X5,01k5,01x5,01z5,01y5,01w5,01j5,01W5,01Y5,01Z5,01V5,01i5,01v5,01u5,01Z0]
gb-trace iteration=66 resulting id=C18 vertices=[11k3,11X3,11U3,11Y3,11Z3,11X0,11U0,11x5,11z5,11y5,11u5,11v5,11i5,11V5,11Z5,11Y5,11W5,11w5,11j5,11k5,11X5,11U5,11W0,11j0,11u2,11v2,11i2,11V2,11Z2,11Y2,11W2,11j2,11w2,11y2,11z2,11x2,11k2,11X2,11U2,11U4,11X4,11k4,11x4,11z4,11y4,11w4,11j4,11W4,11Y4,11Z4,11V4,11i4,11v4,11u4,11u0,10u4,10v4,10i4,10V4,10Z4,10Y4,10W4,10j4,10w4,10y4,10z4,10x4,10k4,10X4,10U4,10U2,10X2,10k2,10x2,10z2,10y2,10w2,10j2,10W2,10Y2,10Z2,10V2,10i2,10v2,10u2,10j0,10W0,10U5,10X5,10x5,10k5,10j5,10i5,10V5,10v5,10u5,10Z0,11z0,11Z0,11V0,11w1,11W1,11Y1,11U1,11X1,11x1,11k1,11j1,11i1,11v1,11V1,11Z1,11z1,11y1,11u1,11i0,11k0,11u3,11v3,11V3,11i3,11j3,11W3,11w3,11y3,11z3,11x3]
gb-trace iteration=66 resulting id=C23 vertices=[01i3,01v3,01X0,01U0,00U3,00Y3,00Z3,00z3,00x3,00k3,00X3,00X0,00y3,00w3,00W3,00j3,00i3,00V3,00v3,00u3,00k0,00j0,00i0,00V0,00V1,00Z1,00z1,00x1,00X1,00k1,00j1,00i1,00v1,00u1,00y1,00w1,00W1,00Y1,00U1,00u0,10u0,10U1,10X1,10k1,10x1,10z1,10y1,10u1,10v1,10i1,10j1,10w1,10W1,10Y1,10Z1,10V1,10V0,10i0,10k0,10u3,10y3,10w3,10W3,10Y3,10U3,10X3,10x3,10z3,10Z3,10V3,10v3,10X0,10U0,00U0,00Z5,00z5,00x5,00X5,00k5,00j5,00i5,00V5,00v5,00u5,00y5,00w5,00W5,00Y5,00U5,00W0,00w2,00y2,00u2,00v2,00i2,00V2,00Z2,00z2,00x2,00X2,00k2,00j2,00W2,00Y2,00U2,00U4,00X4,00k4,00x4,00z4,00y4,00w4,00j4,00W4,00Y4,00Z4,00V4,00i4,00v4,00u4,01u0,01U1,01X1,01V0,01V1,01v1,01i1,01j1,01k1,01x1,01z1,01Z1,01Y1,01W1,01w1,01y1,01u1,01i0,01j0,01k0,01u3,01y3,01w3,01j3,01W3,01Y3,01U3,01X3,01k3,01x3,01z3,01Z3,01V3]
cut arcs by clause length (length:number) = {6: 2, 12: 2, 28: 2, 30: 2, 64: 2}
number of added block clauses (this increment) = 10
number of added block clauses (accumulated) = 1164
add block clauses time = 486.522us
increment time = 1.191222ms

CEGAR iteration...
cegar iteration = 67
sat solving time = 748.359us
number of subcycles found = 12
cycle lengths before merge (length:number) = {7: 1, 8: 3, 10: 1, 13: 2, 14: 1, 15: 1, 50: 1, 88: 1, 104: 1}
merge operation: 88 + 10 = 98
merge operation: 8 + 104 = 112
merge operation: 14 + 112 = 126
merge operation: 13 + 98 = 111
merge operation: 8 + 111 = 119
merge operation: 126 + 7 = 133
merge operation: 15 + 119 = 134
merge operation: 8 + 134 = 142
merge operation: 13 + 142 = 155
number of merge operations = 9
number of resulting cycles = 3
cycle lengths after merge (length:number) = {50: 1, 133: 1, 155: 1}
gb-trace iteration=67 subcycle id=C1 vertices=[00i0,00u1,00y1,00w1,00W1,00Y1,00U1,00u0,10u0,10U1,10X1,10k1,10x1,10z1,10y1,10u1,10V0,10i0,10k0,10u3,10y3,10X0,10U0,00U0,00Z5,00z5,00x5,00X5,00k5,00j5,00i5,00V5,00v5,00u5,00y5,00w5,00W5,00Y5,00U5,00W0,00Y2,00U2,00U4,00X4,00k4,00x4,00z4,00y4,00w4,00j4,00W4,00Y4,00Z4,00V4,00i4,00v4,00u4,01u0,01U1,01X1,01V0,01Y1,01W1,01w1,01y1,01u1,01i0,01k0,01X0,01U0,00U3,00Y3,00Z3,00z3,00x3,00k3,00X3,00X0,00y3,00w3,00W3,00j3,00i3,00V3,00v3,00u3,00k0,00j0]
gb-trace iteration=67 subcycle id=C2 vertices=[00V0,00v1,00i1,00j1,00k1,00X1,00x1,00z1,00Z1,00V1]
gb-trace iteration=67 subcycle id=C3 vertices=[00Z0,01z0,01u4,01v4,01i4,01V4,01Z4,01Y4,01W4,01j4,01w4,01y4,01z4,01x4,01k4,01X4,01U4,01U2,01X2,01k2,01x2,01z2,01y2,01w2,01j2,01W2,01Y2,01Z2,01V2,01i2,01v2,01u2,01j0,01W0,01U5,01X5,01k5,01x5,01z5,01y5,01w5,01j5,01W5,01Y5,01Z5,01V5,01i5,01v5,01u5,01Z0]
gb-trace iteration=67 subcycle id=C4 vertices=[00i2,00v2,00u2,00y2,00w2,00W2,00j2,00k2,00X2,00x2,00z2,00Z2,00V2]
gb-trace iteration=67 subcycle id=C5 vertices=[01i1,01v1,01V1,01Z1,01z1,01x1,01k1,01j1]
gb-trace iteration=67 subcycle id=C6 vertices=[01i3,01v3,01u3,01y3,01w3,01j3,01W3,01Y3,01U3,01X3,01k3,01x3,01z3,01Z3,01V3]
gb-trace iteration=67 subcycle id=C7 vertices=[10j0,10u2,10v2,10i2,10V2,10Z2,10Y2,10W2,10j2,10w2,10y2,10z2,10x2,10k2,10X2,10U2,10U4,10X4,10k4,10x4,10z4,10y4,10w4,10j4,10W4,10Y4,10Z4,10V4,10i4,10v4,10u4,11u0,11u4,11v4,11i4,11V4,11Z4,11Y4,11W4,11j4,11w4,11y4,11z4,11x4,11k4,11X4,11U4,11U2,11X2,11k2,11x2,11z2,11y2,11w2,11j2,11W2,11Y2,11Z2,11V2,11i2,11v2,11u2,11j0,11W0,11U5,11X5,11k5,11j5,11w5,11W5,11Y5,11Z5,11V5,11i5,11v5,11u5,11y5,11z5,11x5,11U0,11X0,11k0,11i0,11u1,11V0,11Z0,11z0,10Z0,10u5,10v5,10i5,10V5,10Z5,10Y5,10W5,10j5,10w5,10y5,10z5,10x5,10k5,10X5,10U5,10W0]
gb-trace iteration=67 subcycle id=C8 vertices=[10i1,10v1,10V1,10Z1,10Y1,10W1,10w1,10j1]
gb-trace iteration=67 subcycle id=C9 vertices=[10i3,10v3,10V3,10Z3,10z3,10x3,10X3,10U3,10Y3,10W3,10w3,10j3,10k3]
gb-trace iteration=67 subcycle id=C10 vertices=[11i1,11j1,11k1,11x1,11X1,11U1,11Y1,11W1,11w1,11y1,11z1,11Z1,11V1,11v1]
gb-trace iteration=67 subcycle id=C11 vertices=[11i3,11j3,11W3,11w3,11y3,11u3,11v3,11V3]
gb-trace iteration=67 subcycle id=C12 vertices=[11k3,11X3,11U3,11Y3,11Z3,11z3,11x3]
gb-trace iteration=67 merge C1 + C2 = C13
gb-trace iteration=67 merge C11 + C7 = C14
gb-trace iteration=67 merge C10 + C14 = C15
gb-trace iteration=67 merge C9 + C13 = C16
gb-trace iteration=67 merge C8 + C16 = C17
gb-trace iteration=67 merge C15 + C12 = C18
gb-trace iteration=67 merge C6 + C17 = C19
gb-trace iteration=67 merge C5 + C19 = C20
gb-trace iteration=67 merge C4 + C20 = C21
gb-trace iteration=67 resulting id=C3 vertices=[00Z0,01z0,01u4,01v4,01i4,01V4,01Z4,01Y4,01W4,01j4,01w4,01y4,01z4,01x4,01k4,01X4,01U4,01U2,01X2,01k2,01x2,01z2,01y2,01w2,01j2,01W2,01Y2,01Z2,01V2,01i2,01v2,01u2,01j0,01W0,01U5,01X5,01k5,01x5,01z5,01y5,01w5,01j5,01W5,01Y5,01Z5,01V5,01i5,01v5,01u5,01Z0]
gb-trace iteration=67 resulting id=C18 vertices=[11i1,11j1,11k1,11x1,11X1,11U1,11Y1,11W1,11w1,11V0,11Z0,11z0,10Z0,10u5,10v5,10i5,10V5,10Z5,10Y5,10W5,10j5,10w5,10y5,10z5,10x5,10k5,10X5,10U5,10W0,10j0,10u2,10v2,10i2,10V2,10Z2,10Y2,10W2,10j2,10w2,10y2,10z2,10x2,10k2,10X2,10U2,10U4,10X4,10k4,10x4,10z4,10y4,10w4,10j4,10W4,10Y4,10Z4,10V4,10i4,10v4,10u4,11u0,11u4,11v4,11i4,11V4,11Z4,11Y4,11W4,11j4,11w4,11y4,11z4,11x4,11k4,11X4,11U4,11U2,11X2,11k2,11x2,11z2,11y2,11w2,11j2,11W2,11Y2,11Z2,11V2,11i2,11v2,11u2,11j0,11W0,11U5,11X5,11k5,11j5,11w5,11W5,11Y5,11Z5,11V5,11i5,11v5,11u5,11y5,11z5,11x5,11U0,11X0,11Z3,11Y3,11U3,11X3,11k3,11x3,11z3,11y3,11w3,11W3,11j3,11i3,11V3,11v3,11u3,11k0,11i0,11u1,11y1,11z1,11Z1,11V1,11v1]
gb-trace iteration=67 resulting id=C21 vertices=[00i2,00v2,00u2,00y2,00w2,00W0,00U5,00Y5,00W5,00w5,00y5,00u5,00v5,00V5,00i5,00j5,00k5,00X5,00x5,00z5,00Z5,00U0,10U0,10X0,10Z3,10V3,10v3,10i3,10k3,10j3,10w3,10W3,10Y3,10U3,10X3,10x3,10z3,10y3,10u3,10k0,10i0,10V0,10V1,10Z1,10Y1,10W1,10w1,10j1,10i1,10v1,10u1,10y1,10z1,10x1,10k1,10X1,10U1,10u0,00u0,00U1,00Y1,00W1,00w1,00y1,00u1,00v1,00i1,00j1,00k1,00X1,00x1,00z1,00Z1,00V1,00V0,00i0,00j0,00k0,00u3,00v3,00V3,00i3,00j3,00W3,00w3,00y3,00X0,00X3,00k3,00x3,00z3,00Z3,00Y3,00U3,01U0,01X0,01v3,01i3,01V3,01Z3,01z3,01x3,01k3,01X3,01U3,01Y3,01W3,01j3,01w3,01y3,01u3,01k0,01i0,01u1,01y1,01w1,01W1,01Y1,01Z1,01z1,01x1,01k1,01j1,01i1,01v1,01V1,01V0,01X1,01U1,01u0,00u4,00v4,00i4,00V4,00Z4,00Y4,00W4,00j4,00w4,00y4,00z4,00x4,00k4,00X4,00U4,00U2,00Y2,00W2,00j2,00k2,00X2,00x2,00z2,00Z2,00V2]
cut arcs by clause length (length:number) = {28: 2, 30: 2, 58: 2}
number of added block clauses (this increment) = 6
number of added block clauses (accumulated) = 1170
add block clauses time = 453.989us
increment time = 1.202348ms

CEGAR iteration...
cegar iteration = 68
sat solving time = 83.442us
number of subcycles found = 11
cycle lengths before merge (length:number) = {7: 1, 8: 2, 9: 1, 10: 1, 13: 2, 14: 1, 28: 1, 103: 1, 125: 1}
merge operation: 125 + 10 = 135
merge operation: 8 + 103 = 111
merge operation: 14 + 111 = 125
merge operation: 13 + 135 = 148
merge operation: 8 + 148 = 156
merge operation: 125 + 7 = 132
merge operation: 9 + 28 = 37
merge operation: 13 + 156 = 169
number of merge operations = 8
number of resulting cycles = 3
cycle lengths after merge (length:number) = {37: 1, 132: 1, 169: 1}
gb-trace iteration=68 subcycle id=C1 vertices=[00i0,00u1,00y1,00w1,00W1,00Y1,00U1,00u0,10u0,10U1,10X1,10k1,10x1,10z1,10y1,10u1,10V0,10i0,10j0,10k0,10u3,10y3,10X0,10U0,00U0,00Z5,00z5,00x5,00X5,00k5,00j5,00i5,00V5,00v5,00u5,00y5,00w5,00W5,00Y5,00U5,00W0,00Y2,00U2,00U4,00X4,00k4,00x4,00z4,00y4,00w4,00j4,00W4,00Y4,00Z4,00V4,00i4,00v4,00u4,01u0,01u4,01v4,01i4,01V4,01Z4,01Y4,01W4,01j4,01w4,01y4,01z4,01x4,01k4,01X4,01U4,01U2,01X2,01k2,01x2,01z2,01y2,01w2,01j2,01W2,01Y2,01Z2,01V2,01i2,01v2,01u2,01j0,01W0,01U5,01X5,01k5,01x5,01z5,01y5,01w5,01j5,01W5,01Y5,01Z5,01V5,01i5,01v5,01u5,01U0,00U3,00Y3,00Z3,00z3,00x3,00k3,00X3,00X0,00y3,00w3,00W3,00j3,00i3,00V3,00v3,00u3,00k0,00j0]
gb-trace iteration=68 subcycle id=C2 vertices=[00V0,00v1,00i1,00j1,00k1,00X1,00x1,00z1,00Z1,00V1]
gb-trace iteration=68 subcycle id=C3 vertices=[00Z0,01z0,01U3,01X3,01k3,01x3,01z3,01y3,01w3,01j3,01W3,01Y3,01Z3,01V3,01i3,01v3,01u3,01X0,01k0,01i0,01u1,01v1,01V1,01Z1,01z1,01y1,01V0,01Z0]
gb-trace iteration=68 subcycle id=C4 vertices=[00i2,00v2,00u2,00y2,00w2,00W2,00j2,00k2,00X2,00x2,00z2,00Z2,00V2]
gb-trace iteration=68 subcycle id=C5 vertices=[01i1,01k1,01x1,01X1,01U1,01Y1,01W1,01w1,01j1]
gb-trace iteration=68 subcycle id=C6 vertices=[10W0,10u2,10v2,10i2,10V2,10Z2,10Y2,10W2,10j2,10w2,10y2,10z2,10x2,10k2,10X2,10U2,10U4,10X4,10k4,10x4,10z4,10y4,10w4,10j4,10W4,10Y4,10Z4,10V4,10i4,10v4,10u4,11u0,11u4,11v4,11i4,11V4,11Z4,11Y4,11W4,11j4,11w4,11y4,11z4,11x4,11k4,11X4,11U4,11U2,11X2,11k2,11x2,11z2,11y2,11w2,11j2,11W2,11Y2,11Z2,11V2,11i2,11v2,11u2,11j0,11W0,11U5,11X5,11k5,11j5,11w5,11W5,11Y5,11Z5,11V5,11i5,11v5,11u5,11y5,11z5,11x5,11U0,11X0,11k0,11i0,11u1,11V0,11Z0,11z0,10Z0,10u5,10v5,10i5,10V5,10Z5,10Y5,10W5,10j5,10w5,10y5,10z5,10x5,10k5,10X5,10U5]
gb-trace iteration=68 subcycle id=C7 vertices=[10i1,10v1,10V1,10Z1,10Y1,10W1,10w1,10j1]
gb-trace iteration=68 subcycle id=C8 vertices=[10i3,10v3,10V3,10Z3,10z3,10x3,10X3,10U3,10Y3,10W3,10w3,10j3,10k3]
gb-trace iteration=68 subcycle id=C9 vertices=[11i1,11j1,11k1,11x1,11X1,11U1,11Y1,11W1,11w1,11y1,11z1,11Z1,11V1,11v1]
gb-trace iteration=68 subcycle id=C10 vertices=[11i3,11j3,11W3,11w3,11y3,11u3,11v3,11V3]
gb-trace iteration=68 subcycle id=C11 vertices=[11k3,11X3,11U3,11Y3,11Z3,11z3,11x3]
gb-trace iteration=68 merge C1 + C2 = C12
gb-trace iteration=68 merge C10 + C6 = C13
gb-trace iteration=68 merge C9 + C13 = C14
gb-trace iteration=68 merge C8 + C12 = C15
gb-trace iteration=68 merge C7 + C15 = C16
gb-trace iteration=68 merge C14 + C11 = C17
gb-trace iteration=68 merge C5 + C3 = C18
gb-trace iteration=68 merge C4 + C16 = C19
gb-trace iteration=68 resulting id=C17 vertices=[11i1,11j1,11k1,11x1,11X1,11U1,11Y1,11W1,11w1,11V0,11Z0,11z0,10Z0,10u5,10v5,10i5,10V5,10Z5,10Y5,10W5,10j5,10w5,10y5,10z5,10x5,10k5,10X5,10U5,10W0,10u2,10v2,10i2,10V2,10Z2,10Y2,10W2,10j2,10w2,10y2,10z2,10x2,10k2,10X2,10U2,10U4,10X4,10k4,10x4,10z4,10y4,10w4,10j4,10W4,10Y4,10Z4,10V4,10i4,10v4,10u4,11u0,11u4,11v4,11i4,11V4,11Z4,11Y4,11W4,11j4,11w4,11y4,11z4,11x4,11k4,11X4,11U4,11U2,11X2,11k2,11x2,11z2,11y2,11w2,11j2,11W2,11Y2,11Z2,11V2,11i2,11v2,11u2,11j0,11W0,11U5,11X5,11k5,11j5,11w5,11W5,11Y5,11Z5,11V5,11i5,11v5,11u5,11y5,11z5,11x5,11U0,11X0,11Z3,11Y3,11U3,11X3,11k3,11x3,11z3,11y3,11w3,11W3,11j3,11i3,11V3,11v3,11u3,11k0,11i0,11u1,11y1,11z1,11Z1,11V1,11v1]
gb-trace iteration=68 resulting id=C18 vertices=[01i1,01k1,01x1,01X1,01U1,01Y1,01W1,01V0,01Z0,00Z0,01z0,01U3,01X3,01k3,01x3,01z3,01y3,01w3,01j3,01W3,01Y3,01Z3,01V3,01i3,01v3,01u3,01X0,01k0,01i0,01u1,01v1,01V1,01Z1,01z1,01y1,01w1,01j1]
gb-trace iteration=68 resulting id=C19 vertices=[00i2,00v2,00u2,00y2,00w2,00W0,00U5,00Y5,00W5,00w5,00y5,00u5,00v5,00V5,00i5,00j5,00k5,00X5,00x5,00z5,00Z5,00U0,10U0,10X0,10Z3,10V3,10v3,10i3,10k3,10j3,10w3,10W3,10Y3,10U3,10X3,10x3,10z3,10y3,10u3,10k0,10j0,10i0,10V0,10V1,10Z1,10Y1,10W1,10w1,10j1,10i1,10v1,10u1,10y1,10z1,10x1,10k1,10X1,10U1,10u0,00u0,00U1,00Y1,00W1,00w1,00y1,00u1,00v1,00i1,00j1,00k1,00X1,00x1,00z1,00Z1,00V1,00V0,00i0,00j0,00k0,00u3,00v3,00V3,00i3,00j3,00W3,00w3,00y3,00X0,00X3,00k3,00x3,00z3,00Z3,00Y3,00U3,01U0,01u5,01v5,01i5,01V5,01Z5,01Y5,01W5,01j5,01w5,01y5,01z5,01x5,01k5,01X5,01U5,01W0,01j0,01u2,01v2,01i2,01V2,01Z2,01Y2,01W2,01j2,01w2,01y2,01z2,01x2,01k2,01X2,01U2,01U4,01X4,01k4,01x4,01z4,01y4,01w4,01j4,01W4,01Y4,01Z4,01V4,01i4,01v4,01u4,01u0,00u4,00v4,00i4,00V4,00Z4,00Y4,00W4,00j4,00w4,00y4,00z4,00x4,00k4,00X4,00U4,00U2,00Y2,00W2,00j2,00k2,00X2,00x2,00z2,00Z2,00V2]
cut arcs by clause length (length:number) = {8: 2, 28: 2, 36: 2}
number of added block clauses (this increment) = 6
number of added block clauses (accumulated) = 1176
add block clauses time = 398.651us
increment time = 482.093us

CEGAR iteration...
cegar iteration = 69
sat solving time = 1.203363ms
number of subcycles found = 12
cycle lengths before merge (length:number) = {6: 2, 7: 1, 9: 2, 10: 1, 13: 2, 14: 1, 29: 1, 50: 1, 172: 1}
merge operation: 172 + 10 = 182
merge operation: 9 + 182 = 191
merge operation: 7 + 191 = 198
merge operation: 13 + 198 = 211
merge operation: 6 + 211 = 217
merge operation: 29 + 9 = 38
merge operation: 217 + 13 = 230
merge operation: 14 + 230 = 244
number of merge operations = 8
number of resulting cycles = 4
cycle lengths after merge (length:number) = {6: 1, 38: 1, 50: 1, 244: 1}
gb-trace iteration=69 subcycle id=C1 vertices=[00i0,00u1,00y1,00w1,00W1,00Y1,00U1,00u0,10u0,10U1,10X1,10k1,10x1,10V0,10v1,10V1,10i1,10j1,10w1,10W1,10Y1,10Z1,10z1,10y1,10u1,10i0,10k0,10u3,10y3,10z3,10x3,10X0,10v3,10i3,10V3,10Z3,10Y3,10W3,10w3,10j3,10k3,10X3,10U3,11U0,11X0,11k0,11i0,11V0,11Y1,11W1,11w1,11j1,11k1,11x1,11X1,11U1,11u0,10u4,10v4,10i4,10V4,10Z4,10Y4,10W4,10j4,10w4,10y4,10z4,10x4,10k4,10X4,10U4,10U2,10X2,10x2,10k2,10j2,10i2,10V2,10v2,10u2,10j0,10W0,10U5,10Y5,10U0,00U0,00U5,00W0,00Y2,00U2,00U4,00X4,00k4,00x4,00z4,00y4,00w4,00j4,00W4,00Y4,00Z4,00V4,00i4,00v4,00u4,01u0,01u4,01v4,01i4,01V4,01Z4,01Y4,01W4,01j4,01w4,01y4,01z4,01x4,01k4,01X4,01U4,01U2,01X2,01k2,01x2,01z2,01y2,01w2,01j2,01W2,01Y2,01Z2,01V2,01i2,01v2,01u2,01W0,01U5,01X5,01k5,01x5,01z5,01y5,01w5,01j5,01W5,01Y5,01Z5,01V5,01i5,01v5,01u5,01U0,00U3,00Y3,00Z3,00z3,00x3,00k3,00X3,00X0,00y3,00w3,00W3,00j3,00i3,00V3,00v3,00u3,00k0,00j0]
gb-trace iteration=69 subcycle id=C2 vertices=[00V0,00v1,00i1,00j1,00k1,00X1,00x1,00z1,00Z1,00V1]
gb-trace iteration=69 subcycle id=C3 vertices=[00Z0,01z0,01U3,01X3,01k3,01x3,01z3,01y3,01w3,01j3,01W3,01Y3,01Z3,01V3,01i3,01v3,01u3,01X0,01k0,01j0,01i0,01u1,01v1,01V1,01Z1,01z1,01y1,01V0,01Z0]
gb-trace iteration=69 subcycle id=C4 vertices=[00i2,00v2,00u2,00y2,00w2,00W2,00j2,00k2,00X2,00x2,00z2,00Z2,00V2]
gb-trace iteration=69 subcycle id=C5 vertices=[00i5,00V5,00v5,00u5,00y5,00w5,00W5,00Y5,00Z5,00z5,00x5,00X5,00k5,00j5]
gb-trace iteration=69 subcycle id=C6 vertices=[01i1,01k1,01x1,01X1,01U1,01Y1,01W1,01w1,01j1]
gb-trace iteration=69 subcycle id=C7 vertices=[10Z0,11Z0,11u5,11v5,11i5,11V5,11Z5,11Y5,11W5,11j5,11w5,11y5,11z5,11x5,11k5,11X5,11U5,11W0,11j0,11u2,11v2,11i2,11V2,11Z2,11Y2,11W2,11j2,11w2,11y2,11z2,11x2,11k2,11X2,11U2,11U4,11X4,11k4,11x4,11z4,11y4,11w4,11j4,11W4,11Y4,11Z4,11V4,11i4,11v4,11u4,11z0]
gb-trace iteration=69 subcycle id=C8 vertices=[10w2,10y2,10z2,10Z2,10Y2,10W2]
gb-trace iteration=69 subcycle id=C9 vertices=[10i5,10k5,10X5,10x5,10z5,10Z5,10V5,10v5,10u5,10y5,10w5,10W5,10j5]
gb-trace iteration=69 subcycle id=C10 vertices=[11i1,11v1,11u1,11y1,11z1,11Z1,11V1]
gb-trace iteration=69 subcycle id=C11 vertices=[11i3,11k3,11j3,11W3,11w3,11y3,11u3,11v3,11V3]
gb-trace iteration=69 subcycle id=C12 vertices=[11x3,11X3,11U3,11Y3,11Z3,11z3]
gb-trace iteration=69 merge C1 + C2 = C13
gb-trace iteration=69 merge C11 + C13 = C14
gb-trace iteration=69 merge C10 + C14 = C15
gb-trace iteration=69 merge C9 + C15 = C16
gb-trace iteration=69 merge C12 + C16 = C17
gb-trace iteration=69 merge C3 + C6 = C18
gb-trace iteration=69 merge C17 + C4 = C19
gb-trace iteration=69 merge C5 + C19 = C20
gb-trace iteration=69 resulting id=C8 vertices=[10w2,10y2,10z2,10Z2,10Y2,10W2]
gb-trace iteration=69 resulting id=C7 vertices=[10Z0,11Z0,11u5,11v5,11i5,11V5,11Z5,11Y5,11W5,11j5,11w5,11y5,11z5,11x5,11k5,11X5,11U5,11W0,11j0,11u2,11v2,11i2,11V2,11Z2,11Y2,11W2,11j2,11w2,11y2,11z2,11x2,11k2,11X2,11U2,11U4,11X4,11k4,11x4,11z4,11y4,11w4,11j4,11W4,11Y4,11Z4,11V4,11i4,11v4,11u4,11z0]
gb-trace iteration=69 resulting id=C18 vertices=[00Z0,01z0,01U3,01X3,01k3,01x3,01z3,01y3,01w3,01j3,01W3,01Y3,01Z3,01V3,01i3,01v3,01u3,01X0,01k0,01j0,01i0,01u1,01v1,01V1,01Z1,01z1,01y1,01w1,01j1,01i1,01k1,01x1,01X1,01U1,01Y1,01W1,01V0,01Z0]
gb-trace iteration=69 resulting id=C20 vertices=[00i5,00V5,00v5,00u5,00y5,00w5,00W5,00U0,10U0,10z5,10x5,10X5,10k5,10i5,10j5,10W5,10w5,10y5,10u5,10v5,10V5,10Z5,10Y5,10U5,10W0,10j0,10u2,10v2,10V2,10i2,10j2,10k2,10x2,10X2,10U2,10U4,10X4,10k4,10x4,10z4,10y4,10w4,10j4,10W4,10Y4,10Z4,10V4,10i4,10v4,10u4,11u0,11U1,11X1,11x1,11k1,11j1,11w1,11W1,11Y1,11V0,11v1,11i1,11V1,11Z1,11z1,11y1,11u1,11i0,11k0,11u3,11v3,11V3,11i3,11k3,11j3,11W3,11w3,11y3,11z3,11x3,11X3,11U3,11Y3,11Z3,11X0,11U0,10U3,10X3,10k3,10j3,10w3,10W3,10Y3,10Z3,10V3,10i3,10v3,10X0,10x3,10z3,10y3,10u3,10k0,10i0,10u1,10y1,10z1,10Z1,10Y1,10W1,10w1,10j1,10i1,10V1,10v1,10V0,10x1,10k1,10X1,10U1,10u0,00u0,00U1,00Y1,00W1,00w1,00y1,00u1,00v1,00i1,00j1,00k1,00X1,00x1,00z1,00Z1,00V1,00V0,00i0,00j0,00k0,00u3,00v3,00V3,00i3,00j3,00W3,00w3,00y3,00X0,00X3,00k3,00x3,00z3,00Z3,00Y3,00U3,01U0,01u5,01v5,01i5,01V5,01Z5,01Y5,01W5,01j5,01w5,01y5,01z5,01x5,01k5,01X5,01U5,01W0,01u2,01v2,01i2,01V2,01Z2,01Y2,01W2,01j2,01w2,01y2,01z2,01x2,01k2,01X2,01U2,01U4,01X4,01k4,01x4,01z4,01y4,01w4,01j4,01W4,01Y4,01Z4,01V4,01i4,01v4,01u4,01u0,00u4,00v4,00i4,00V4,00Z4,00Y4,00W4,00j4,00w4,00y4,00z4,00x4,00k4,00X4,00U4,00U2,00Y2,00W2,00j2,00k2,00X2,00x2,00z2,00Z2,00V2,00i2,00v2,00u2,00y2,00w2,00W0,00U5,00Y5,00Z5,00z5,00x5,00X5,00k5,00j5]
cut arcs by clause length (length:number) = {8: 2, 12: 2, 30: 2, 50: 2}
number of added block clauses (this increment) = 8
number of added block clauses (accumulated) = 1184
add block clauses time = 479.436us
increment time = 1.682799ms

CEGAR iteration...
cegar iteration = 70
sat solving time = 4.472682ms
number of subcycles found = 17
cycle lengths before merge (length:number) = {7: 2, 8: 2, 9: 2, 10: 1, 13: 1, 14: 2, 15: 2, 20: 1, 28: 1, 31: 1, 55: 1, 75: 1}
merge operation: 55 + 13 = 68
merge operation: 75 + 8 = 83
merge operation: 9 + 31 = 40
merge operation: 10 + 40 = 50
merge operation: 20 + 7 = 27
merge operation: 83 + 14 = 97
merge operation: 14 + 68 = 82
merge operation: 15 + 82 = 97
merge operation: 7 + 97 = 104
merge operation: 15 + 104 = 119
merge operation: 28 + 9 = 37
number of merge operations = 11
number of resulting cycles = 6
cycle lengths after merge (length:number) = {8: 1, 27: 1, 37: 1, 50: 1, 97: 1, 119: 1}
gb-trace iteration=70 subcycle id=C1 vertices=[00i0,00V0,00Z0,00u5,00v5,00U0,10U0,10X0,10k0,10j0,10i0,10V0,10Z0,10u5,10v5,10i5,10V5,10Z5,10Y5,10W5,10j5,10w5,10y5,10z5,10x5,10k5,10X5,10U5,10W0,10Y2,10W2,10w2,10j2,10k2,10x2,10X2,10U2,10U4,10u0,00u0,00U1,00X1,00k1,00x1,00z1,00y1,00w1,00j1,00W1,00Y1,00Z1,00V1,00i1,00v1,00u1]
gb-trace iteration=70 subcycle id=C2 vertices=[00j0,00k0,00X0,00V3,00v3,00u3,00y3,00w3,00W3,00j3,00i3,00k3,00X3,00x3,00z3,00Z3,00Y3,00U3,01U0,01U5,01W0,01X2,01k2,01x2,01z2,01Z2,01V2,01i2,01v2,01u2,01y2,01w2,01j2,01W2,01Y2,01U2,01U4,01Y4,01W4,01w4,01j4,01i4,01k4,01X4,01x4,01z4,01Z4,01V4,01v4,01u4,01y4,01u0,00u4,00v4,00i4,00V4,00Z4,00Y4,00W4,00j4,00w4,00y4,00z4,00x4,00k4,00X4,00U4,00U2,00X2,00x2,00k2,00i2,00V2,00v2,00u2]
gb-trace iteration=70 subcycle id=C3 vertices=[00W0,00Y2,00W2,00j2,00w2,00y2,00z2,00Z2]
gb-trace iteration=70 subcycle id=C4 vertices=[00i5,00k5,00j5,00W5,00w5,00y5,00z5,00x5,00X5,00U5,00Y5,00Z5,00V5]
gb-trace iteration=70 subcycle id=C5 vertices=[01i0,01u1,01v1,01V1,01Z1,01z1,01y1,01V0,01Z0,01z0,01U3,01X3,01k3,01x3,01z3,01y3,01w3,01j3,01W3,01Y3,01Z3,01V3,01i3,01v3,01u3,01X0,01k0,01j0]
gb-trace iteration=70 subcycle id=C6 vertices=[01i1,01k1,01x1,01X1,01U1,01Y1,01W1,01w1,01j1]
gb-trace iteration=70 subcycle id=C7 vertices=[01i5,01k5,01X5,01x5,01z5,01Z5,01Y5,01W5,01j5,01w5,01y5,01u5,01v5,01V5]
gb-trace iteration=70 subcycle id=C8 vertices=[10i1,10V1,10Z1,10z1,10x1,10k1,10X1,10U1,10Y1,10W1,10j1,10w1,10y1,10u1,10v1]
gb-trace iteration=70 subcycle id=C9 vertices=[10i2,10v2,10u2,10y2,10z2,10Z2,10V2]
gb-trace iteration=70 subcycle id=C10 vertices=[10i3,10V3,10Z3,10z3,10x3,10k3,10X3,10U3,10Y3,10W3,10j3,10w3,10y3,10u3,10v3]
gb-trace iteration=70 subcycle id=C11 vertices=[10i4,10k4,10X4,10x4,10z4,10Z4,10Y4,10W4,10j4,10w4,10y4,10u4,10v4,10V4]
gb-trace iteration=70 subcycle id=C12 vertices=[11i0,11V0,11Y1,11Z1,11z1,11x1,11X1,11U1,11u0,11u4,11v4,11i4,11V4,11Z4,11Y4,11W4,11j4,11w4,11y4,11z4,11x4,11k4,11X4,11U4,11U2,11Y2,11W2,11w2,11y2,11u2,11j0]
gb-trace iteration=70 subcycle id=C13 vertices=[11k0,11X0,11U0,11X5,11U5,11Y5,11W5,11j5,11w5,11y5,11u5,11Z0,11z0,11U3,11Y3,11W3,11j3,11w3,11y3,11u3]
gb-trace iteration=70 subcycle id=C14 vertices=[11W0,11V2,11v2,11i2,11j2,11k2,11X2,11x2,11z2,11Z2]
gb-trace iteration=70 subcycle id=C15 vertices=[11i1,11k1,11j1,11W1,11w1,11y1,11u1,11v1,11V1]
gb-trace iteration=70 subcycle id=C16 vertices=[11i3,11v3,11V3,11Z3,11z3,11x3,11X3,11k3]
gb-trace iteration=70 subcycle id=C17 vertices=[11i5,11k5,11x5,11z5,11Z5,11V5,11v5]
gb-trace iteration=70 merge C1 + C4 = C18
gb-trace iteration=70 merge C2 + C3 = C19
gb-trace iteration=70 merge C15 + C12 = C20
gb-trace iteration=70 merge C14 + C20 = C21
gb-trace iteration=70 merge C13 + C17 = C22
gb-trace iteration=70 merge C19 + C7 = C23
gb-trace iteration=70 merge C11 + C18 = C24
gb-trace iteration=70 merge C10 + C24 = C25
gb-trace iteration=70 merge C9 + C25 = C26
gb-trace iteration=70 merge C8 + C26 = C27
gb-trace iteration=70 merge C5 + C6 = C28
gb-trace iteration=70 resulting id=C16 vertices=[11i3,11v3,11V3,11Z3,11z3,11x3,11X3,11k3]
gb-trace iteration=70 resulting id=C22 vertices=[11k0,11X0,11U0,11x5,11z5,11Z5,11V5,11v5,11i5,11k5,11X5,11U5,11Y5,11W5,11j5,11w5,11y5,11u5,11Z0,11z0,11U3,11Y3,11W3,11j3,11w3,11y3,11u3]
gb-trace iteration=70 resulting id=C23 vertices=[00j0,00k0,00X0,00V3,00v3,00u3,00y3,00w3,00W3,00j3,00i3,00k3,00X3,00x3,00z3,00Z3,00Y3,00U3,01U0,01x5,01z5,01Z5,01Y5,01W5,01j5,01w5,01y5,01u5,01v5,01V5,01i5,01k5,01X5,01U5,01W0,01X2,01k2,01x2,01z2,01Z2,01V2,01i2,01v2,01u2,01y2,01w2,01j2,01W2,01Y2,01U2,01U4,01Y4,01W4,01w4,01j4,01i4,01k4,01X4,01x4,01z4,01Z4,01V4,01v4,01u4,01y4,01u0,00u4,00v4,00i4,00V4,00Z4,00Y4,00W4,00j4,00w4,00y4,00z4,00x4,00k4,00X4,00U4,00U2,00Y2,00W2,00j2,00w2,00y2,00z2,00Z2,00W0,00X2,00x2,00k2,00i2,00V2,00v2,00u2]
gb-trace iteration=70 resulting id=C21 vertices=[11W0,11V2,11v2,11i2,11j2,11k2,11X2,11x2,11z2,11Z2,11Y2,11U2,11U4,11X4,11k4,11x4,11z4,11y4,11w4,11j4,11W4,11Y4,11Z4,11V4,11i4,11v4,11u4,11u0,11U1,11X1,11x1,11z1,11Z1,11Y1,11W1,11j1,11k1,11i1,11V1,11v1,11u1,11y1,11w1,11V0,11i0,11j0,11u2,11y2,11w2,11W2]
gb-trace iteration=70 resulting id=C27 vertices=[10i1,10V1,10Z1,10z1,10x1,10k1,10X1,10U1,10Y1,10W1,10j1,10w1,10y1,10V0,10Z0,10u5,10v5,10i5,10V5,10Z5,10Y5,10W5,10j5,10w5,10y5,10z5,10x5,10k5,10X5,10U5,10W0,10z2,10y2,10u2,10v2,10i2,10V2,10Z2,10Y2,10W2,10w2,10j2,10k2,10x2,10X2,10U2,10U4,10X4,10k4,10i4,10V4,10v4,10u4,10y4,10w4,10j4,10W4,10Y4,10Z4,10z4,10x4,10u0,00u0,00U1,00X1,00k1,00x1,00z1,00y1,00w1,00j1,00W1,00Y1,00Z1,00V1,00i1,00v1,00u1,00i0,00V0,00Z0,00u5,00v5,00i5,00k5,00j5,00W5,00w5,00y5,00z5,00x5,00X5,00U5,00Y5,00Z5,00V5,00U0,10U0,10X0,10y3,10w3,10j3,10W3,10Y3,10U3,10X3,10k3,10x3,10z3,10Z3,10V3,10i3,10v3,10u3,10k0,10j0,10i0,10u1,10v1]
gb-trace iteration=70 resulting id=C28 vertices=[01i0,01u1,01v1,01V1,01Z1,01z1,01y1,01w1,01j1,01i1,01k1,01x1,01X1,01U1,01Y1,01W1,01V0,01Z0,01z0,01U3,01X3,01k3,01x3,01z3,01y3,01w3,01j3,01W3,01Y3,01Z3,01V3,01i3,01v3,01u3,01X0,01k0,01j0]
cut arcs by clause length (length:number) = {6: 2, 8: 2, 12: 2, 20: 2, 22: 4}
number of added block clauses (this increment) = 12
number of added block clauses (accumulated) = 1196
add block clauses time = 508.659us
increment time = 4.981341ms

CEGAR iteration...
cegar iteration = 71
sat solving time = 4.826180ms
number of subcycles found = 8
cycle lengths before merge (length:number) = {3: 1, 7: 1, 9: 3, 12: 1, 119: 1, 170: 1}
merge operation: 170 + 12 = 182
merge operation: 7 + 119 = 126
number of merge operations = 2
number of resulting cycles = 6
cycle lengths after merge (length:number) = {3: 1, 9: 3, 126: 1, 182: 1}
gb-trace iteration=71 subcycle id=C1 vertices=[00i0,00V0,00Z0,00u5,00v5,00i5,00V5,00Z5,00Y5,00W5,00j5,00w5,00y5,00z5,00x5,00k5,00X5,00U5,00W0,00j0,00u2,00v2,00i2,00V2,00Z2,00Y2,00W2,00j2,00w2,00y2,00z2,00x2,00k2,00X2,00U2,00U4,00X4,00k4,00x4,00z4,00y4,00w4,00j4,00W4,00Y4,00Z4,00V4,00i4,00v4,00u4,01u0,01U1,01X1,01k1,01x1,01z1,01y1,01w1,01j1,01W1,01Y1,01Z1,01V1,01i1,01v1,01u1,01i0,01V0,01Z0,01u5,01v5,01i5,01V5,01Z5,01Y5,01W5,01j5,01w5,01y5,01z5,01x5,01k5,01X5,01U5,01W0,01j0,01u2,01v2,01V2,01Z2,01Y2,01U2,01U4,01X4,01k4,01x4,01z4,01y4,01w4,01j4,01W4,01Y4,01Z4,01V4,01i4,01v4,01u4,01z0,01U3,01X3,01k3,01x3,01z3,01y3,01w3,01j3,01W3,01Y3,01Z3,01V3,01i3,01v3,01u3,01k0,01X0,01U0,00U3,00X3,00k3,00x3,00z3,00Z3,00Y3,00W3,00j3,00w3,00y3,00u3,00k0,00X0,00U0,10U0,10y5,10w5,10j5,10W5,10Y5,10U5,10X5,10k5,10x5,10z5,10Z5,10V5,10i5,10v5,10u5,10Z0,10V0,10x1,10X1,10U1,10u0,00u0,00U1,00Y1,00Z1,00V1,00v1,00u1]
gb-trace iteration=71 subcycle id=C2 vertices=[00i1,00j1,00W1,00w1,00y1,00z1,00x1,00X1,00k1]
gb-trace iteration=71 subcycle id=C3 vertices=[00i3,00v3,00V3]
gb-trace iteration=71 subcycle id=C4 vertices=[01i2,01j2,01W2,01w2,01y2,01z2,01x2,01X2,01k2]
gb-trace iteration=71 subcycle id=C5 vertices=[10i0,10j0,10W0,10Y2,10W2,10w2,10j2,10k2,10x2,10X2,10U2,10U4,10X4,10k4,10x4,10z4,10y4,10w4,10j4,10W4,10Y4,10Z4,10V4,10i4,10v4,10u4,11u0,11U1,11X1,11k1,11x1,11z1,11y1,11w1,11j1,11W1,11Y1,11Z1,11V1,11i1,11v1,11u1,11i0,11V0,11Z0,11u5,11v5,11i5,11V5,11Z5,11Y5,11W5,11j5,11w5,11y5,11z5,11x5,11k5,11X5,11U5,11W0,11j0,11u2,11v2,11i2,11V2,11Z2,11Y2,11W2,11j2,11w2,11y2,11z2,11x2,11k2,11X2,11U2,11U4,11X4,11k4,11x4,11z4,11y4,11w4,11j4,11W4,11Y4,11Z4,11V4,11i4,11v4,11u4,11z0,11U3,11Y3,11W3,11w3,11y3,11u3,11k0,11X0,11U0,10U3,10X3,10k3,10x3,10z3,10y3,10u3,10v3,10i3,10V3,10Z3,10Y3,10W3,10j3,10w3,10X0,10k0]
gb-trace iteration=71 subcycle id=C6 vertices=[10i1,10V1,10v1,10u1,10y1,10z1,10Z1,10Y1,10W1,10w1,10j1,10k1]
gb-trace iteration=71 subcycle id=C7 vertices=[10i2,10v2,10u2,10y2,10z2,10Z2,10V2]
gb-trace iteration=71 subcycle id=C8 vertices=[11i3,11v3,11V3,11Z3,11z3,11x3,11X3,11k3,11j3]
gb-trace iteration=71 merge C1 + C6 = C9
gb-trace iteration=71 merge C7 + C5 = C10
gb-trace iteration=71 resulting id=C8 vertices=[11i3,11v3,11V3,11Z3,11z3,11x3,11X3,11k3,11j3]
gb-trace iteration=71 resulting id=C2 vertices=[00i1,00j1,00W1,00w1,00y1,00z1,00x1,00X1,00k1]
gb-trace iteration=71 resulting id=C3 vertices=[00i3,00v3,00V3]
gb-trace iteration=71 resulting id=C4 vertices=[01i2,01j2,01W2,01w2,01y2,01z2,01x2,01X2,01k2]
gb-trace iteration=71 resulting id=C9 vertices=[00i0,00V0,00Z0,00u5,00v5,00i5,00V5,00Z5,00Y5,00W5,00j5,00w5,00y5,00z5,00x5,00k5,00X5,00U5,00W0,00j0,00u2,00v2,00i2,00V2,00Z2,00Y2,00W2,00j2,00w2,00y2,00z2,00x2,00k2,00X2,00U2,00U4,00X4,00k4,00x4,00z4,00y4,00w4,00j4,00W4,00Y4,00Z4,00V4,00i4,00v4,00u4,01u0,01U1,01X1,01k1,01x1,01z1,01y1,01w1,01j1,01W1,01Y1,01Z1,01V1,01i1,01v1,01u1,01i0,01V0,01Z0,01u5,01v5,01i5,01V5,01Z5,01Y5,01W5,01j5,01w5,01y5,01z5,01x5,01k5,01X5,01U5,01W0,01j0,01u2,01v2,01V2,01Z2,01Y2,01U2,01U4,01X4,01k4,01x4,01z4,01y4,01w4,01j4,01W4,01Y4,01Z4,01V4,01i4,01v4,01u4,01z0,01U3,01X3,01k3,01x3,01z3,01y3,01w3,01j3,01W3,01Y3,01Z3,01V3,01i3,01v3,01u3,01k0,01X0,01U0,00U3,00X3,00k3,00x3,00z3,00Z3,00Y3,00W3,00j3,00w3,00y3,00u3,00k0,00X0,00U0,10U0,10y5,10w5,10j5,10W5,10Y5,10U5,10X5,10k5,10x5,10z5,10Z5,10V5,10i5,10v5,10u5,10Z0,10V0,10y1,10u1,10v1,10V1,10i1,10k1,10j1,10w1,10W1,10Y1,10Z1,10z1,10x1,10X1,10U1,10u0,00u0,00U1,00Y1,00Z1,00V1,00v1,00u1]
gb-trace iteration=71 resulting id=C10 vertices=[10i2,10v2,10W0,10Y2,10W2,10w2,10j2,10k2,10x2,10X2,10U2,10U4,10X4,10k4,10x4,10z4,10y4,10w4,10j4,10W4,10Y4,10Z4,10V4,10i4,10v4,10u4,11u0,11U1,11X1,11k1,11x1,11z1,11y1,11w1,11j1,11W1,11Y1,11Z1,11V1,11i1,11v1,11u1,11i0,11V0,11Z0,11u5,11v5,11i5,11V5,11Z5,11Y5,11W5,11j5,11w5,11y5,11z5,11x5,11k5,11X5,11U5,11W0,11j0,11u2,11v2,11i2,11V2,11Z2,11Y2,11W2,11j2,11w2,11y2,11z2,11x2,11k2,11X2,11U2,11U4,11X4,11k4,11x4,11z4,11y4,11w4,11j4,11W4,11Y4,11Z4,11V4,11i4,11v4,11u4,11z0,11U3,11Y3,11W3,11w3,11y3,11u3,11k0,11X0,11U0,10U3,10X3,10k3,10x3,10z3,10y3,10u3,10v3,10i3,10V3,10Z3,10Y3,10W3,10j3,10w3,10X0,10k0,10i0,10j0,10u2,10y2,10z2,10Z2,10V2]
cut arcs by clause length (length:number) = {6: 2, 12: 6, 30: 2, 48: 2}
number of added block clauses (this increment) = 12
number of added block clauses (accumulated) = 1208
add block clauses time = 401.119us
increment time = 5.227299ms

CEGAR iteration...
cegar iteration = 72
sat solving time = 127.017us
number of subcycles found = 5
cycle lengths before merge (length:number) = {7: 2, 12: 1, 128: 1, 184: 1}
merge operation: 184 + 12 = 196
merge operation: 7 + 128 = 135
number of merge operations = 2
number of resulting cycles = 3
cycle lengths after merge (length:number) = {7: 1, 135: 1, 196: 1}
gb-trace iteration=72 subcycle id=C1 vertices=[00i0,00V0,00Z0,00u5,00v5,00i5,00V5,00Z5,00Y5,00W5,00j5,00w5,00y5,00z5,00x5,00k5,00X5,00U5,00W0,00j0,00u2,00v2,00i2,00V2,00Z2,00Y2,00W2,00j2,00w2,00y2,00z2,00x2,00k2,00X2,00U2,00U4,00X4,00k4,00x4,00z4,00y4,00w4,00j4,00W4,00Y4,00Z4,00V4,00i4,00v4,00u4,01u0,01U1,01X1,01k1,01x1,01z1,01y1,01w1,01j1,01W1,01Y1,01Z1,01V1,01i1,01v1,01u1,01i0,01V0,01Z0,01u5,01v5,01i5,01V5,01Z5,01Y5,01W5,01j5,01w5,01y5,01z5,01x5,01k5,01X5,01U5,01W0,01j0,01u2,01v2,01i2,01V2,01Z2,01Y2,01W2,01j2,01w2,01y2,01z2,01x2,01k2,01X2,01U2,01U4,01X4,01k4,01x4,01z4,01y4,01w4,01j4,01W4,01Y4,01Z4,01V4,01i4,01v4,01u4,01z0,01U3,01X3,01k3,01x3,01z3,01y3,01w3,01j3,01W3,01Y3,01Z3,01V3,01i3,01v3,01u3,01k0,01X0,01U0,00U3,00X3,00x3,00k3,00i3,00V3,00v3,00u3,00k0,00X0,00U0,10U0,10y5,10w5,10j5,10W5,10Y5,10U5,10X5,10k5,10x5,10z5,10Z5,10V5,10i5,10v5,10u5,10Z0,10V0,10x1,10X1,10U1,10u0,00u0,00U1,00X1,00k1,00x1,00z1,00y1,00w1,00j1,00W1,00Y1,00Z1,00V1,00i1,00v1,00u1]
gb-trace iteration=72 subcycle id=C2 vertices=[00j3,00w3,00y3,00z3,00Z3,00Y3,00W3]
gb-trace iteration=72 subcycle id=C3 vertices=[10i0,10j0,10W0,10Y2,10W2,10w2,10j2,10k2,10x2,10X2,10U2,10U4,10X4,10k4,10x4,10z4,10y4,10w4,10j4,10W4,10Y4,10Z4,10V4,10i4,10v4,10u4,11u0,11U1,11X1,11k1,11x1,11z1,11y1,11w1,11j1,11W1,11Y1,11Z1,11V1,11i1,11v1,11u1,11i0,11V0,11Z0,11u5,11v5,11i5,11V5,11Z5,11Y5,11W5,11j5,11w5,11y5,11z5,11x5,11k5,11X5,11U5,11W0,11j0,11u2,11v2,11i2,11V2,11Z2,11Y2,11W2,11j2,11w2,11y2,11z2,11x2,11k2,11X2,11U2,11U4,11X4,11k4,11x4,11z4,11y4,11w4,11j4,11W4,11Y4,11Z4,11V4,11i4,11v4,11u4,11z0,11U3,11X3,11k3,11x3,11z3,11y3,11w3,11j3,11W3,11Y3,11Z3,11V3,11i3,11v3,11u3,11k0,11X0,11U0,10U3,10X3,10k3,10x3,10z3,10y3,10u3,10v3,10i3,10V3,10Z3,10Y3,10W3,10j3,10w3,10X0,10k0]
gb-trace iteration=72 subcycle id=C4 vertices=[10i1,10V1,10v1,10u1,10y1,10z1,10Z1,10Y1,10W1,10w1,10j1,10k1]
gb-trace iteration=72 subcycle id=C5 vertices=[10i2,10v2,10u2,10y2,10z2,10Z2,10V2]
gb-trace iteration=72 merge C1 + C4 = C6
gb-trace iteration=72 merge C5 + C3 = C7
gb-trace iteration=72 resulting id=C6 vertices=[00i0,00V0,00Z0,00u5,00v5,00i5,00V5,00Z5,00Y5,00W5,00j5,00w5,00y5,00z5,00x5,00k5,00X5,00U5,00W0,00j0,00u2,00v2,00i2,00V2,00Z2,00Y2,00W2,00j2,00w2,00y2,00z2,00x2,00k2,00X2,00U2,00U4,00X4,00k4,00x4,00z4,00y4,00w4,00j4,00W4,00Y4,00Z4,00V4,00i4,00v4,00u4,01u0,01U1,01X1,01k1,01x1,01z1,01y1,01w1,01j1,01W1,01Y1,01Z1,01V1,01i1,01v1,01u1,01i0,01V0,01Z0,01u5,01v5,01i5,01V5,01Z5,01Y5,01W5,01j5,01w5,01y5,01z5,01x5,01k5,01X5,01U5,01W0,01j0,01u2,01v2,01i2,01V2,01Z2,01Y2,01W2,01j2,01w2,01y2,01z2,01x2,01k2,01X2,01U2,01U4,01X4,01k4,01x4,01z4,01y4,01w4,01j4,01W4,01Y4,01Z4,01V4,01i4,01v4,01u4,01z0,01U3,01X3,01k3,01x3,01z3,01y3,01w3,01j3,01W3,01Y3,01Z3,01V3,01i3,01v3,01u3,01k0,01X0,01U0,00U3,00X3,00x3,00k3,00i3,00V3,00v3,00u3,00k0,00X0,00U0,10U0,10y5,10w5,10j5,10W5,10Y5,10U5,10X5,10k5,10x5,10z5,10Z5,10V5,10i5,10v5,10u5,10Z0,10V0,10y1,10u1,10v1,10V1,10i1,10k1,10j1,10w1,10W1,10Y1,10Z1,10z1,10x1,10X1,10U1,10u0,00u0,00U1,00X1,00k1,00x1,00z1,00y1,00w1,00j1,00W1,00Y1,00Z1,00V1,00i1,00v1,00u1]
gb-trace iteration=72 resulting id=C2 vertices=[00j3,00w3,00y3,00z3,00Z3,00Y3,00W3]
gb-trace iteration=72 resulting id=C7 vertices=[10i2,10v2,10W0,10Y2,10W2,10w2,10j2,10k2,10x2,10X2,10U2,10U4,10X4,10k4,10x4,10z4,10y4,10w4,10j4,10W4,10Y4,10Z4,10V4,10i4,10v4,10u4,11u0,11U1,11X1,11k1,11x1,11z1,11y1,11w1,11j1,11W1,11Y1,11Z1,11V1,11i1,11v1,11u1,11i0,11V0,11Z0,11u5,11v5,11i5,11V5,11Z5,11Y5,11W5,11j5,11w5,11y5,11z5,11x5,11k5,11X5,11U5,11W0,11j0,11u2,11v2,11i2,11V2,11Z2,11Y2,11W2,11j2,11w2,11y2,11z2,11x2,11k2,11X2,11U2,11U4,11X4,11k4,11x4,11z4,11y4,11w4,11j4,11W4,11Y4,11Z4,11V4,11i4,11v4,11u4,11z0,11U3,11X3,11k3,11x3,11z3,11y3,11w3,11j3,11W3,11Y3,11Z3,11V3,11i3,11v3,11u3,11k0,11X0,11U0,10U3,10X3,10k3,10x3,10z3,10y3,10u3,10v3,10i3,10V3,10Z3,10Y3,10W3,10j3,10w3,10X0,10k0,10i0,10j0,10u2,10y2,10z2,10Z2,10V2]
cut arcs by clause length (length:number) = {12: 2, 18: 2, 30: 2}
number of added block clauses (this increment) = 6
number of added block clauses (accumulated) = 1214
add block clauses time = 358.361us
increment time = 485.378us

CEGAR iteration...
cegar iteration = 73
sat solving time = 1.259049ms
number of subcycles found = 12
cycle lengths before merge (length:number) = {6: 2, 7: 1, 8: 2, 9: 1, 12: 1, 14: 1, 15: 2, 43: 1, 195: 1}
merge operation: 195 + 15 = 210
merge operation: 12 + 43 = 55
merge operation: 6 + 55 = 61
merge operation: 8 + 61 = 69
merge operation: 7 + 69 = 76
merge operation: 210 + 15 = 225
merge operation: 14 + 225 = 239
number of merge operations = 7
number of resulting cycles = 5
cycle lengths after merge (length:number) = {6: 1, 8: 1, 9: 1, 76: 1, 239: 1}
gb-trace iteration=73 subcycle id=C1 vertices=[00i0,00V0,00Z0,00u5,00v5,00i5,00V5,00Z5,00Y5,00W5,00j5,00w5,00y5,00z5,00x5,00k5,00X5,00U5,00W0,00j0,00u2,00v2,00i2,00V2,00Z2,00Y2,00W2,00j2,00w2,00y2,00z2,00x2,00k2,00X2,00U2,00U4,00X4,00k4,00x4,00z4,00y4,00w4,00j4,00W4,00Y4,00Z4,00V4,00i4,00v4,00u4,01u0,01U1,01X1,01k1,01x1,01z1,01y1,01w1,01j1,01W1,01Y1,01Z1,01V1,01i1,01v1,01u1,01i0,01V0,01Z0,01u5,01v5,01i5,01V5,01Z5,01Y5,01W5,01j5,01w5,01y5,01z5,01x5,01k5,01X5,01U5,01W0,01j0,01u2,01v2,01i2,01V2,01Z2,01Y2,01W2,01j2,01w2,01y2,01z2,01x2,01k2,01X2,01U2,01U4,01X4,01k4,01x4,01z4,01y4,01w4,01j4,01W4,01Y4,01Z4,01V4,01i4,01v4,01u4,01z0,01U3,01X3,01k3,01x3,01z3,01y3,01w3,01j3,01W3,01Y3,01Z3,01V3,01i3,01v3,01u3,01k0,01X0,01U0,00U3,00X3,00x3,00k3,00j3,00i3,00V3,00v3,00u3,00k0,00X0,00U0,10U0,10X0,10k0,10i0,10V0,10Z0,10u5,10v5,10i5,10V5,10Z5,10Y5,10W5,10j5,10w5,10y5,10z5,10x5,10k5,10X5,10U5,10W0,10j0,10u2,10y2,10z2,10x2,10k2,10X2,10U2,10U4,10u0,00u0,00U1,00X1,00k1,00x1,00z1,00y1,00w1,00j1,00W1,00Y1,00Z1,00V1,00i1,00v1,00u1]
gb-trace iteration=73 subcycle id=C2 vertices=[00w3,00y3,00z3,00Z3,00Y3,00W3]
gb-trace iteration=73 subcycle id=C3 vertices=[10i1,10V1,10Z1,10z1,10x1,10k1,10X1,10U1,10Y1,10W1,10j1,10w1,10y1,10u1,10v1]
gb-trace iteration=73 subcycle id=C4 vertices=[10i2,10j2,10w2,10W2,10Y2,10Z2,10V2,10v2]
gb-trace iteration=73 subcycle id=C5 vertices=[10i3,10V3,10Z3,10z3,10x3,10k3,10X3,10U3,10Y3,10W3,10j3,10w3,10y3,10u3,10v3]
gb-trace iteration=73 subcycle id=C6 vertices=[10i4,10k4,10X4,10x4,10z4,10Z4,10Y4,10W4,10j4,10w4,10y4,10u4,10v4,10V4]
gb-trace iteration=73 subcycle id=C7 vertices=[11i0,11k0,11j0,11u2,11v2,11W0,11U2,11U4,11X4,11x4,11k4,11j4,11i4,11V4,11v4,11u4,11z0,11U3,11X3,11k3,11x3,11z3,11y3,11w3,11j3,11W3,11Y3,11Z3,11V3,11i3,11v3,11u3,11X0,11U0,11X5,11U5,11Y5,11Z5,11V5,11v5,11u5,11Z0,11V0]
gb-trace iteration=73 subcycle id=C8 vertices=[11u0,11Y4,11Z4,11z4,11y4,11w4,11W4]
gb-trace iteration=73 subcycle id=C9 vertices=[11i1,11j1,11w1,11W1,11Y1,11U1,11X1,11x1,11k1]
gb-trace iteration=73 subcycle id=C10 vertices=[11u1,11v1,11V1,11Z1,11z1,11y1]
gb-trace iteration=73 subcycle id=C11 vertices=[11i2,11V2,11Z2,11Y2,11W2,11j2,11w2,11y2,11z2,11x2,11X2,11k2]
gb-trace iteration=73 subcycle id=C12 vertices=[11i5,11j5,11W5,11w5,11y5,11z5,11x5,11k5]
gb-trace iteration=73 merge C1 + C3 = C13
gb-trace iteration=73 merge C11 + C7 = C14
gb-trace iteration=73 merge C10 + C14 = C15
gb-trace iteration=73 merge C12 + C15 = C16
gb-trace iteration=73 merge C8 + C16 = C17
gb-trace iteration=73 merge C13 + C5 = C18
gb-trace iteration=73 merge C6 + C18 = C19
gb-trace iteration=73 resulting id=C9 vertices=[11i1,11j1,11w1,11W1,11Y1,11U1,11X1,11x1,11k1]
gb-trace iteration=73 resulting id=C2 vertices=[00w3,00y3,00z3,00Z3,00Y3,00W3]
gb-trace iteration=73 resulting id=C17 vertices=[11u0,11X4,11x4,11k4,11j4,11i4,11V4,11v4,11u4,11z0,11U3,11X3,11k3,11x3,11z3,11y3,11w3,11j3,11W3,11Y3,11Z3,11V3,11i3,11v3,11u3,11X0,11U0,11z5,11y5,11w5,11W5,11j5,11i5,11k5,11x5,11X5,11U5,11Y5,11Z5,11V5,11v5,11u5,11Z0,11V0,11v1,11V1,11Z1,11z1,11y1,11u1,11i0,11k0,11j0,11u2,11v2,11i2,11k2,11X2,11x2,11z2,11y2,11w2,11j2,11W2,11Y2,11Z2,11V2,11W0,11U2,11U4,11Y4,11Z4,11z4,11y4,11w4,11W4]
gb-trace iteration=73 resulting id=C4 vertices=[10i2,10j2,10w2,10W2,10Y2,10Z2,10V2,10v2]
gb-trace iteration=73 resulting id=C19 vertices=[10i4,10k4,10X4,10U4,10U2,10X2,10k2,10x2,10z2,10y2,10u2,10j0,10W0,10U5,10X5,10k5,10x5,10z5,10y5,10w5,10j5,10W5,10Y5,10Z5,10V5,10i5,10v5,10u5,10Z0,10V0,10v1,10i1,10V1,10Z1,10z1,10x1,10k1,10X1,10U1,10Y1,10W1,10j1,10w1,10y1,10u1,10i0,10k0,10u3,10v3,10i3,10V3,10Z3,10z3,10x3,10k3,10X3,10U3,10Y3,10W3,10j3,10w3,10y3,10X0,10U0,00U0,00X0,00k0,00u3,00v3,00V3,00i3,00j3,00k3,00x3,00X3,00U3,01U0,01X0,01k0,01u3,01v3,01i3,01V3,01Z3,01Y3,01W3,01j3,01w3,01y3,01z3,01x3,01k3,01X3,01U3,01z0,01u4,01v4,01i4,01V4,01Z4,01Y4,01W4,01j4,01w4,01y4,01z4,01x4,01k4,01X4,01U4,01U2,01X2,01k2,01x2,01z2,01y2,01w2,01j2,01W2,01Y2,01Z2,01V2,01i2,01v2,01u2,01j0,01W0,01U5,01X5,01k5,01x5,01z5,01y5,01w5,01j5,01W5,01Y5,01Z5,01V5,01i5,01v5,01u5,01Z0,01V0,01i0,01u1,01v1,01i1,01V1,01Z1,01Y1,01W1,01j1,01w1,01y1,01z1,01x1,01k1,01X1,01U1,01u0,00u4,00v4,00i4,00V4,00Z4,00Y4,00W4,00j4,00w4,00y4,00z4,00x4,00k4,00X4,00U4,00U2,00X2,00k2,00x2,00z2,00y2,00w2,00j2,00W2,00Y2,00Z2,00V2,00i2,00v2,00u2,00j0,00W0,00U5,00X5,00k5,00x5,00z5,00y5,00w5,00j5,00W5,00Y5,00Z5,00V5,00i5,00v5,00u5,00Z0,00V0,00i0,00u1,00v1,00i1,00V1,00Z1,00Y1,00W1,00j1,00w1,00y1,00z1,00x1,00k1,00X1,00U1,00u0,10u0,10x4,10z4,10Z4,10Y4,10W4,10j4,10w4,10y4,10u4,10v4,10V4]
cut arcs by clause length (length:number) = {12: 6, 16: 2, 28: 2}
number of added block clauses (this increment) = 10
number of added block clauses (accumulated) = 1224
add block clauses time = 428.012us
increment time = 1.687061ms

CEGAR iteration...
cegar iteration = 74
sat solving time = 132.240us
number of subcycles found = 9
cycle lengths before merge (length:number) = {7: 1, 8: 1, 12: 1, 14: 1, 15: 3, 43: 1, 209: 1}
merge operation: 209 + 15 = 224
merge operation: 12 + 43 = 55
merge operation: 15 + 55 = 70
merge operation: 7 + 70 = 77
merge operation: 224 + 15 = 239
merge operation: 14 + 239 = 253
merge operation: 77 + 8 = 85
number of merge operations = 7
number of resulting cycles = 2
cycle lengths after merge (length:number) = {85: 1, 253: 1}
gb-trace iteration=74 subcycle id=C1 vertices=[00i0,00V0,00Z0,00u5,00v5,00i5,00V5,00Z5,00Y5,00W5,00j5,00w5,00y5,00z5,00x5,00k5,00X5,00U5,00W0,00j0,00u2,00v2,00i2,00V2,00Z2,00Y2,00W2,00j2,00w2,00y2,00z2,00x2,00k2,00X2,00U2,00U4,00X4,00k4,00x4,00z4,00y4,00w4,00j4,00W4,00Y4,00Z4,00V4,00i4,00v4,00u4,01u0,01U1,01X1,01k1,01x1,01z1,01y1,01w1,01j1,01W1,01Y1,01Z1,01V1,01i1,01v1,01u1,01i0,01V0,01Z0,01u5,01v5,01i5,01V5,01Z5,01Y5,01W5,01j5,01w5,01y5,01z5,01x5,01k5,01X5,01U5,01W0,01j0,01u2,01v2,01i2,01V2,01Z2,01Y2,01W2,01j2,01w2,01y2,01z2,01x2,01k2,01X2,01U2,01U4,01X4,01k4,01x4,01z4,01y4,01w4,01j4,01W4,01Y4,01Z4,01V4,01i4,01v4,01u4,01z0,01U3,01X3,01k3,01x3,01z3,01y3,01w3,01j3,01W3,01Y3,01Z3,01V3,01i3,01v3,01u3,01k0,01X0,01U0,00U3,00X3,00k3,00x3,00z3,00y3,00w3,00j3,00W3,00Y3,00Z3,00V3,00i3,00v3,00u3,00k0,00X0,00U0,10U0,10X0,10k0,10i0,10V0,10Z0,10u5,10v5,10i5,10V5,10Z5,10Y5,10W5,10j5,10w5,10y5,10z5,10x5,10k5,10X5,10U5,10W0,10j0,10u2,10v2,10i2,10V2,10Z2,10Y2,10W2,10j2,10w2,10y2,10z2,10x2,10k2,10X2,10U2,10U4,10u0,00u0,00U1,00X1,00k1,00x1,00z1,00y1,00w1,00j1,00W1,00Y1,00Z1,00V1,00i1,00v1,00u1]
gb-trace iteration=74 subcycle id=C2 vertices=[10i1,10V1,10Z1,10z1,10x1,10k1,10X1,10U1,10Y1,10W1,10j1,10w1,10y1,10u1,10v1]
gb-trace iteration=74 subcycle id=C3 vertices=[10i3,10V3,10Z3,10z3,10x3,10k3,10X3,10U3,10Y3,10W3,10j3,10w3,10y3,10u3,10v3]
gb-trace iteration=74 subcycle id=C4 vertices=[10i4,10k4,10X4,10x4,10z4,10Z4,10Y4,10W4,10j4,10w4,10y4,10u4,10v4,10V4]
gb-trace iteration=74 subcycle id=C5 vertices=[11i0,11k0,11j0,11u2,11v2,11W0,11U2,11U4,11X4,11x4,11k4,11j4,11i4,11V4,11v4,11u4,11z0,11U3,11X3,11k3,11x3,11z3,11y3,11w3,11j3,11W3,11Y3,11Z3,11V3,11i3,11v3,11u3,11X0,11U0,11X5,11U5,11Y5,11Z5,11V5,11v5,11u5,11Z0,11V0]
gb-trace iteration=74 subcycle id=C6 vertices=[11u0,11Y4,11Z4,11z4,11y4,11w4,11W4]
gb-trace iteration=74 subcycle id=C7 vertices=[11i1,11V1,11Z1,11z1,11x1,11k1,11X1,11U1,11Y1,11W1,11j1,11w1,11y1,11u1,11v1]
gb-trace iteration=74 subcycle id=C8 vertices=[11i2,11V2,11Z2,11Y2,11W2,11j2,11w2,11y2,11z2,11x2,11X2,11k2]
gb-trace iteration=74 subcycle id=C9 vertices=[11i5,11j5,11W5,11w5,11y5,11z5,11x5,11k5]
gb-trace iteration=74 merge C1 + C2 = C10
gb-trace iteration=74 merge C8 + C5 = C11
gb-trace iteration=74 merge C7 + C11 = C12
gb-trace iteration=74 merge C6 + C12 = C13
gb-trace iteration=74 merge C10 + C3 = C14
gb-trace iteration=74 merge C4 + C14 = C15
gb-trace iteration=74 merge C13 + C9 = C16
gb-trace iteration=74 resulting id=C15 vertices=[10i4,10k4,10X4,10U4,10U2,10X2,10k2,10x2,10z2,10y2,10w2,10j2,10W2,10Y2,10Z2,10V2,10i2,10v2,10u2,10j0,10W0,10U5,10X5,10k5,10x5,10z5,10y5,10w5,10j5,10W5,10Y5,10Z5,10V5,10i5,10v5,10u5,10Z0,10V0,10v1,10i1,10V1,10Z1,10z1,10x1,10k1,10X1,10U1,10Y1,10W1,10j1,10w1,10y1,10u1,10i0,10k0,10u3,10v3,10i3,10V3,10Z3,10z3,10x3,10k3,10X3,10U3,10Y3,10W3,10j3,10w3,10y3,10X0,10U0,00U0,00X0,00k0,00u3,00v3,00i3,00V3,00Z3,00Y3,00W3,00j3,00w3,00y3,00z3,00x3,00k3,00X3,00U3,01U0,01X0,01k0,01u3,01v3,01i3,01V3,01Z3,01Y3,01W3,01j3,01w3,01y3,01z3,01x3,01k3,01X3,01U3,01z0,01u4,01v4,01i4,01V4,01Z4,01Y4,01W4,01j4,01w4,01y4,01z4,01x4,01k4,01X4,01U4,01U2,01X2,01k2,01x2,01z2,01y2,01w2,01j2,01W2,01Y2,01Z2,01V2,01i2,01v2,01u2,01j0,01W0,01U5,01X5,01k5,01x5,01z5,01y5,01w5,01j5,01W5,01Y5,01Z5,01V5,01i5,01v5,01u5,01Z0,01V0,01i0,01u1,01v1,01i1,01V1,01Z1,01Y1,01W1,01j1,01w1,01y1,01z1,01x1,01k1,01X1,01U1,01u0,00u4,00v4,00i4,00V4,00Z4,00Y4,00W4,00j4,00w4,00y4,00z4,00x4,00k4,00X4,00U4,00U2,00X2,00k2,00x2,00z2,00y2,00w2,00j2,00W2,00Y2,00Z2,00V2,00i2,00v2,00u2,00j0,00W0,00U5,00X5,00k5,00x5,00z5,00y5,00w5,00j5,00W5,00Y5,00Z5,00V5,00i5,00v5,00u5,00Z0,00V0,00i0,00u1,00v1,00i1,00V1,00Z1,00Y1,00W1,00j1,00w1,00y1,00z1,00x1,00k1,00X1,00U1,00u0,10u0,10x4,10z4,10Z4,10Y4,10W4,10j4,10w4,10y4,10u4,10v4,10V4]
gb-trace iteration=74 resulting id=C16 vertices=[11u0,11X4,11x4,11k4,11j4,11i4,11V4,11v4,11u4,11z0,11U3,11X3,11k3,11x3,11z3,11y3,11w3,11j3,11W3,11Y3,11Z3,11V3,11i3,11v3,11u3,11X0,11U0,11z5,11y5,11w5,11W5,11j5,11i5,11k5,11x5,11X5,11U5,11Y5,11Z5,11V5,11v5,11u5,11Z0,11V0,11y1,11w1,11j1,11W1,11Y1,11U1,11X1,11k1,11x1,11z1,11Z1,11V1,11i1,11v1,11u1,11i0,11k0,11j0,11u2,11v2,11i2,11k2,11X2,11x2,11z2,11y2,11w2,11j2,11W2,11Y2,11Z2,11V2,11W0,11U2,11U4,11Y4,11Z4,11z4,11y4,11w4,11W4]
cut arcs by clause length (length:number) = {4: 4}
number of added block clauses (this increment) = 4
number of added block clauses (accumulated) = 1228
add block clauses time = 387.129us
increment time = 519.369us

CEGAR iteration...
cegar iteration = 75
sat solving time = 20.101878ms
number of subcycles found = 8
cycle lengths before merge (length:number) = {7: 1, 8: 3, 14: 1, 48: 1, 111: 1, 134: 1}
merge operation: 48 + 14 = 62
merge operation: 7 + 111 = 118
merge operation: 8 + 118 = 126
number of merge operations = 3
number of resulting cycles = 5
cycle lengths after merge (length:number) = {8: 2, 62: 1, 126: 1, 134: 1}
gb-trace iteration=75 subcycle id=C1 vertices=[00i0,00V0,00Z0,00u5,00U0,10U0,10V5,10Z5,10z5,10y5,10w5,10W5,10Y5,10U5,10X5,10x5,10k5,10j5,10i5,10v5,10u5,10Z0,10V0,10i0,10u1,10y1,10z1,10x1,10k1,10X1,10U1,10u0,00u0,00U1,00X1,00k1,00x1,00z1,00y1,00w1,00j1,00W1,00Y1,00Z1,00V1,00i1,00v1,00u1]
gb-trace iteration=75 subcycle id=C2 vertices=[00j0,00u2,00W0,00v2,00i2,00V2,00Z2,00Y2,00W2,00j2,00w2,00y2,00z2,00x2,00k2,00X2,00U2,00U4,00X4,00k4,00x4,00z4,00y4,00w4,00j4,00W4,00Y4,00Z4,00V4,00i4,00v4,00u4,01u0,01U1,01X1,01k1,01x1,01z1,01y1,01w1,01j1,01W1,01Y1,01Z1,01V1,01i1,01v1,01u1,01i0,01V0,01Z0,01u5,01v5,01i5,01V5,01Z5,01Y5,01W5,01j5,01w5,01y5,01z5,01x5,01k5,01X5,01U5,01W0,01j0,01u2,01v2,01i2,01V2,01Z2,01Y2,01W2,01j2,01w2,01y2,01z2,01x2,01k2,01X2,01U2,01U4,01X4,01k4,01x4,01z4,01y4,01w4,01j4,01W4,01Y4,01Z4,01V4,01i4,01v4,01u4,01z0,01U3,01X3,01k3,01x3,01z3,01y3,01w3,01j3,01W3,01Y3,01Z3,01V3,01i3,01v3,01u3,01k0,01X0,01U0,00U3,00X3,00k3,00x3,00z3,00y3,00w3,00j3,00W3,00Y3,00Z3,00V3,00i3,00v3,00u3,00X0,00k0]
gb-trace iteration=75 subcycle id=C3 vertices=[00i5,00k5,00x5,00X5,00U5,00Y5,00W5,00j5,00w5,00y5,00z5,00Z5,00V5,00v5]
gb-trace iteration=75 subcycle id=C4 vertices=[10j0,10u2,10v2,10V2,10Z2,10Y2,10W0,10X2,10U2,10U4,10X4,10k4,10x4,10z4,10y4,10w4,10j4,10W4,10Y4,10Z4,10V4,10i4,10v4,10u4,11u0,11U1,11X1,11k1,11x1,11z1,11y1,11w1,11j1,11W1,11Y1,11Z1,11V1,11i1,11v1,11u1,11i0,11V0,11Z0,11u5,11v5,11i5,11V5,11Z5,11Y5,11W5,11j5,11w5,11y5,11z5,11x5,11k5,11X5,11U5,11W0,11j0,11u2,11v2,11i2,11V2,11Z2,11Y2,11W2,11j2,11w2,11y2,11z2,11x2,11k2,11X2,11U2,11U4,11X4,11k4,11x4,11z4,11y4,11w4,11j4,11W4,11Y4,11Z4,11V4,11i4,11v4,11u4,11z0,11U3,11X3,11k3,11x3,11z3,11y3,11u3,11k0,11X0,11U0,10U3,10X3,10x3,10k3,10i3,10V3,10v3,10u3,10X0,10k0]
gb-trace iteration=75 subcycle id=C5 vertices=[10i1,10v1,10V1,10Z1,10Y1,10W1,10w1,10j1]
gb-trace iteration=75 subcycle id=C6 vertices=[10i2,10j2,10W2,10w2,10y2,10z2,10x2,10k2]
gb-trace iteration=75 subcycle id=C7 vertices=[10j3,10w3,10y3,10z3,10Z3,10Y3,10W3]
gb-trace iteration=75 subcycle id=C8 vertices=[11i3,11j3,11w3,11W3,11Y3,11Z3,11V3,11v3]
gb-trace iteration=75 merge C1 + C3 = C9
gb-trace iteration=75 merge C7 + C4 = C10
gb-trace iteration=75 merge C6 + C10 = C11
gb-trace iteration=75 resulting id=C5 vertices=[10i1,10v1,10V1,10Z1,10Y1,10W1,10w1,10j1]
gb-trace iteration=75 resulting id=C2 vertices=[00j0,00u2,00W0,00v2,00i2,00V2,00Z2,00Y2,00W2,00j2,00w2,00y2,00z2,00x2,00k2,00X2,00U2,00U4,00X4,00k4,00x4,00z4,00y4,00w4,00j4,00W4,00Y4,00Z4,00V4,00i4,00v4,00u4,01u0,01U1,01X1,01k1,01x1,01z1,01y1,01w1,01j1,01W1,01Y1,01Z1,01V1,01i1,01v1,01u1,01i0,01V0,01Z0,01u5,01v5,01i5,01V5,01Z5,01Y5,01W5,01j5,01w5,01y5,01z5,01x5,01k5,01X5,01U5,01W0,01j0,01u2,01v2,01i2,01V2,01Z2,01Y2,01W2,01j2,01w2,01y2,01z2,01x2,01k2,01X2,01U2,01U4,01X4,01k4,01x4,01z4,01y4,01w4,01j4,01W4,01Y4,01Z4,01V4,01i4,01v4,01u4,01z0,01U3,01X3,01k3,01x3,01z3,01y3,01w3,01j3,01W3,01Y3,01Z3,01V3,01i3,01v3,01u3,01k0,01X0,01U0,00U3,00X3,00k3,00x3,00z3,00y3,00w3,00j3,00W3,00Y3,00Z3,00V3,00i3,00v3,00u3,00X0,00k0]
gb-trace iteration=75 resulting id=C8 vertices=[11i3,11j3,11w3,11W3,11Y3,11Z3,11V3,11v3]
gb-trace iteration=75 resulting id=C9 vertices=[00i0,00V0,00Z0,00u5,00y5,00w5,00j5,00W5,00Y5,00U5,00X5,00x5,00k5,00i5,00v5,00V5,00Z5,00z5,00U0,10U0,10V5,10Z5,10z5,10y5,10w5,10W5,10Y5,10U5,10X5,10x5,10k5,10j5,10i5,10v5,10u5,10Z0,10V0,10i0,10u1,10y1,10z1,10x1,10k1,10X1,10U1,10u0,00u0,00U1,00X1,00k1,00x1,00z1,00y1,00w1,00j1,00W1,00Y1,00Z1,00V1,00i1,00v1,00u1]
gb-trace iteration=75 resulting id=C11 vertices=[10i2,10j2,10W2,10Y2,10Z2,10V2,10v2,10u2,10j0,10k0,10X0,10w3,10j3,10W3,10Y3,10Z3,10z3,10y3,10u3,10v3,10V3,10i3,10k3,10x3,10X3,10U3,11U0,11X0,11k0,11u3,11y3,11z3,11x3,11k3,11X3,11U3,11z0,11u4,11v4,11i4,11V4,11Z4,11Y4,11W4,11j4,11w4,11y4,11z4,11x4,11k4,11X4,11U4,11U2,11X2,11k2,11x2,11z2,11y2,11w2,11j2,11W2,11Y2,11Z2,11V2,11i2,11v2,11u2,11j0,11W0,11U5,11X5,11k5,11x5,11z5,11y5,11w5,11j5,11W5,11Y5,11Z5,11V5,11i5,11v5,11u5,11Z0,11V0,11i0,11u1,11v1,11i1,11V1,11Z1,11Y1,11W1,11j1,11w1,11y1,11z1,11x1,11k1,11X1,11U1,11u0,10u4,10v4,10i4,10V4,10Z4,10Y4,10W4,10j4,10w4,10y4,10z4,10x4,10k4,10X4,10U4,10U2,10X2,10W0,10w2,10y2,10z2,10x2,10k2]
cut arcs by clause length (length:number) = {12: 4, 18: 2, 30: 2, 48: 2}
number of added block clauses (this increment) = 10
number of added block clauses (accumulated) = 1238
add block clauses time = 389.112us
increment time = 20.490990ms

CEGAR iteration...
cegar iteration = 76
sat solving time = 664.336us
number of subcycles found = 7
cycle lengths before merge (length:number) = {7: 1, 8: 1, 9: 1, 14: 1, 46: 1, 119: 1, 135: 1}
merge operation: 46 + 14 = 60
merge operation: 8 + 119 = 127
merge operation: 7 + 127 = 134
number of merge operations = 3
number of resulting cycles = 4
cycle lengths after merge (length:number) = {9: 1, 60: 1, 134: 1, 135: 1}
gb-trace iteration=76 subcycle id=C1 vertices=[00i0,00j0,00u2,00W0,00v2,00i2,00V2,00Z2,00Y2,00W2,00j2,00w2,00y2,00z2,00x2,00k2,00X2,00U2,00U4,00X4,00k4,00x4,00z4,00y4,00w4,00j4,00W4,00Y4,00Z4,00V4,00i4,00v4,00u4,01u0,01U1,01X1,01k1,01x1,01z1,01y1,01w1,01j1,01W1,01Y1,01Z1,01V1,01i1,01v1,01u1,01i0,01V0,01Z0,01u5,01v5,01i5,01V5,01Z5,01Y5,01W5,01j5,01w5,01y5,01z5,01x5,01k5,01X5,01U5,01W0,01j0,01u2,01v2,01i2,01V2,01Z2,01Y2,01W2,01j2,01w2,01y2,01z2,01x2,01k2,01X2,01U2,01U4,01X4,01k4,01x4,01z4,01y4,01w4,01j4,01W4,01Y4,01Z4,01V4,01i4,01v4,01u4,01z0,01U3,01X3,01k3,01x3,01z3,01y3,01w3,01j3,01W3,01Y3,01Z3,01V3,01i3,01v3,01u3,01k0,01X0,01U0,00U3,00X3,00k3,00x3,00z3,00y3,00w3,00j3,00W3,00Y3,00Z3,00V3,00i3,00v3,00u3,00X0,00k0]
gb-trace iteration=76 subcycle id=C2 vertices=[00u0,00U1,00X1,00k1,00x1,00z1,00y1,00w1,00j1,00W1,00Y1,00Z1,00V1,00i1,00v1,00u1,00V0,00Z0,00u5,00U0,10U0,10V5,10Z5,10z5,10y5,10w5,10W5,10Y5,10U5,10X5,10x5,10k5,10j5,10i5,10v5,10u5,10Z0,10V0,10i0,10u1,10y1,10z1,10x1,10X1,10U1,10u0]
gb-trace iteration=76 subcycle id=C3 vertices=[00i5,00k5,00x5,00X5,00U5,00Y5,00W5,00j5,00w5,00y5,00z5,00Z5,00V5,00v5]
gb-trace iteration=76 subcycle id=C4 vertices=[10j0,10u2,10v2,10V2,10Z2,10Y2,10W0,10X2,10U2,10U4,10X4,10k4,10x4,10z4,10y4,10w4,10j4,10W4,10Y4,10Z4,10V4,10i4,10v4,10u4,11u0,11U1,11X1,11k1,11x1,11z1,11y1,11w1,11j1,11W1,11Y1,11Z1,11V1,11i1,11v1,11u1,11i0,11V0,11Z0,11u5,11v5,11i5,11V5,11Z5,11Y5,11W5,11j5,11w5,11y5,11z5,11x5,11k5,11X5,11U5,11W0,11j0,11u2,11v2,11i2,11V2,11Z2,11Y2,11W2,11j2,11w2,11y2,11z2,11x2,11k2,11X2,11U2,11U4,11X4,11k4,11x4,11z4,11y4,11w4,11j4,11W4,11Y4,11Z4,11V4,11i4,11v4,11u4,11z0,11U3,11X3,11k3,11x3,11z3,11y3,11w3,11j3,11W3,11Y3,11Z3,11V3,11i3,11v3,11u3,11k0,11X0,11U0,10U3,10X3,10x3,10k3,10i3,10V3,10v3,10u3,10X0,10k0]
gb-trace iteration=76 subcycle id=C5 vertices=[10i1,10v1,10V1,10Z1,10Y1,10W1,10w1,10j1,10k1]
gb-trace iteration=76 subcycle id=C6 vertices=[10i2,10j2,10W2,10w2,10y2,10z2,10x2,10k2]
gb-trace iteration=76 subcycle id=C7 vertices=[10j3,10w3,10y3,10z3,10Z3,10Y3,10W3]
gb-trace iteration=76 merge C2 + C3 = C8
gb-trace iteration=76 merge C6 + C4 = C9
gb-trace iteration=76 merge C7 + C9 = C10
gb-trace iteration=76 resulting id=C1 vertices=[00i0,00j0,00u2,00W0,00v2,00i2,00V2,00Z2,00Y2,00W2,00j2,00w2,00y2,00z2,00x2,00k2,00X2,00U2,00U4,00X4,00k4,00x4,00z4,00y4,00w4,00j4,00W4,00Y4,00Z4,00V4,00i4,00v4,00u4,01u0,01U1,01X1,01k1,01x1,01z1,01y1,01w1,01j1,01W1,01Y1,01Z1,01V1,01i1,01v1,01u1,01i0,01V0,01Z0,01u5,01v5,01i5,01V5,01Z5,01Y5,01W5,01j5,01w5,01y5,01z5,01x5,01k5,01X5,01U5,01W0,01j0,01u2,01v2,01i2,01V2,01Z2,01Y2,01W2,01j2,01w2,01y2,01z2,01x2,01k2,01X2,01U2,01U4,01X4,01k4,01x4,01z4,01y4,01w4,01j4,01W4,01Y4,01Z4,01V4,01i4,01v4,01u4,01z0,01U3,01X3,01k3,01x3,01z3,01y3,01w3,01j3,01W3,01Y3,01Z3,01V3,01i3,01v3,01u3,01k0,01X0,01U0,00U3,00X3,00k3,00x3,00z3,00y3,00w3,00j3,00W3,00Y3,00Z3,00V3,00i3,00v3,00u3,00X0,00k0]
gb-trace iteration=76 resulting id=C5 vertices=[10i1,10v1,10V1,10Z1,10Y1,10W1,10w1,10j1,10k1]
gb-trace iteration=76 resulting id=C8 vertices=[00u0,00U1,00X1,00k1,00x1,00z1,00y1,00w1,00j1,00W1,00Y1,00Z1,00V1,00i1,00v1,00u1,00V0,00Z0,00u5,00y5,00w5,00j5,00W5,00Y5,00U5,00X5,00x5,00k5,00i5,00v5,00V5,00Z5,00z5,00U0,10U0,10V5,10Z5,10z5,10y5,10w5,10W5,10Y5,10U5,10X5,10x5,10k5,10j5,10i5,10v5,10u5,10Z0,10V0,10i0,10u1,10y1,10z1,10x1,10X1,10U1,10u0]
gb-trace iteration=76 resulting id=C10 vertices=[10j3,10w3,10X0,10k0,10j0,10u2,10v2,10V2,10Z2,10Y2,10W2,10j2,10i2,10k2,10x2,10z2,10y2,10w2,10W0,10X2,10U2,10U4,10X4,10k4,10x4,10z4,10y4,10w4,10j4,10W4,10Y4,10Z4,10V4,10i4,10v4,10u4,11u0,11U1,11X1,11k1,11x1,11z1,11y1,11w1,11j1,11W1,11Y1,11Z1,11V1,11i1,11v1,11u1,11i0,11V0,11Z0,11u5,11v5,11i5,11V5,11Z5,11Y5,11W5,11j5,11w5,11y5,11z5,11x5,11k5,11X5,11U5,11W0,11j0,11u2,11v2,11i2,11V2,11Z2,11Y2,11W2,11j2,11w2,11y2,11z2,11x2,11k2,11X2,11U2,11U4,11X4,11k4,11x4,11z4,11y4,11w4,11j4,11W4,11Y4,11Z4,11V4,11i4,11v4,11u4,11z0,11U3,11X3,11k3,11x3,11z3,11y3,11w3,11j3,11W3,11Y3,11Z3,11V3,11i3,11v3,11u3,11k0,11X0,11U0,10U3,10X3,10x3,10k3,10i3,10V3,10v3,10u3,10y3,10z3,10Z3,10Y3,10W3]
cut arcs by clause length (length:number) = {12: 2, 18: 4, 48: 2}
number of added block clauses (this increment) = 8
number of added block clauses (accumulated) = 1246
add block clauses time = 348.535us
increment time = 1.012871ms

CEGAR iteration...
cegar iteration = 77
sat solving time = 7.950914ms
number of subcycles found = 9
cycle lengths before merge (length:number) = {6: 1, 8: 2, 9: 2, 11: 1, 14: 1, 21: 1, 252: 1}
merge operation: 252 + 11 = 263
merge operation: 21 + 14 = 35
merge operation: 6 + 35 = 41
merge operation: 9 + 41 = 50
number of merge operations = 4
number of resulting cycles = 5
cycle lengths after merge (length:number) = {8: 2, 9: 1, 50: 1, 263: 1}
gb-trace iteration=77 subcycle id=C1 vertices=[00i0,00V0,00Z0,00u5,00v5,00i5,00V5,00Z5,00Y5,00W5,00j5,00w5,00y5,00z5,00x5,00k5,00X5,00U5,00W0,00j0,00u2,00v2,00i2,00V2,00Z2,00Y2,00W2,00j2,00w2,00y2,00z2,00x2,00k2,00X2,00U2,00U4,00X4,00k4,00x4,00z4,00y4,00w4,00j4,00W4,00Y4,00Z4,00V4,00i4,00v4,00u4,01u0,01U1,01X1,01k1,01x1,01z1,01y1,01w1,01j1,01W1,01Y1,01Z1,01V1,01i1,01v1,01u1,01i0,01V0,01Z0,01u5,01v5,01i5,01V5,01Z5,01Y5,01W5,01j5,01w5,01y5,01z5,01x5,01k5,01X5,01U5,01W0,01j0,01u2,01v2,01i2,01V2,01Z2,01Y2,01U2,01U4,01X4,01k4,01x4,01z4,01y4,01w4,01j4,01W4,01Y4,01Z4,01V4,01i4,01v4,01u4,01z0,01U3,01X3,01k3,01x3,01z3,01y3,01w3,01j3,01W3,01Y3,01Z3,01V3,01i3,01v3,01u3,01k0,01X0,01U0,00U3,00Y3,00W3,00w3,00y3,00u3,00k0,00X0,00U0,10U0,10X0,10k0,10u3,10y3,10z3,10x3,10k3,10X3,10U3,11U0,11X0,11k0,11u3,11v3,11i3,11V3,11Z3,11Y3,11W3,11j3,11w3,11y3,11z3,11x3,11k3,11X3,11U3,11z0,11u4,11v4,11i4,11V4,11Z4,11Y4,11W4,11j4,11w4,11y4,11z4,11x4,11k4,11X4,11U4,11U2,11X2,11k2,11x2,11z2,11y2,11w2,11j2,11W2,11Y2,11Z2,11V2,11i2,11v2,11u2,11j0,11W0,11U5,11X5,11k5,11x5,11z5,11y5,11w5,11j5,11W5,11Y5,11Z5,11V5,11i5,11v5,11u5,11Z0,11V0,11i0,11u1,11v1,11i1,11V1,11Z1,11Y1,11W1,11j1,11w1,11y1,11z1,11x1,11k1,11X1,11U1,11u0,10u4,10v4,10i4,10V4,10u0,00u0,00U1,00X1,00k1,00x1,00z1,00y1,00w1,00j1,00W1,00Y1,00Z1,00V1,00i1,00v1,00u1]
gb-trace iteration=77 subcycle id=C2 vertices=[00i3,00v3,00V3,00Z3,00z3,00x3,00X3,00k3,00j3]
gb-trace iteration=77 subcycle id=C3 vertices=[01j2,01k2,01X2,01x2,01z2,01y2,01w2,01W2]
gb-trace iteration=77 subcycle id=C4 vertices=[10i0,10u1,10V0,10Z0,10u5,10v5,10i5,10V5,10Z5,10Y5,10W5,10j5,10w5,10y5,10z5,10x5,10k5,10X5,10U5,10W0,10j0]
gb-trace iteration=77 subcycle id=C5 vertices=[10i1,10j1,10k1,10x1,10X1,10U1,10Y1,10W1,10w1,10y1,10z1,10Z1,10V1,10v1]
gb-trace iteration=77 subcycle id=C6 vertices=[10i2,10j2,10w2,10W2,10Y2,10U2,10X2,10x2,10k2]
gb-trace iteration=77 subcycle id=C7 vertices=[10u2,10y2,10z2,10Z2,10V2,10v2]
gb-trace iteration=77 subcycle id=C8 vertices=[10i3,10j3,10w3,10W3,10Y3,10Z3,10V3,10v3]
gb-trace iteration=77 subcycle id=C9 vertices=[10j4,10k4,10x4,10X4,10U4,10Y4,10Z4,10z4,10y4,10w4,10W4]
gb-trace iteration=77 merge C1 + C9 = C10
gb-trace iteration=77 merge C4 + C5 = C11
gb-trace iteration=77 merge C7 + C11 = C12
gb-trace iteration=77 merge C6 + C12 = C13
gb-trace iteration=77 resulting id=C8 vertices=[10i3,10j3,10w3,10W3,10Y3,10Z3,10V3,10v3]
gb-trace iteration=77 resulting id=C2 vertices=[00i3,00v3,00V3,00Z3,00z3,00x3,00X3,00k3,00j3]
gb-trace iteration=77 resulting id=C3 vertices=[01j2,01k2,01X2,01x2,01z2,01y2,01w2,01W2]
gb-trace iteration=77 resulting id=C10 vertices=[00i0,00V0,00Z0,00u5,00v5,00i5,00V5,00Z5,00Y5,00W5,00j5,00w5,00y5,00z5,00x5,00k5,00X5,00U5,00W0,00j0,00u2,00v2,00i2,00V2,00Z2,00Y2,00W2,00j2,00w2,00y2,00z2,00x2,00k2,00X2,00U2,00U4,00X4,00k4,00x4,00z4,00y4,00w4,00j4,00W4,00Y4,00Z4,00V4,00i4,00v4,00u4,01u0,01U1,01X1,01k1,01x1,01z1,01y1,01w1,01j1,01W1,01Y1,01Z1,01V1,01i1,01v1,01u1,01i0,01V0,01Z0,01u5,01v5,01i5,01V5,01Z5,01Y5,01W5,01j5,01w5,01y5,01z5,01x5,01k5,01X5,01U5,01W0,01j0,01u2,01v2,01i2,01V2,01Z2,01Y2,01U2,01U4,01X4,01k4,01x4,01z4,01y4,01w4,01j4,01W4,01Y4,01Z4,01V4,01i4,01v4,01u4,01z0,01U3,01X3,01k3,01x3,01z3,01y3,01w3,01j3,01W3,01Y3,01Z3,01V3,01i3,01v3,01u3,01k0,01X0,01U0,00U3,00Y3,00W3,00w3,00y3,00u3,00k0,00X0,00U0,10U0,10X0,10k0,10u3,10y3,10z3,10x3,10k3,10X3,10U3,11U0,11X0,11k0,11u3,11v3,11i3,11V3,11Z3,11Y3,11W3,11j3,11w3,11y3,11z3,11x3,11k3,11X3,11U3,11z0,11u4,11v4,11i4,11V4,11Z4,11Y4,11W4,11j4,11w4,11y4,11z4,11x4,11k4,11X4,11U4,11U2,11X2,11k2,11x2,11z2,11y2,11w2,11j2,11W2,11Y2,11Z2,11V2,11i2,11v2,11u2,11j0,11W0,11U5,11X5,11k5,11x5,11z5,11y5,11w5,11j5,11W5,11Y5,11Z5,11V5,11i5,11v5,11u5,11Z0,11V0,11i0,11u1,11v1,11i1,11V1,11Z1,11Y1,11W1,11j1,11w1,11y1,11z1,11x1,11k1,11X1,11U1,11u0,10u4,10v4,10i4,10V4,10Z4,10Y4,10U4,10X4,10x4,10k4,10j4,10W4,10w4,10y4,10z4,10u0,00u0,00U1,00X1,00k1,00x1,00z1,00y1,00w1,00j1,00W1,00Y1,00Z1,00V1,00i1,00v1,00u1]
gb-trace iteration=77 resulting id=C13 vertices=[10i2,10j2,10w2,10y2,10z2,10Z2,10V2,10v2,10u2,10j0,10i0,10u1,10y1,10w1,10W1,10Y1,10U1,10X1,10x1,10k1,10j1,10i1,10v1,10V1,10Z1,10z1,10V0,10Z0,10u5,10v5,10i5,10V5,10Z5,10Y5,10W5,10j5,10w5,10y5,10z5,10x5,10k5,10X5,10U5,10W0,10W2,10Y2,10U2,10X2,10x2,10k2]
cut arcs by clause length (length:number) = {12: 6, 18: 2, 54: 2}
number of added block clauses (this increment) = 10
number of added block clauses (accumulated) = 1256
add block clauses time = 428.729us
increment time = 8.379643ms

CEGAR iteration...
cegar iteration = 78
sat solving time = 1.046413ms
number of subcycles found = 6
cycle lengths before merge (length:number) = {6: 1, 7: 1, 9: 1, 14: 1, 22: 1, 280: 1}
merge operation: 280 + 7 = 287
merge operation: 6 + 22 = 28
merge operation: 9 + 28 = 37
merge operation: 14 + 37 = 51
number of merge operations = 4
number of resulting cycles = 2
cycle lengths after merge (length:number) = {51: 1, 287: 1}
gb-trace iteration=78 subcycle id=C1 vertices=[00i0,00V0,00Z0,00u5,00v5,00i5,00V5,00Z5,00Y5,00W5,00j5,00w5,00y5,00z5,00x5,00k5,00X5,00U5,00W0,00j0,00u2,00v2,00i2,00V2,00Z2,00Y2,00W2,00j2,00w2,00y2,00z2,00x2,00k2,00X2,00U2,00U4,00X4,00k4,00x4,00z4,00y4,00w4,00j4,00W4,00Y4,00Z4,00V4,00i4,00v4,00u4,01u0,01U1,01X1,01k1,01x1,01z1,01y1,01w1,01j1,01W1,01Y1,01Z1,01V1,01i1,01v1,01u1,01i0,01V0,01Z0,01u5,01v5,01i5,01V5,01Z5,01Y5,01W5,01j5,01w5,01y5,01z5,01x5,01k5,01X5,01U5,01W0,01j0,01u2,01v2,01i2,01V2,01Z2,01Y2,01W2,01j2,01w2,01y2,01z2,01x2,01k2,01X2,01U2,01U4,01X4,01k4,01x4,01z4,01y4,01w4,01j4,01W4,01Y4,01Z4,01V4,01i4,01v4,01u4,01z0,01U3,01X3,01k3,01x3,01z3,01y3,01w3,01j3,01W3,01Y3,01Z3,01V3,01i3,01v3,01u3,01k0,01X0,01U0,00U3,00X3,00k3,00x3,00z3,00y3,00w3,00j3,00W3,00Y3,00Z3,00V3,00i3,00v3,00u3,00k0,00X0,00U0,10U0,10X0,10v3,10u3,10y3,10z3,10x3,10k3,10X3,10U3,11U0,11X0,11k0,11u3,11v3,11i3,11V3,11Z3,11Y3,11W3,11j3,11w3,11y3,11z3,11x3,11k3,11X3,11U3,11z0,11u4,11v4,11i4,11V4,11Z4,11Y4,11W4,11j4,11w4,11y4,11z4,11x4,11k4,11X4,11U4,11U2,11X2,11k2,11x2,11z2,11y2,11w2,11j2,11W2,11Y2,11Z2,11V2,11i2,11v2,11u2,11j0,11W0,11U5,11X5,11k5,11x5,11z5,11y5,11w5,11j5,11W5,11Y5,11Z5,11V5,11i5,11v5,11u5,11Z0,11V0,11i0,11u1,11v1,11i1,11V1,11Z1,11Y1,11W1,11j1,11w1,11y1,11z1,11x1,11k1,11X1,11U1,11u0,10u4,10v4,10i4,10V4,10Z4,10Y4,10W4,10j4,10w4,10y4,10z4,10x4,10k4,10X4,10U4,10u0,00u0,00U1,00X1,00k1,00x1,00z1,00y1,00w1,00j1,00W1,00Y1,00Z1,00V1,00i1,00v1,00u1]
gb-trace iteration=78 subcycle id=C2 vertices=[10i0,10u1,10V0,10Z0,10u5,10v5,10i5,10V5,10Z5,10Y5,10W5,10j5,10w5,10y5,10z5,10x5,10k5,10X5,10U5,10W0,10j0,10k0]
gb-trace iteration=78 subcycle id=C3 vertices=[10i1,10j1,10k1,10x1,10X1,10U1,10Y1,10W1,10w1,10y1,10z1,10Z1,10V1,10v1]
gb-trace iteration=78 subcycle id=C4 vertices=[10i2,10j2,10w2,10W2,10Y2,10U2,10X2,10x2,10k2]
gb-trace iteration=78 subcycle id=C5 vertices=[10u2,10y2,10z2,10Z2,10V2,10v2]
gb-trace iteration=78 subcycle id=C6 vertices=[10i3,10j3,10w3,10W3,10Y3,10Z3,10V3]
gb-trace iteration=78 merge C1 + C6 = C7
gb-trace iteration=78 merge C5 + C2 = C8
gb-trace iteration=78 merge C4 + C8 = C9
gb-trace iteration=78 merge C3 + C9 = C10
gb-trace iteration=78 resulting id=C7 vertices=[00i0,00V0,00Z0,00u5,00v5,00i5,00V5,00Z5,00Y5,00W5,00j5,00w5,00y5,00z5,00x5,00k5,00X5,00U5,00W0,00j0,00u2,00v2,00i2,00V2,00Z2,00Y2,00W2,00j2,00w2,00y2,00z2,00x2,00k2,00X2,00U2,00U4,00X4,00k4,00x4,00z4,00y4,00w4,00j4,00W4,00Y4,00Z4,00V4,00i4,00v4,00u4,01u0,01U1,01X1,01k1,01x1,01z1,01y1,01w1,01j1,01W1,01Y1,01Z1,01V1,01i1,01v1,01u1,01i0,01V0,01Z0,01u5,01v5,01i5,01V5,01Z5,01Y5,01W5,01j5,01w5,01y5,01z5,01x5,01k5,01X5,01U5,01W0,01j0,01u2,01v2,01i2,01V2,01Z2,01Y2,01W2,01j2,01w2,01y2,01z2,01x2,01k2,01X2,01U2,01U4,01X4,01k4,01x4,01z4,01y4,01w4,01j4,01W4,01Y4,01Z4,01V4,01i4,01v4,01u4,01z0,01U3,01X3,01k3,01x3,01z3,01y3,01w3,01j3,01W3,01Y3,01Z3,01V3,01i3,01v3,01u3,01k0,01X0,01U0,00U3,00X3,00k3,00x3,00z3,00y3,00w3,00j3,00W3,00Y3,00Z3,00V3,00i3,00v3,00u3,00k0,00X0,00U0,10U0,10X0,10Z3,10Y3,10W3,10w3,10j3,10i3,10V3,10v3,10u3,10y3,10z3,10x3,10k3,10X3,10U3,11U0,11X0,11k0,11u3,11v3,11i3,11V3,11Z3,11Y3,11W3,11j3,11w3,11y3,11z3,11x3,11k3,11X3,11U3,11z0,11u4,11v4,11i4,11V4,11Z4,11Y4,11W4,11j4,11w4,11y4,11z4,11x4,11k4,11X4,11U4,11U2,11X2,11k2,11x2,11z2,11y2,11w2,11j2,11W2,11Y2,11Z2,11V2,11i2,11v2,11u2,11j0,11W0,11U5,11X5,11k5,11x5,11z5,11y5,11w5,11j5,11W5,11Y5,11Z5,11V5,11i5,11v5,11u5,11Z0,11V0,11i0,11u1,11v1,11i1,11V1,11Z1,11Y1,11W1,11j1,11w1,11y1,11z1,11x1,11k1,11X1,11U1,11u0,10u4,10v4,10i4,10V4,10Z4,10Y4,10W4,10j4,10w4,10y4,10z4,10x4,10k4,10X4,10U4,10u0,00u0,00U1,00X1,00k1,00x1,00z1,00y1,00w1,00j1,00W1,00Y1,00Z1,00V1,00i1,00v1,00u1]
gb-trace iteration=78 resulting id=C10 vertices=[10i1,10j1,10k1,10x1,10X1,10U1,10Y1,10W1,10w1,10V0,10Z0,10u5,10v5,10i5,10V5,10Z5,10Y5,10W5,10j5,10w5,10y5,10z5,10x5,10k5,10X5,10U5,10W0,10W2,10Y2,10U2,10X2,10x2,10k2,10i2,10j2,10w2,10y2,10z2,10Z2,10V2,10v2,10u2,10j0,10k0,10i0,10u1,10y1,10z1,10Z1,10V1,10v1]
cut arcs by clause length (length:number) = {18: 4}
number of added block clauses (this increment) = 4
number of added block clauses (accumulated) = 1260
add block clauses time = 363.709us
increment time = 1.410122ms

CEGAR iteration...
cegar iteration = 79
sat solving time = 875.673us
number of subcycles found = 3
cycle lengths before merge (length:number) = {8: 1, 9: 1, 321: 1}
number of merge operations = 0
number of resulting cycles = 3
cycle lengths after merge (length:number) = {8: 1, 9: 1, 321: 1}
gb-trace iteration=79 subcycle id=C1 vertices=[00i0,00V0,00Z0,00u5,00v5,00i5,00V5,00Z5,00Y5,00W5,00j5,00w5,00y5,00z5,00x5,00k5,00X5,00U5,00W0,00j0,00u2,00v2,00i2,00V2,00Z2,00Y2,00W2,00j2,00w2,00y2,00z2,00x2,00k2,00X2,00U2,00U4,00X4,00k4,00x4,00z4,00y4,00w4,00j4,00W4,00Y4,00Z4,00V4,00i4,00v4,00u4,01u0,01U1,01X1,01k1,01x1,01z1,01y1,01w1,01j1,01W1,01Y1,01Z1,01V1,01i1,01v1,01u1,01i0,01V0,01Z0,01u5,01v5,01i5,01V5,01Z5,01Y5,01W5,01j5,01w5,01y5,01z5,01x5,01k5,01X5,01U5,01W0,01j0,01u2,01v2,01i2,01V2,01Z2,01Y2,01W2,01j2,01w2,01y2,01z2,01x2,01k2,01X2,01U2,01U4,01X4,01k4,01x4,01z4,01y4,01w4,01j4,01W4,01Y4,01Z4,01V4,01i4,01v4,01u4,01z0,01U3,01X3,01k3,01x3,01z3,01y3,01w3,01j3,01W3,01Y3,01Z3,01V3,01i3,01v3,01u3,01k0,01X0,01U0,00U3,00X3,00k3,00x3,00z3,00y3,00w3,00j3,00W3,00Y3,00Z3,00V3,00i3,00v3,00u3,00k0,00X0,00U0,10U0,10X0,10k0,10u3,10y3,10w3,10W3,10Y3,10U3,11U0,11X0,11k0,11u3,11v3,11i3,11V3,11Z3,11Y3,11W3,11j3,11w3,11y3,11z3,11x3,11k3,11X3,11U3,11z0,11u4,11v4,11i4,11V4,11Z4,11Y4,11W4,11j4,11w4,11y4,11z4,11x4,11k4,11X4,11U4,11U2,11X2,11k2,11x2,11z2,11y2,11w2,11j2,11W2,11Y2,11Z2,11V2,11i2,11v2,11u2,11j0,11W0,11U5,11X5,11k5,11x5,11z5,11y5,11w5,11j5,11W5,11Y5,11Z5,11V5,11i5,11v5,11u5,11Z0,11V0,11i0,11u1,11v1,11i1,11V1,11Z1,11Y1,11W1,11j1,11w1,11y1,11z1,11x1,11k1,11X1,11U1,11u0,10u4,10v4,10i4,10V4,10Z4,10Y4,10W4,10j4,10w4,10y4,10z4,10x4,10k4,10X4,10U4,10U2,10X2,10k2,10x2,10z2,10y2,10w2,10j2,10W2,10Y2,10Z2,10V2,10i2,10v2,10u2,10j0,10W0,10U5,10X5,10k5,10x5,10z5,10y5,10w5,10j5,10W5,10Y5,10Z5,10V5,10i5,10v5,10u5,10Z0,10V0,10i0,10u1,10v1,10i1,10V1,10Z1,10Y1,10U1,10u0,00u0,00U1,00X1,00k1,00x1,00z1,00y1,00w1,00j1,00W1,00Y1,00Z1,00V1,00i1,00v1,00u1]
gb-trace iteration=79 subcycle id=C2 vertices=[10j1,10W1,10w1,10y1,10z1,10x1,10X1,10k1]
gb-trace iteration=79 subcycle id=C3 vertices=[10i3,10j3,10k3,10X3,10x3,10z3,10Z3,10V3,10v3]
gb-trace iteration=79 resulting id=C1 vertices=[00i0,00V0,00Z0,00u5,00v5,00i5,00V5,00Z5,00Y5,00W5,00j5,00w5,00y5,00z5,00x5,00k5,00X5,00U5,00W0,00j0,00u2,00v2,00i2,00V2,00Z2,00Y2,00W2,00j2,00w2,00y2,00z2,00x2,00k2,00X2,00U2,00U4,00X4,00k4,00x4,00z4,00y4,00w4,00j4,00W4,00Y4,00Z4,00V4,00i4,00v4,00u4,01u0,01U1,01X1,01k1,01x1,01z1,01y1,01w1,01j1,01W1,01Y1,01Z1,01V1,01i1,01v1,01u1,01i0,01V0,01Z0,01u5,01v5,01i5,01V5,01Z5,01Y5,01W5,01j5,01w5,01y5,01z5,01x5,01k5,01X5,01U5,01W0,01j0,01u2,01v2,01i2,01V2,01Z2,01Y2,01W2,01j2,01w2,01y2,01z2,01x2,01k2,01X2,01U2,01U4,01X4,01k4,01x4,01z4,01y4,01w4,01j4,01W4,01Y4,01Z4,01V4,01i4,01v4,01u4,01z0,01U3,01X3,01k3,01x3,01z3,01y3,01w3,01j3,01W3,01Y3,01Z3,01V3,01i3,01v3,01u3,01k0,01X0,01U0,00U3,00X3,00k3,00x3,00z3,00y3,00w3,00j3,00W3,00Y3,00Z3,00V3,00i3,00v3,00u3,00k0,00X0,00U0,10U0,10X0,10k0,10u3,10y3,10w3,10W3,10Y3,10U3,11U0,11X0,11k0,11u3,11v3,11i3,11V3,11Z3,11Y3,11W3,11j3,11w3,11y3,11z3,11x3,11k3,11X3,11U3,11z0,11u4,11v4,11i4,11V4,11Z4,11Y4,11W4,11j4,11w4,11y4,11z4,11x4,11k4,11X4,11U4,11U2,11X2,11k2,11x2,11z2,11y2,11w2,11j2,11W2,11Y2,11Z2,11V2,11i2,11v2,11u2,11j0,11W0,11U5,11X5,11k5,11x5,11z5,11y5,11w5,11j5,11W5,11Y5,11Z5,11V5,11i5,11v5,11u5,11Z0,11V0,11i0,11u1,11v1,11i1,11V1,11Z1,11Y1,11W1,11j1,11w1,11y1,11z1,11x1,11k1,11X1,11U1,11u0,10u4,10v4,10i4,10V4,10Z4,10Y4,10W4,10j4,10w4,10y4,10z4,10x4,10k4,10X4,10U4,10U2,10X2,10k2,10x2,10z2,10y2,10w2,10j2,10W2,10Y2,10Z2,10V2,10i2,10v2,10u2,10j0,10W0,10U5,10X5,10k5,10x5,10z5,10y5,10w5,10j5,10W5,10Y5,10Z5,10V5,10i5,10v5,10u5,10Z0,10V0,10i0,10u1,10v1,10i1,10V1,10Z1,10Y1,10U1,10u0,00u0,00U1,00X1,00k1,00x1,00z1,00y1,00w1,00j1,00W1,00Y1,00Z1,00V1,00i1,00v1,00u1]
gb-trace iteration=79 resulting id=C2 vertices=[10j1,10W1,10w1,10y1,10z1,10x1,10X1,10k1]
gb-trace iteration=79 resulting id=C3 vertices=[10i3,10j3,10k3,10X3,10x3,10z3,10Z3,10V3,10v3]
cut arcs by clause length (length:number) = {12: 4, 24: 2}
number of added block clauses (this increment) = 6
number of added block clauses (accumulated) = 1266
add block clauses time = 253.368us
increment time = 1.129041ms

CEGAR iteration...
cegar iteration = 80
sat solving time = 554.975us

solution: 
00i0 00V0 00Z0 00u5 00v5 00i5 00V5 00Z5 00Y5 00W5 00j5 00w5 00y5 00z5 00x5 00k5 00X5 00U5 00W0 00j0 00u2 00v2 00i2 00V2 00Z2 00Y2 00W2 00j2 00w2 00y2 00z2 00x2 00k2 00X2 00U2 00U4 00X4 00k4 00x4 00z4 00y4 00w4 00j4 00W4 00Y4 00Z4 00V4 00i4 00v4 00u4 01u0 01U1 01X1 01k1 01x1 01z1 01y1 01w1 01j1 01W1 01Y1 01Z1 01V1 01i1 01v1 01u1 01i0 01V0 01Z0 01u5 01v5 01i5 01V5 01Z5 01Y5 01W5 01j5 01w5 01y5 01z5 01x5 01k5 01X5 01U5 01W0 01j0 01u2 01v2 01i2 01V2 01Z2 01Y2 01W2 01j2 01w2 01y2 01z2 01x2 01k2 01X2 01U2 01U4 01X4 01k4 01x4 01z4 01y4 01w4 01j4 01W4 01Y4 01Z4 01V4 01i4 01v4 01u4 01z0 01U3 01X3 01k3 01x3 01z3 01y3 01w3 01j3 01W3 01Y3 01Z3 01V3 01i3 01v3 01u3 01k0 01X0 01U0 00U3 00X3 00k3 00x3 00z3 00y3 00w3 00j3 00W3 00Y3 00Z3 00V3 00i3 00v3 00u3 00k0 00X0 00U0 10U0 10X0 10k0 10u3 10v3 10i3 10V3 10Z3 10Y3 10W3 10j3 10w3 10y3 10z3 10x3 10k3 10X3 10U3 11U0 11X0 11k0 11u3 11v3 11i3 11V3 11Z3 11Y3 11W3 11j3 11w3 11y3 11z3 11x3 11k3 11X3 11U3 11z0 11u4 11v4 11i4 11V4 11Z4 11Y4 11W4 11j4 11w4 11y4 11z4 11x4 11k4 11X4 11U4 11U2 11X2 11k2 11x2 11z2 11y2 11w2 11j2 11W2 11Y2 11Z2 11V2 11i2 11v2 11u2 11j0 11W0 11U5 11X5 11k5 11x5 11z5 11y5 11w5 11j5 11W5 11Y5 11Z5 11V5 11i5 11v5 11u5 11Z0 11V0 11i0 11u1 11v1 11i1 11V1 11Z1 11Y1 11W1 11j1 11w1 11y1 11z1 11x1 11k1 11X1 11U1 11u0 10u4 10v4 10i4 10V4 10Z4 10Y4 10W4 10j4 10w4 10y4 10z4 10x4 10k4 10X4 10U4 10U2 10X2 10k2 10x2 10z2 10y2 10w2 10j2 10W2 10Y2 10Z2 10V2 10i2 10v2 10u2 10j0 10W0 10U5 10X5 10k5 10x5 10z5 10y5 10w5 10j5 10W5 10Y5 10Z5 10V5 10i5 10v5 10u5 10Z0 10V0 10i0 10u1 10v1 10i1 10V1 10Z1 10Y1 10W1 10j1 10w1 10y1 10z1 10x1 10k1 10X1 10U1 10u0 00u0 00U1 00X1 00k1 00x1 00z1 00y1 00w1 00j1 00W1 00Y1 00Z1 00V1 00i1 00v1 00u1

s SATISFIABLE
overall cegar iterations = 80
overall number of added block clauses = 1266
solving time = 202.018236ms
overall time = 202.419896ms
