solve benchmarks/ham-examples-col/Wgrinberg,1,2.col
file input time = 75.775us
encoding time = 68.074us

encoding clauses number = 702

CEGAR iteration...
cegar iteration = 0
sat solving time = 23.281us
number of subcycles found = 6
cycle lengths before merge (length:number) = {5: 2, 6: 1, 8: 1, 12: 1, 16: 1}
number of merge operations = 0
number of resulting cycles = 6
cycle lengths after merge (length:number) = {5: 2, 6: 1, 8: 1, 12: 1, 16: 1}
gb-trace iteration=0 subcycle id=C1 vertices=[a0,a5,a4,a3,a2,a1]
gb-trace iteration=0 subcycle id=C2 vertices=[b0,0x1,b1,0x2,b2,0x3,b3,0x4,b4,0x5,b5,0x0]
gb-trace iteration=0 subcycle id=C3 vertices=[0p0,1x7,0q5,1x6,0q4,1x5,0q3,1x4,0p3,1x3,0q2,1x2,0q1,1x1,0q0,1x0]
gb-trace iteration=0 subcycle id=C4 vertices=[0r0,0r2,0p2,0p1,0r1]
gb-trace iteration=0 subcycle id=C5 vertices=[0r3,0r5,0p5,0p4,0r4]
gb-trace iteration=0 subcycle id=C6 vertices=[z0,z7,z6,z5,z4,z3,z2,z1]
gb-trace iteration=0 resulting id=C1 vertices=[a0,a5,a4,a3,a2,a1]
gb-trace iteration=0 resulting id=C2 vertices=[b0,0x1,b1,0x2,b2,0x3,b3,0x4,b4,0x5,b5,0x0]
gb-trace iteration=0 resulting id=C3 vertices=[0p0,1x7,0q5,1x6,0q4,1x5,0q3,1x4,0p3,1x3,0q2,1x2,0q1,1x1,0q0,1x0]
gb-trace iteration=0 resulting id=C4 vertices=[0r0,0r2,0p2,0p1,0r1]
gb-trace iteration=0 resulting id=C5 vertices=[0r3,0r5,0p5,0p4,0r4]
gb-trace iteration=0 resulting id=C6 vertices=[z0,z7,z6,z5,z4,z3,z2,z1]
cut arcs by clause length (length:number) = {5: 4, 6: 2, 8: 2, 12: 2, 16: 2}
number of added block clauses (this increment) = 12
number of added block clauses (accumulated) = 12
add block clauses time = 57.720us
increment time = 81.001us

CEGAR iteration...
cegar iteration = 1
sat solving time = 35.389us
number of subcycles found = 2
cycle lengths before merge (length:number) = {14: 1, 38: 1}
number of merge operations = 0
number of resulting cycles = 2
cycle lengths after merge (length:number) = {14: 1, 38: 1}
gb-trace iteration=1 subcycle id=C1 vertices=[a0,a5,a4,b4,0x5,b5,0x0,b0,0x1,b1,0x2,b2,0x3,0p3,1x3,0q2,0r2,0p2,0p1,0r1,0r0,0q1,1x2,z2,z3,z4,1x4,0q3,0r4,0r3,0r5,0p5,0p4,0x4,b3,a3,a2,a1]
gb-trace iteration=1 subcycle id=C2 vertices=[0p0,1x0,0q0,1x1,z1,z0,z7,z6,z5,1x5,0q4,1x6,0q5,1x7]
gb-trace iteration=1 resulting id=C1 vertices=[a0,a5,a4,b4,0x5,b5,0x0,b0,0x1,b1,0x2,b2,0x3,0p3,1x3,0q2,0r2,0p2,0p1,0r1,0r0,0q1,1x2,z2,z3,z4,1x4,0q3,0r4,0r3,0r5,0p5,0p4,0x4,b3,a3,a2,a1]
gb-trace iteration=1 resulting id=C2 vertices=[0p0,1x0,0q0,1x1,z1,z0,z7,z6,z5,1x5,0q4,1x6,0q5,1x7]
cut arcs by clause length (length:number) = {8: 4}
number of added block clauses (this increment) = 4
number of added block clauses (accumulated) = 16
add block clauses time = 32.393us
increment time = 67.782us

CEGAR iteration...
cegar iteration = 2
sat solving time = 20.449us
number of subcycles found = 4
cycle lengths before merge (length:number) = {9: 1, 11: 1, 14: 1, 18: 1}
number of merge operations = 0
number of resulting cycles = 4
cycle lengths after merge (length:number) = {9: 1, 11: 1, 14: 1, 18: 1}
gb-trace iteration=2 subcycle id=C1 vertices=[a0,a5,a4,b4,0x4,b3,a3,a2,a1]
gb-trace iteration=2 subcycle id=C2 vertices=[b0,0x1,b1,0x2,b2,0x3,0p3,1x4,z4,z5,1x5,0q3,0r4,0p4,0p5,0x5,b5,0x0]
gb-trace iteration=2 subcycle id=C3 vertices=[0p0,1x0,0q0,1x1,z1,z0,z7,z6,1x6,0q4,0r3,0r5,0q5,1x7]
gb-trace iteration=2 subcycle id=C4 vertices=[0r0,0q1,1x2,z2,z3,1x3,0q2,0r2,0p2,0p1,0r1]
gb-trace iteration=2 resulting id=C1 vertices=[a0,a5,a4,b4,0x4,b3,a3,a2,a1]
gb-trace iteration=2 resulting id=C2 vertices=[b0,0x1,b1,0x2,b2,0x3,0p3,1x4,z4,z5,1x5,0q3,0r4,0p4,0p5,0x5,b5,0x0]
gb-trace iteration=2 resulting id=C3 vertices=[0p0,1x0,0q0,1x1,z1,z0,z7,z6,1x6,0q4,0r3,0r5,0q5,1x7]
gb-trace iteration=2 resulting id=C4 vertices=[0r0,0q1,1x2,z2,z3,1x3,0q2,0r2,0p2,0p1,0r1]
cut arcs by clause length (length:number) = {7: 4, 8: 2, 16: 2}
number of added block clauses (this increment) = 8
number of added block clauses (accumulated) = 24
add block clauses time = 39.252us
increment time = 59.701us

CEGAR iteration...
cegar iteration = 3
sat solving time = 6.422us
number of subcycles found = 2
cycle lengths before merge (length:number) = {11: 1, 41: 1}
number of merge operations = 0
number of resulting cycles = 2
cycle lengths after merge (length:number) = {11: 1, 41: 1}
gb-trace iteration=3 subcycle id=C1 vertices=[a0,a5,a4,b4,0x4,0p4,0r4,0q3,1x4,0p3,1x3,0q2,0r2,0p2,0p1,0r1,0r0,0q1,1x2,z2,z3,z4,z5,1x5,0q4,0r3,0r5,0p5,0x5,b5,0x0,b0,0x1,b1,0x2,b2,0x3,b3,a3,a2,a1]
gb-trace iteration=3 subcycle id=C2 vertices=[0p0,1x0,0q0,1x1,z1,z0,z7,z6,1x6,0q5,1x7]
gb-trace iteration=3 resulting id=C1 vertices=[a0,a5,a4,b4,0x4,0p4,0r4,0q3,1x4,0p3,1x3,0q2,0r2,0p2,0p1,0r1,0r0,0q1,1x2,z2,z3,z4,z5,1x5,0q4,0r3,0r5,0p5,0x5,b5,0x0,b0,0x1,b1,0x2,b2,0x3,b3,a3,a2,a1]
gb-trace iteration=3 resulting id=C2 vertices=[0p0,1x0,0q0,1x1,z1,z0,z7,z6,1x6,0q5,1x7]
cut arcs by clause length (length:number) = {7: 4}
number of added block clauses (this increment) = 4
number of added block clauses (accumulated) = 28
add block clauses time = 34.049us
increment time = 40.471us

CEGAR iteration...
cegar iteration = 4
sat solving time = 9.158us
number of subcycles found = 2
cycle lengths before merge (length:number) = {17: 1, 35: 1}
number of merge operations = 0
number of resulting cycles = 2
cycle lengths after merge (length:number) = {17: 1, 35: 1}
gb-trace iteration=4 subcycle id=C1 vertices=[a0,a5,a4,b4,0x4,0p4,0r4,0q3,1x4,0p3,1x3,0q2,1x2,z2,z3,z4,z5,1x5,0q4,0r3,0r5,0p5,0x5,b5,0x0,b0,0x1,b1,0x2,b2,0x3,b3,a3,a2,a1]
gb-trace iteration=4 subcycle id=C2 vertices=[0p0,1x0,0q0,0r1,0p1,0p2,0r2,0r0,0q1,1x1,z1,z0,z7,z6,1x6,0q5,1x7]
gb-trace iteration=4 resulting id=C1 vertices=[a0,a5,a4,b4,0x4,0p4,0r4,0q3,1x4,0p3,1x3,0q2,1x2,z2,z3,z4,z5,1x5,0q4,0r3,0r5,0p5,0x5,b5,0x0,b0,0x1,b1,0x2,b2,0x3,b3,a3,a2,a1]
gb-trace iteration=4 resulting id=C2 vertices=[0p0,1x0,0q0,0r1,0p1,0p2,0r2,0r0,0q1,1x1,z1,z0,z7,z6,1x6,0q5,1x7]
cut arcs by clause length (length:number) = {9: 4}
number of added block clauses (this increment) = 4
number of added block clauses (accumulated) = 32
add block clauses time = 41.508us
increment time = 50.666us

CEGAR iteration...
cegar iteration = 5
sat solving time = 36.601us
number of subcycles found = 2
cycle lengths before merge (length:number) = {20: 1, 32: 1}
number of merge operations = 0
number of resulting cycles = 2
cycle lengths after merge (length:number) = {20: 1, 32: 1}
gb-trace iteration=5 subcycle id=C1 vertices=[a0,a5,a4,b4,0x4,0p4,0p5,0x5,b5,0x0,b0,0x1,b1,0x2,b2,0x3,b3,a3,a2,a1]
gb-trace iteration=5 subcycle id=C2 vertices=[0p0,1x0,0q0,0r1,0p1,0p2,0r2,0r0,0q1,1x1,z1,z0,z7,z6,1x6,0q4,1x5,z5,z4,z3,z2,1x2,0q2,1x3,0p3,1x4,0q3,0r4,0r3,0r5,0q5,1x7]
gb-trace iteration=5 resulting id=C1 vertices=[a0,a5,a4,b4,0x4,0p4,0p5,0x5,b5,0x0,b0,0x1,b1,0x2,b2,0x3,b3,a3,a2,a1]
gb-trace iteration=5 resulting id=C2 vertices=[0p0,1x0,0q0,0r1,0p1,0p2,0r2,0r0,0q1,1x1,z1,z0,z7,z6,1x6,0q4,1x5,z5,z4,z3,z2,1x2,0q2,1x3,0p3,1x4,0q3,0r4,0r3,0r5,0q5,1x7]
cut arcs by clause length (length:number) = {6: 4}
number of added block clauses (this increment) = 4
number of added block clauses (accumulated) = 36
add block clauses time = 29.737us
increment time = 66.338us

CEGAR iteration...
cegar iteration = 6
sat solving time = 9.953us
number of subcycles found = 2
cycle lengths before merge (length:number) = {23: 1, 29: 1}
number of merge operations = 0
number of resulting cycles = 2
cycle lengths after merge (length:number) = {23: 1, 29: 1}
gb-trace iteration=6 subcycle id=C1 vertices=[a0,a5,a4,b4,0x4,0p4,0r4,0r3,0r5,0p5,0x5,b5,0x0,b0,0x1,b1,0x2,b2,0x3,b3,a3,a2,a1]
gb-trace iteration=6 subcycle id=C2 vertices=[0p0,1x0,0q0,0r1,0p1,0p2,0r2,0r0,0q1,1x1,z1,z0,z7,z6,z5,z4,z3,z2,1x2,0q2,1x3,0p3,1x4,0q3,1x5,0q4,1x6,0q5,1x7]
gb-trace iteration=6 resulting id=C1 vertices=[a0,a5,a4,b4,0x4,0p4,0r4,0r3,0r5,0p5,0x5,b5,0x0,b0,0x1,b1,0x2,b2,0x3,b3,a3,a2,a1]
gb-trace iteration=6 resulting id=C2 vertices=[0p0,1x0,0q0,0r1,0p1,0p2,0r2,0r0,0q1,1x1,z1,z0,z7,z6,z5,z4,z3,z2,1x2,0q2,1x3,0p3,1x4,0q3,1x5,0q4,1x6,0q5,1x7]
cut arcs by clause length (length:number) = {7: 4}
number of added block clauses (this increment) = 4
number of added block clauses (accumulated) = 40
add block clauses time = 27.474us
increment time = 37.427us

CEGAR iteration...
cegar iteration = 7
sat solving time = 51.565us
number of subcycles found = 2
cycle lengths before merge (length:number) = {20: 1, 32: 1}
number of merge operations = 0
number of resulting cycles = 2
cycle lengths after merge (length:number) = {20: 1, 32: 1}
gb-trace iteration=7 subcycle id=C1 vertices=[a0,a5,a4,b4,0x5,b5,0x0,b0,0x1,b1,0x2,b2,0x3,0p3,1x3,0q2,1x2,z2,z3,z4,1x4,0q3,0r4,0r3,0r5,0p5,0p4,0x4,b3,a3,a2,a1]
gb-trace iteration=7 subcycle id=C2 vertices=[0p0,1x0,0q0,0r1,0p1,0p2,0r2,0r0,0q1,1x1,z1,z0,z7,z6,z5,1x5,0q4,1x6,0q5,1x7]
gb-trace iteration=7 resulting id=C1 vertices=[a0,a5,a4,b4,0x5,b5,0x0,b0,0x1,b1,0x2,b2,0x3,0p3,1x3,0q2,1x2,z2,z3,z4,1x4,0q3,0r4,0r3,0r5,0p5,0p4,0x4,b3,a3,a2,a1]
gb-trace iteration=7 resulting id=C2 vertices=[0p0,1x0,0q0,0r1,0p1,0p2,0r2,0r0,0q1,1x1,z1,z0,z7,z6,z5,1x5,0q4,1x6,0q5,1x7]
cut arcs by clause length (length:number) = {10: 4}
number of added block clauses (this increment) = 4
number of added block clauses (accumulated) = 44
add block clauses time = 29.363us
increment time = 80.928us

CEGAR iteration...
cegar iteration = 8
sat solving time = 53.501us
number of subcycles found = 2
cycle lengths before merge (length:number) = {11: 1, 41: 1}
number of merge operations = 0
number of resulting cycles = 2
cycle lengths after merge (length:number) = {11: 1, 41: 1}
gb-trace iteration=8 subcycle id=C1 vertices=[a0,a5,a4,b4,0x5,b5,0x0,b0,0x1,b1,0x2,b2,0x3,0p3,1x3,0q2,1x2,0q1,0r0,0r2,0p2,0p1,0r1,0q0,1x1,z1,z2,z3,z4,1x4,0q3,0r4,0r3,0r5,0p5,0p4,0x4,b3,a3,a2,a1]
gb-trace iteration=8 subcycle id=C2 vertices=[0p0,1x0,z0,z7,z6,z5,1x5,0q4,1x6,0q5,1x7]
gb-trace iteration=8 resulting id=C1 vertices=[a0,a5,a4,b4,0x5,b5,0x0,b0,0x1,b1,0x2,b2,0x3,0p3,1x3,0q2,1x2,0q1,0r0,0r2,0p2,0p1,0r1,0q0,1x1,z1,z2,z3,z4,1x4,0q3,0r4,0r3,0r5,0p5,0p4,0x4,b3,a3,a2,a1]
gb-trace iteration=8 resulting id=C2 vertices=[0p0,1x0,z0,z7,z6,z5,1x5,0q4,1x6,0q5,1x7]
cut arcs by clause length (length:number) = {7: 4}
number of added block clauses (this increment) = 4
number of added block clauses (accumulated) = 48
add block clauses time = 30.959us
increment time = 84.460us

CEGAR iteration...
cegar iteration = 9
sat solving time = 13.070us
number of subcycles found = 2
cycle lengths before merge (length:number) = {8: 1, 44: 1}
number of merge operations = 0
number of resulting cycles = 2
cycle lengths after merge (length:number) = {8: 1, 44: 1}
gb-trace iteration=9 subcycle id=C1 vertices=[a0,a5,a4,b4,0x4,0p4,0r4,0q3,1x4,0p3,1x3,0q2,1x2,0q1,0r0,0r2,0p2,0p1,0r1,0q0,1x1,z1,z2,z3,z4,z5,1x5,0q4,0r3,0r5,0p5,0x5,b5,0x0,b0,0x1,b1,0x2,b2,0x3,b3,a3,a2,a1]
gb-trace iteration=9 subcycle id=C2 vertices=[0p0,1x0,z0,z7,z6,1x6,0q5,1x7]
gb-trace iteration=9 resulting id=C1 vertices=[a0,a5,a4,b4,0x4,0p4,0r4,0q3,1x4,0p3,1x3,0q2,1x2,0q1,0r0,0r2,0p2,0p1,0r1,0q0,1x1,z1,z2,z3,z4,z5,1x5,0q4,0r3,0r5,0p5,0x5,b5,0x0,b0,0x1,b1,0x2,b2,0x3,b3,a3,a2,a1]
gb-trace iteration=9 resulting id=C2 vertices=[0p0,1x0,z0,z7,z6,1x6,0q5,1x7]
cut arcs by clause length (length:number) = {6: 4}
number of added block clauses (this increment) = 4
number of added block clauses (accumulated) = 52
add block clauses time = 31.199us
increment time = 44.269us

CEGAR iteration...
cegar iteration = 10
sat solving time = 10.516us
number of subcycles found = 2
cycle lengths before merge (length:number) = {20: 1, 32: 1}
number of merge operations = 0
number of resulting cycles = 2
cycle lengths after merge (length:number) = {20: 1, 32: 1}
gb-trace iteration=10 subcycle id=C1 vertices=[a0,a5,a4,b4,0x4,0p4,0r4,0q3,1x4,0p3,1x3,z3,z4,z5,1x5,0q4,0r3,0r5,0p5,0x5,b5,0x0,b0,0x1,b1,0x2,b2,0x3,b3,a3,a2,a1]
gb-trace iteration=10 subcycle id=C2 vertices=[0p0,1x0,0q0,1x1,0q1,0r0,0r1,0p1,0p2,0r2,0q2,1x2,z2,z1,z0,z7,z6,1x6,0q5,1x7]
gb-trace iteration=10 resulting id=C1 vertices=[a0,a5,a4,b4,0x4,0p4,0r4,0q3,1x4,0p3,1x3,z3,z4,z5,1x5,0q4,0r3,0r5,0p5,0x5,b5,0x0,b0,0x1,b1,0x2,b2,0x3,b3,a3,a2,a1]
gb-trace iteration=10 resulting id=C2 vertices=[0p0,1x0,0q0,1x1,0q1,0r0,0r1,0p1,0p2,0r2,0q2,1x2,z2,z1,z0,z7,z6,1x6,0q5,1x7]
cut arcs by clause length (length:number) = {8: 4}
number of added block clauses (this increment) = 4
number of added block clauses (accumulated) = 56
add block clauses time = 29.697us
increment time = 40.213us

CEGAR iteration...
cegar iteration = 11
sat solving time = 20.688us
number of subcycles found = 2
cycle lengths before merge (length:number) = {23: 1, 29: 1}
number of merge operations = 0
number of resulting cycles = 2
cycle lengths after merge (length:number) = {23: 1, 29: 1}
gb-trace iteration=11 subcycle id=C1 vertices=[a0,a5,a4,b4,0x5,b5,0x0,b0,0x1,b1,0x2,b2,0x3,0p3,1x3,z3,z4,1x4,0q3,0r4,0r3,0r5,0p5,0p4,0x4,b3,a3,a2,a1]
gb-trace iteration=11 subcycle id=C2 vertices=[0p0,1x0,0q0,1x1,0q1,0r0,0r1,0p1,0p2,0r2,0q2,1x2,z2,z1,z0,z7,z6,z5,1x5,0q4,1x6,0q5,1x7]
gb-trace iteration=11 resulting id=C1 vertices=[a0,a5,a4,b4,0x5,b5,0x0,b0,0x1,b1,0x2,b2,0x3,0p3,1x3,z3,z4,1x4,0q3,0r4,0r3,0r5,0p5,0p4,0x4,b3,a3,a2,a1]
gb-trace iteration=11 resulting id=C2 vertices=[0p0,1x0,0q0,1x1,0q1,0r0,0r1,0p1,0p2,0r2,0q2,1x2,z2,z1,z0,z7,z6,z5,1x5,0q4,1x6,0q5,1x7]
cut arcs by clause length (length:number) = {9: 4}
number of added block clauses (this increment) = 4
number of added block clauses (accumulated) = 60
add block clauses time = 27.980us
increment time = 48.668us

CEGAR iteration...
cegar iteration = 12
sat solving time = 30.077us
number of subcycles found = 4
cycle lengths before merge (length:number) = {8: 1, 9: 1, 15: 1, 20: 1}
number of merge operations = 0
number of resulting cycles = 4
cycle lengths after merge (length:number) = {8: 1, 9: 1, 15: 1, 20: 1}
gb-trace iteration=12 subcycle id=C1 vertices=[a0,a5,b5,0x5,b4,a4,a3,a2,a1]
gb-trace iteration=12 subcycle id=C2 vertices=[b0,0x1,b1,0x2,b2,0x3,b3,0x4,0p4,0p5,0r5,0q5,1x7,0p0,0x0]
gb-trace iteration=12 subcycle id=C3 vertices=[0q0,1x0,z0,z7,z6,1x6,0q4,0r3,0r4,0q3,1x5,z5,z4,1x4,0p3,1x3,z3,z2,z1,1x1]
gb-trace iteration=12 subcycle id=C4 vertices=[0r0,0r1,0p1,0p2,0r2,0q2,1x2,0q1]
gb-trace iteration=12 resulting id=C1 vertices=[a0,a5,b5,0x5,b4,a4,a3,a2,a1]
gb-trace iteration=12 resulting id=C2 vertices=[b0,0x1,b1,0x2,b2,0x3,b3,0x4,0p4,0p5,0r5,0q5,1x7,0p0,0x0]
gb-trace iteration=12 resulting id=C3 vertices=[0q0,1x0,z0,z7,z6,1x6,0q4,0r3,0r4,0q3,1x5,z5,z4,1x4,0p3,1x3,z3,z2,z1,1x1]
gb-trace iteration=12 resulting id=C4 vertices=[0r0,0r1,0p1,0p2,0r2,0q2,1x2,0q1]
cut arcs by clause length (length:number) = {6: 2, 7: 2, 10: 2, 15: 2}
number of added block clauses (this increment) = 8
number of added block clauses (accumulated) = 68
add block clauses time = 37.883us
increment time = 67.960us

CEGAR iteration...
cegar iteration = 13
sat solving time = 118.692us
number of subcycles found = 2
cycle lengths before merge (length:number) = {8: 1, 44: 1}
number of merge operations = 0
number of resulting cycles = 2
cycle lengths after merge (length:number) = {8: 1, 44: 1}
gb-trace iteration=13 subcycle id=C1 vertices=[a0,a5,b5,0x0,b0,0x1,b1,0x2,b2,0x3,b3,0x4,0p4,0r4,0r3,0q4,1x5,0q3,1x4,0p3,1x3,0q2,0r2,0p2,0p1,0r1,0r0,0q1,1x2,z2,z3,z4,z5,z6,1x6,0q5,0r5,0p5,0x5,b4,a4,a3,a2,a1]
gb-trace iteration=13 subcycle id=C2 vertices=[0p0,1x0,0q0,1x1,z1,z0,z7,1x7]
gb-trace iteration=13 resulting id=C1 vertices=[a0,a5,b5,0x0,b0,0x1,b1,0x2,b2,0x3,b3,0x4,0p4,0r4,0r3,0q4,1x5,0q3,1x4,0p3,1x3,0q2,0r2,0p2,0p1,0r1,0r0,0q1,1x2,z2,z3,z4,z5,z6,1x6,0q5,0r5,0p5,0x5,b4,a4,a3,a2,a1]
gb-trace iteration=13 resulting id=C2 vertices=[0p0,1x0,0q0,1x1,z1,z0,z7,1x7]
cut arcs by clause length (length:number) = {6: 4}
number of added block clauses (this increment) = 4
number of added block clauses (accumulated) = 72
add block clauses time = 28.562us
increment time = 147.254us

CEGAR iteration...
cegar iteration = 14
sat solving time = 10.147us
number of subcycles found = 2
cycle lengths before merge (length:number) = {5: 1, 47: 1}
number of merge operations = 0
number of resulting cycles = 2
cycle lengths after merge (length:number) = {5: 1, 47: 1}
gb-trace iteration=14 subcycle id=C1 vertices=[a0,a5,b5,0x0,b0,0x1,b1,0x2,b2,0x3,b3,0x4,0p4,0r4,0r3,0q4,1x5,0q3,1x4,0p3,1x3,0q2,1x2,0q1,0r0,0r2,0p2,0p1,0r1,0q0,1x1,z1,z2,z3,z4,z5,z6,1x6,0q5,0r5,0p5,0x5,b4,a4,a3,a2,a1]
gb-trace iteration=14 subcycle id=C2 vertices=[0p0,1x0,z0,z7,1x7]
gb-trace iteration=14 resulting id=C1 vertices=[a0,a5,b5,0x0,b0,0x1,b1,0x2,b2,0x3,b3,0x4,0p4,0r4,0r3,0q4,1x5,0q3,1x4,0p3,1x3,0q2,1x2,0q1,0r0,0r2,0p2,0p1,0r1,0q0,1x1,z1,z2,z3,z4,z5,z6,1x6,0q5,0r5,0p5,0x5,b4,a4,a3,a2,a1]
gb-trace iteration=14 resulting id=C2 vertices=[0p0,1x0,z0,z7,1x7]
cut arcs by clause length (length:number) = {5: 4}
number of added block clauses (this increment) = 4
number of added block clauses (accumulated) = 76
add block clauses time = 29.032us
increment time = 39.179us

CEGAR iteration...
cegar iteration = 15
sat solving time = 9.368us
number of subcycles found = 2
cycle lengths before merge (length:number) = {17: 1, 35: 1}
number of merge operations = 0
number of resulting cycles = 2
cycle lengths after merge (length:number) = {17: 1, 35: 1}
gb-trace iteration=15 subcycle id=C1 vertices=[a0,a5,b5,0x0,b0,0x1,b1,0x2,b2,0x3,b3,0x4,0p4,0r4,0r3,0q4,1x5,0q3,1x4,0p3,1x3,z3,z4,z5,z6,1x6,0q5,0r5,0p5,0x5,b4,a4,a3,a2,a1]
gb-trace iteration=15 subcycle id=C2 vertices=[0p0,1x0,0q0,1x1,0q1,0r0,0r1,0p1,0p2,0r2,0q2,1x2,z2,z1,z0,z7,1x7]
gb-trace iteration=15 resulting id=C1 vertices=[a0,a5,b5,0x0,b0,0x1,b1,0x2,b2,0x3,b3,0x4,0p4,0r4,0r3,0q4,1x5,0q3,1x4,0p3,1x3,z3,z4,z5,z6,1x6,0q5,0r5,0p5,0x5,b4,a4,a3,a2,a1]
gb-trace iteration=15 resulting id=C2 vertices=[0p0,1x0,0q0,1x1,0q1,0r0,0r1,0p1,0p2,0r2,0q2,1x2,z2,z1,z0,z7,1x7]
cut arcs by clause length (length:number) = {7: 4}
number of added block clauses (this increment) = 4
number of added block clauses (accumulated) = 80
add block clauses time = 26.939us
increment time = 36.307us

CEGAR iteration...
cegar iteration = 16
sat solving time = 45.636us
number of subcycles found = 2
cycle lengths before merge (length:number) = {14: 1, 38: 1}
number of merge operations = 0
number of resulting cycles = 2
cycle lengths after merge (length:number) = {14: 1, 38: 1}
gb-trace iteration=16 subcycle id=C1 vertices=[a0,a5,b5,0x0,b0,0x1,b1,0x2,b2,0x3,b3,0x4,0p4,0r4,0r3,0q4,1x5,0q3,1x4,0p3,1x3,0q2,1x2,z2,z3,z4,z5,z6,1x6,0q5,0r5,0p5,0x5,b4,a4,a3,a2,a1]
gb-trace iteration=16 subcycle id=C2 vertices=[0p0,1x0,0q0,0r1,0p1,0p2,0r2,0r0,0q1,1x1,z1,z0,z7,1x7]
gb-trace iteration=16 resulting id=C1 vertices=[a0,a5,b5,0x0,b0,0x1,b1,0x2,b2,0x3,b3,0x4,0p4,0r4,0r3,0q4,1x5,0q3,1x4,0p3,1x3,0q2,1x2,z2,z3,z4,z5,z6,1x6,0q5,0r5,0p5,0x5,b4,a4,a3,a2,a1]
gb-trace iteration=16 resulting id=C2 vertices=[0p0,1x0,0q0,0r1,0p1,0p2,0r2,0r0,0q1,1x1,z1,z0,z7,1x7]
cut arcs by clause length (length:number) = {8: 4}
number of added block clauses (this increment) = 4
number of added block clauses (accumulated) = 84
add block clauses time = 27.012us
increment time = 72.648us

CEGAR iteration...
cegar iteration = 17
sat solving time = 37.623us
number of subcycles found = 2
cycle lengths before merge (length:number) = {14: 1, 38: 1}
number of merge operations = 0
number of resulting cycles = 2
cycle lengths after merge (length:number) = {14: 1, 38: 1}
gb-trace iteration=17 subcycle id=C1 vertices=[a0,a5,b5,0x5,0p5,0p4,0r4,0q3,1x4,0p3,1x3,z3,z4,z5,1x5,0q4,0r3,0r5,0q5,1x6,z6,z7,1x7,0p0,0x0,b0,0x1,b1,0x2,b2,0x3,b3,0x4,b4,a4,a3,a2,a1]
gb-trace iteration=17 subcycle id=C2 vertices=[0q0,1x0,z0,z1,z2,1x2,0q2,0r2,0p2,0p1,0r1,0r0,0q1,1x1]
gb-trace iteration=17 resulting id=C1 vertices=[a0,a5,b5,0x5,0p5,0p4,0r4,0q3,1x4,0p3,1x3,z3,z4,z5,1x5,0q4,0r3,0r5,0q5,1x6,z6,z7,1x7,0p0,0x0,b0,0x1,b1,0x2,b2,0x3,b3,0x4,b4,a4,a3,a2,a1]
gb-trace iteration=17 resulting id=C2 vertices=[0q0,1x0,z0,z1,z2,1x2,0q2,0r2,0p2,0p1,0r1,0r0,0q1,1x1]
cut arcs by clause length (length:number) = {6: 4}
number of added block clauses (this increment) = 4
number of added block clauses (accumulated) = 88
add block clauses time = 27.183us
increment time = 64.806us

CEGAR iteration...
cegar iteration = 18
sat solving time = 9.376us
number of subcycles found = 2
cycle lengths before merge (length:number) = {11: 1, 41: 1}
number of merge operations = 0
number of resulting cycles = 2
cycle lengths after merge (length:number) = {11: 1, 41: 1}
gb-trace iteration=18 subcycle id=C1 vertices=[a0,a5,b5,0x5,0p5,0p4,0r4,0q3,1x4,0p3,1x3,0q2,1x2,z2,z3,z4,z5,1x5,0q4,0r3,0r5,0q5,1x6,z6,z7,1x7,0p0,0x0,b0,0x1,b1,0x2,b2,0x3,b3,0x4,b4,a4,a3,a2,a1]
gb-trace iteration=18 subcycle id=C2 vertices=[0q0,1x0,z0,z1,1x1,0q1,0r0,0r2,0p2,0p1,0r1]
gb-trace iteration=18 resulting id=C1 vertices=[a0,a5,b5,0x5,0p5,0p4,0r4,0q3,1x4,0p3,1x3,0q2,1x2,z2,z3,z4,z5,1x5,0q4,0r3,0r5,0q5,1x6,z6,z7,1x7,0p0,0x0,b0,0x1,b1,0x2,b2,0x3,b3,0x4,b4,a4,a3,a2,a1]
gb-trace iteration=18 resulting id=C2 vertices=[0q0,1x0,z0,z1,1x1,0q1,0r0,0r2,0p2,0p1,0r1]
cut arcs by clause length (length:number) = {7: 4}
number of added block clauses (this increment) = 4
number of added block clauses (accumulated) = 92
add block clauses time = 28.922us
increment time = 38.298us

CEGAR iteration...
cegar iteration = 19
sat solving time = 7.552us
number of subcycles found = 2
cycle lengths before merge (length:number) = {5: 1, 47: 1}
number of merge operations = 0
number of resulting cycles = 2
cycle lengths after merge (length:number) = {5: 1, 47: 1}
gb-trace iteration=19 subcycle id=C1 vertices=[a0,a5,b5,0x5,0p5,0p4,0r4,0q3,1x4,0p3,1x3,0q2,0r2,0p2,0p1,0r1,0r0,0q1,1x2,z2,z3,z4,z5,1x5,0q4,0r3,0r5,0q5,1x6,z6,z7,1x7,0p0,0x0,b0,0x1,b1,0x2,b2,0x3,b3,0x4,b4,a4,a3,a2,a1]
gb-trace iteration=19 subcycle id=C2 vertices=[0q0,1x0,z0,z1,1x1]
gb-trace iteration=19 resulting id=C1 vertices=[a0,a5,b5,0x5,0p5,0p4,0r4,0q3,1x4,0p3,1x3,0q2,0r2,0p2,0p1,0r1,0r0,0q1,1x2,z2,z3,z4,z5,1x5,0q4,0r3,0r5,0q5,1x6,z6,z7,1x7,0p0,0x0,b0,0x1,b1,0x2,b2,0x3,b3,0x4,b4,a4,a3,a2,a1]
gb-trace iteration=19 resulting id=C2 vertices=[0q0,1x0,z0,z1,1x1]
cut arcs by clause length (length:number) = {5: 4}
number of added block clauses (this increment) = 4
number of added block clauses (accumulated) = 96
add block clauses time = 25.327us
increment time = 32.879us

CEGAR iteration...
cegar iteration = 20
sat solving time = 131.000us
number of subcycles found = 2
cycle lengths before merge (length:number) = {5: 1, 47: 1}
number of merge operations = 0
number of resulting cycles = 2
cycle lengths after merge (length:number) = {5: 1, 47: 1}
gb-trace iteration=20 subcycle id=C1 vertices=[a0,a5,a4,b4,0x4,0p4,0r4,0q3,1x5,z5,z6,z7,z0,z1,z2,1x2,0q2,0r2,0p2,0p1,0r1,0r0,0q1,1x1,0q0,1x0,0p0,1x7,0q5,1x6,0q4,0r3,0r5,0p5,0x5,b5,0x0,b0,0x1,b1,0x2,b2,0x3,b3,a3,a2,a1]
gb-trace iteration=20 subcycle id=C2 vertices=[0p3,1x4,z4,z3,1x3]
gb-trace iteration=20 resulting id=C1 vertices=[a0,a5,a4,b4,0x4,0p4,0r4,0q3,1x5,z5,z6,z7,z0,z1,z2,1x2,0q2,0r2,0p2,0p1,0r1,0r0,0q1,1x1,0q0,1x0,0p0,1x7,0q5,1x6,0q4,0r3,0r5,0p5,0x5,b5,0x0,b0,0x1,b1,0x2,b2,0x3,b3,a3,a2,a1]
gb-trace iteration=20 resulting id=C2 vertices=[0p3,1x4,z4,z3,1x3]
cut arcs by clause length (length:number) = {5: 4}
number of added block clauses (this increment) = 4
number of added block clauses (accumulated) = 100
add block clauses time = 33.899us
increment time = 164.899us

CEGAR iteration...
cegar iteration = 21
sat solving time = 7.579us
number of subcycles found = 2
cycle lengths before merge (length:number) = {17: 1, 35: 1}
number of merge operations = 0
number of resulting cycles = 2
cycle lengths after merge (length:number) = {17: 1, 35: 1}
gb-trace iteration=21 subcycle id=C1 vertices=[a0,a5,a4,b4,0x4,0p4,0r4,0q3,1x5,z5,z6,z7,z0,1x0,0p0,1x7,0q5,1x6,0q4,0r3,0r5,0p5,0x5,b5,0x0,b0,0x1,b1,0x2,b2,0x3,b3,a3,a2,a1]
gb-trace iteration=21 subcycle id=C2 vertices=[0q0,1x1,z1,z2,z3,z4,1x4,0p3,1x3,0q2,1x2,0q1,0r0,0r2,0p2,0p1,0r1]
gb-trace iteration=21 resulting id=C1 vertices=[a0,a5,a4,b4,0x4,0p4,0r4,0q3,1x5,z5,z6,z7,z0,1x0,0p0,1x7,0q5,1x6,0q4,0r3,0r5,0p5,0x5,b5,0x0,b0,0x1,b1,0x2,b2,0x3,b3,a3,a2,a1]
gb-trace iteration=21 resulting id=C2 vertices=[0q0,1x1,z1,z2,z3,z4,1x4,0p3,1x3,0q2,1x2,0q1,0r0,0r2,0p2,0p1,0r1]
cut arcs by clause length (length:number) = {7: 4}
number of added block clauses (this increment) = 4
number of added block clauses (accumulated) = 104
add block clauses time = 28.394us
increment time = 35.973us

CEGAR iteration...
cegar iteration = 22
sat solving time = 12.487us
number of subcycles found = 2
cycle lengths before merge (length:number) = {20: 1, 32: 1}
number of merge operations = 0
number of resulting cycles = 2
cycle lengths after merge (length:number) = {20: 1, 32: 1}
gb-trace iteration=22 subcycle id=C1 vertices=[a0,a5,a4,b4,0x4,0p4,0r4,0r3,0q4,1x6,z6,z7,z0,1x0,0p0,1x7,0q5,0r5,0p5,0x5,b5,0x0,b0,0x1,b1,0x2,b2,0x3,b3,a3,a2,a1]
gb-trace iteration=22 subcycle id=C2 vertices=[0q0,1x1,z1,z2,z3,z4,z5,1x5,0q3,1x4,0p3,1x3,0q2,1x2,0q1,0r0,0r2,0p2,0p1,0r1]
gb-trace iteration=22 resulting id=C1 vertices=[a0,a5,a4,b4,0x4,0p4,0r4,0r3,0q4,1x6,z6,z7,z0,1x0,0p0,1x7,0q5,0r5,0p5,0x5,b5,0x0,b0,0x1,b1,0x2,b2,0x3,b3,a3,a2,a1]
gb-trace iteration=22 resulting id=C2 vertices=[0q0,1x1,z1,z2,z3,z4,z5,1x5,0q3,1x4,0p3,1x3,0q2,1x2,0q1,0r0,0r2,0p2,0p1,0r1]
cut arcs by clause length (length:number) = {8: 4}
number of added block clauses (this increment) = 4
number of added block clauses (accumulated) = 108
add block clauses time = 28.576us
increment time = 41.063us

CEGAR iteration...
cegar iteration = 23
sat solving time = 7.114us
number of subcycles found = 2
cycle lengths before merge (length:number) = {8: 1, 44: 1}
number of merge operations = 0
number of resulting cycles = 2
cycle lengths after merge (length:number) = {8: 1, 44: 1}
gb-trace iteration=23 subcycle id=C1 vertices=[a0,a5,a4,b4,0x4,0p4,0r4,0r3,0q4,1x6,z6,z7,z0,z1,z2,1x2,0q2,0r2,0p2,0p1,0r1,0r0,0q1,1x1,0q0,1x0,0p0,1x7,0q5,0r5,0p5,0x5,b5,0x0,b0,0x1,b1,0x2,b2,0x3,b3,a3,a2,a1]
gb-trace iteration=23 subcycle id=C2 vertices=[0p3,1x3,z3,z4,z5,1x5,0q3,1x4]
gb-trace iteration=23 resulting id=C1 vertices=[a0,a5,a4,b4,0x4,0p4,0r4,0r3,0q4,1x6,z6,z7,z0,z1,z2,1x2,0q2,0r2,0p2,0p1,0r1,0r0,0q1,1x1,0q0,1x0,0p0,1x7,0q5,0r5,0p5,0x5,b5,0x0,b0,0x1,b1,0x2,b2,0x3,b3,a3,a2,a1]
gb-trace iteration=23 resulting id=C2 vertices=[0p3,1x3,z3,z4,z5,1x5,0q3,1x4]
cut arcs by clause length (length:number) = {6: 4}
number of added block clauses (this increment) = 4
number of added block clauses (accumulated) = 112
add block clauses time = 27.257us
increment time = 34.371us

CEGAR iteration...
cegar iteration = 24
sat solving time = 33.056us
number of subcycles found = 2
cycle lengths before merge (length:number) = {8: 1, 44: 1}
number of merge operations = 0
number of resulting cycles = 2
cycle lengths after merge (length:number) = {8: 1, 44: 1}
gb-trace iteration=24 subcycle id=C1 vertices=[a0,a5,a4,b4,0x4,0p4,0r4,0q3,1x5,z5,z6,z7,z0,z1,1x1,0q1,0r0,0r2,0p2,0p1,0r1,0q0,1x0,0p0,1x7,0q5,1x6,0q4,0r3,0r5,0p5,0x5,b5,0x0,b0,0x1,b1,0x2,b2,0x3,b3,a3,a2,a1]
gb-trace iteration=24 subcycle id=C2 vertices=[0q2,1x2,z2,z3,z4,1x4,0p3,1x3]
gb-trace iteration=24 resulting id=C1 vertices=[a0,a5,a4,b4,0x4,0p4,0r4,0q3,1x5,z5,z6,z7,z0,z1,1x1,0q1,0r0,0r2,0p2,0p1,0r1,0q0,1x0,0p0,1x7,0q5,1x6,0q4,0r3,0r5,0p5,0x5,b5,0x0,b0,0x1,b1,0x2,b2,0x3,b3,a3,a2,a1]
gb-trace iteration=24 resulting id=C2 vertices=[0q2,1x2,z2,z3,z4,1x4,0p3,1x3]
cut arcs by clause length (length:number) = {6: 4}
number of added block clauses (this increment) = 4
number of added block clauses (accumulated) = 116
add block clauses time = 28.054us
increment time = 61.110us

CEGAR iteration...
cegar iteration = 25
sat solving time = 4.022us
number of subcycles found = 2
cycle lengths before merge (length:number) = {14: 1, 38: 1}
number of merge operations = 0
number of resulting cycles = 2
cycle lengths after merge (length:number) = {14: 1, 38: 1}
gb-trace iteration=25 subcycle id=C1 vertices=[a0,a5,a4,b4,0x4,0p4,0r4,0q3,1x5,z5,z6,z7,z0,z1,1x1,0q0,1x0,0p0,1x7,0q5,1x6,0q4,0r3,0r5,0p5,0x5,b5,0x0,b0,0x1,b1,0x2,b2,0x3,b3,a3,a2,a1]
gb-trace iteration=25 subcycle id=C2 vertices=[0r0,0q1,1x2,z2,z3,z4,1x4,0p3,1x3,0q2,0r2,0p2,0p1,0r1]
gb-trace iteration=25 resulting id=C1 vertices=[a0,a5,a4,b4,0x4,0p4,0r4,0q3,1x5,z5,z6,z7,z0,z1,1x1,0q0,1x0,0p0,1x7,0q5,1x6,0q4,0r3,0r5,0p5,0x5,b5,0x0,b0,0x1,b1,0x2,b2,0x3,b3,a3,a2,a1]
gb-trace iteration=25 resulting id=C2 vertices=[0r0,0q1,1x2,z2,z3,z4,1x4,0p3,1x3,0q2,0r2,0p2,0p1,0r1]
cut arcs by clause length (length:number) = {8: 4}
number of added block clauses (this increment) = 4
number of added block clauses (accumulated) = 120
add block clauses time = 26.927us
increment time = 30.949us

CEGAR iteration...
cegar iteration = 26
sat solving time = 21.346us
number of subcycles found = 2
cycle lengths before merge (length:number) = {17: 1, 35: 1}
number of merge operations = 0
number of resulting cycles = 2
cycle lengths after merge (length:number) = {17: 1, 35: 1}
gb-trace iteration=26 subcycle id=C1 vertices=[a0,a5,a4,b4,0x4,0p4,0r4,0r3,0q4,1x6,z6,z7,z0,z1,1x1,0q0,1x0,0p0,1x7,0q5,0r5,0p5,0x5,b5,0x0,b0,0x1,b1,0x2,b2,0x3,b3,a3,a2,a1]
gb-trace iteration=26 subcycle id=C2 vertices=[0r0,0q1,1x2,z2,z3,z4,z5,1x5,0q3,1x4,0p3,1x3,0q2,0r2,0p2,0p1,0r1]
gb-trace iteration=26 resulting id=C1 vertices=[a0,a5,a4,b4,0x4,0p4,0r4,0r3,0q4,1x6,z6,z7,z0,z1,1x1,0q0,1x0,0p0,1x7,0q5,0r5,0p5,0x5,b5,0x0,b0,0x1,b1,0x2,b2,0x3,b3,a3,a2,a1]
gb-trace iteration=26 resulting id=C2 vertices=[0r0,0q1,1x2,z2,z3,z4,z5,1x5,0q3,1x4,0p3,1x3,0q2,0r2,0p2,0p1,0r1]
cut arcs by clause length (length:number) = {9: 4}
number of added block clauses (this increment) = 4
number of added block clauses (accumulated) = 124
add block clauses time = 27.595us
increment time = 48.941us

CEGAR iteration...
cegar iteration = 27
sat solving time = 6.310us
number of subcycles found = 2
cycle lengths before merge (length:number) = {11: 1, 41: 1}
number of merge operations = 0
number of resulting cycles = 2
cycle lengths after merge (length:number) = {11: 1, 41: 1}
gb-trace iteration=27 subcycle id=C1 vertices=[a0,a5,a4,b4,0x4,0p4,0r4,0r3,0q4,1x6,z6,z7,z0,z1,1x1,0q1,0r0,0r2,0p2,0p1,0r1,0q0,1x0,0p0,1x7,0q5,0r5,0p5,0x5,b5,0x0,b0,0x1,b1,0x2,b2,0x3,b3,a3,a2,a1]
gb-trace iteration=27 subcycle id=C2 vertices=[0q2,1x2,z2,z3,z4,z5,1x5,0q3,1x4,0p3,1x3]
gb-trace iteration=27 resulting id=C1 vertices=[a0,a5,a4,b4,0x4,0p4,0r4,0r3,0q4,1x6,z6,z7,z0,z1,1x1,0q1,0r0,0r2,0p2,0p1,0r1,0q0,1x0,0p0,1x7,0q5,0r5,0p5,0x5,b5,0x0,b0,0x1,b1,0x2,b2,0x3,b3,a3,a2,a1]
gb-trace iteration=27 resulting id=C2 vertices=[0q2,1x2,z2,z3,z4,z5,1x5,0q3,1x4,0p3,1x3]
cut arcs by clause length (length:number) = {7: 4}
number of added block clauses (this increment) = 4
number of added block clauses (accumulated) = 128
add block clauses time = 25.457us
increment time = 31.767us

CEGAR iteration...
cegar iteration = 28
sat solving time = 134.325us
number of subcycles found = 2
cycle lengths before merge (length:number) = {5: 1, 47: 1}
number of merge operations = 0
number of resulting cycles = 2
cycle lengths after merge (length:number) = {5: 1, 47: 1}
gb-trace iteration=28 subcycle id=C1 vertices=[a0,a5,a4,b4,0x5,b5,0x0,b0,0x1,b1,0x2,b2,0x3,0p3,1x4,z4,z5,z6,z7,z0,z1,1x1,0q1,0r0,0r2,0p2,0p1,0r1,0q0,1x0,0p0,1x7,0q5,1x6,0q4,1x5,0q3,0r4,0r3,0r5,0p5,0p4,0x4,b3,a3,a2,a1]
gb-trace iteration=28 subcycle id=C2 vertices=[0q2,1x2,z2,z3,1x3]
gb-trace iteration=28 resulting id=C1 vertices=[a0,a5,a4,b4,0x5,b5,0x0,b0,0x1,b1,0x2,b2,0x3,0p3,1x4,z4,z5,z6,z7,z0,z1,1x1,0q1,0r0,0r2,0p2,0p1,0r1,0q0,1x0,0p0,1x7,0q5,1x6,0q4,1x5,0q3,0r4,0r3,0r5,0p5,0p4,0x4,b3,a3,a2,a1]
gb-trace iteration=28 resulting id=C2 vertices=[0q2,1x2,z2,z3,1x3]
cut arcs by clause length (length:number) = {5: 4}
number of added block clauses (this increment) = 4
number of added block clauses (accumulated) = 132
add block clauses time = 27.109us
increment time = 161.434us

CEGAR iteration...
cegar iteration = 29
sat solving time = 4.976us
number of subcycles found = 2
cycle lengths before merge (length:number) = {14: 1, 38: 1}
number of merge operations = 0
number of resulting cycles = 2
cycle lengths after merge (length:number) = {14: 1, 38: 1}
gb-trace iteration=29 subcycle id=C1 vertices=[a0,a5,a4,b4,0x5,b5,0x0,b0,0x1,b1,0x2,b2,0x3,0p3,1x4,z4,z5,z6,z7,z0,1x0,0p0,1x7,0q5,1x6,0q4,1x5,0q3,0r4,0r3,0r5,0p5,0p4,0x4,b3,a3,a2,a1]
gb-trace iteration=29 subcycle id=C2 vertices=[0q0,1x1,z1,z2,z3,1x3,0q2,1x2,0q1,0r0,0r2,0p2,0p1,0r1]
gb-trace iteration=29 resulting id=C1 vertices=[a0,a5,a4,b4,0x5,b5,0x0,b0,0x1,b1,0x2,b2,0x3,0p3,1x4,z4,z5,z6,z7,z0,1x0,0p0,1x7,0q5,1x6,0q4,1x5,0q3,0r4,0r3,0r5,0p5,0p4,0x4,b3,a3,a2,a1]
gb-trace iteration=29 resulting id=C2 vertices=[0q0,1x1,z1,z2,z3,1x3,0q2,1x2,0q1,0r0,0r2,0p2,0p1,0r1]
cut arcs by clause length (length:number) = {6: 4}
number of added block clauses (this increment) = 4
number of added block clauses (accumulated) = 136
add block clauses time = 25.555us
increment time = 30.531us

CEGAR iteration...
cegar iteration = 30
sat solving time = 69.831us
number of subcycles found = 2
cycle lengths before merge (length:number) = {8: 1, 44: 1}
number of merge operations = 0
number of resulting cycles = 2
cycle lengths after merge (length:number) = {8: 1, 44: 1}
gb-trace iteration=30 subcycle id=C1 vertices=[a0,a5,a4,b4,0x5,b5,0x0,b0,0x1,b1,0x2,b2,0x3,0p3,1x4,z4,z3,1x3,0q2,1x2,z2,z1,z0,1x0,0p0,1x7,z7,z6,z5,1x5,0q3,0r4,0r3,0q4,1x6,0q5,0r5,0p5,0p4,0x4,b3,a3,a2,a1]
gb-trace iteration=30 subcycle id=C2 vertices=[0q0,1x1,0q1,0r0,0r2,0p2,0p1,0r1]
gb-trace iteration=30 resulting id=C1 vertices=[a0,a5,a4,b4,0x5,b5,0x0,b0,0x1,b1,0x2,b2,0x3,0p3,1x4,z4,z3,1x3,0q2,1x2,z2,z1,z0,1x0,0p0,1x7,z7,z6,z5,1x5,0q3,0r4,0r3,0q4,1x6,0q5,0r5,0p5,0p4,0x4,b3,a3,a2,a1]
gb-trace iteration=30 resulting id=C2 vertices=[0q0,1x1,0q1,0r0,0r2,0p2,0p1,0r1]
cut arcs by clause length (length:number) = {6: 4}
number of added block clauses (this increment) = 4
number of added block clauses (accumulated) = 140
add block clauses time = 28.075us
increment time = 97.906us

CEGAR iteration...
cegar iteration = 31
sat solving time = 41.882us
number of subcycles found = 2
cycle lengths before merge (length:number) = {20: 1, 32: 1}
number of merge operations = 0
number of resulting cycles = 2
cycle lengths after merge (length:number) = {20: 1, 32: 1}
gb-trace iteration=31 subcycle id=C1 vertices=[a0,a5,b5,0x5,0p5,0p4,0r4,0r3,0r5,0q5,1x7,z7,z0,z1,1x1,0q0,1x0,0p0,0x0,b0,0x1,b1,0x2,b2,0x3,b3,0x4,b4,a4,a3,a2,a1]
gb-trace iteration=31 subcycle id=C2 vertices=[0r0,0q1,1x2,z2,z3,z4,z5,z6,1x6,0q4,1x5,0q3,1x4,0p3,1x3,0q2,0r2,0p2,0p1,0r1]
gb-trace iteration=31 resulting id=C1 vertices=[a0,a5,b5,0x5,0p5,0p4,0r4,0r3,0r5,0q5,1x7,z7,z0,z1,1x1,0q0,1x0,0p0,0x0,b0,0x1,b1,0x2,b2,0x3,b3,0x4,b4,a4,a3,a2,a1]
gb-trace iteration=31 resulting id=C2 vertices=[0r0,0q1,1x2,z2,z3,z4,z5,z6,1x6,0q4,1x5,0q3,1x4,0p3,1x3,0q2,0r2,0p2,0p1,0r1]
cut arcs by clause length (length:number) = {10: 4}
number of added block clauses (this increment) = 4
number of added block clauses (accumulated) = 144
add block clauses time = 28.686us
increment time = 70.568us

CEGAR iteration...
cegar iteration = 32
sat solving time = 13.178us
number of subcycles found = 2
cycle lengths before merge (length:number) = {14: 1, 38: 1}
number of merge operations = 0
number of resulting cycles = 2
cycle lengths after merge (length:number) = {14: 1, 38: 1}
gb-trace iteration=32 subcycle id=C1 vertices=[a0,a5,b5,0x5,0p5,0p4,0r4,0r3,0r5,0q5,1x7,z7,z0,z1,1x1,0q1,0r0,0r2,0p2,0p1,0r1,0q0,1x0,0p0,0x0,b0,0x1,b1,0x2,b2,0x3,b3,0x4,b4,a4,a3,a2,a1]
gb-trace iteration=32 subcycle id=C2 vertices=[0q2,1x2,z2,z3,z4,z5,z6,1x6,0q4,1x5,0q3,1x4,0p3,1x3]
gb-trace iteration=32 resulting id=C1 vertices=[a0,a5,b5,0x5,0p5,0p4,0r4,0r3,0r5,0q5,1x7,z7,z0,z1,1x1,0q1,0r0,0r2,0p2,0p1,0r1,0q0,1x0,0p0,0x0,b0,0x1,b1,0x2,b2,0x3,b3,0x4,b4,a4,a3,a2,a1]
gb-trace iteration=32 resulting id=C2 vertices=[0q2,1x2,z2,z3,z4,z5,z6,1x6,0q4,1x5,0q3,1x4,0p3,1x3]
cut arcs by clause length (length:number) = {8: 4}
number of added block clauses (this increment) = 4
number of added block clauses (accumulated) = 148
add block clauses time = 26.323us
increment time = 39.501us

CEGAR iteration...
cegar iteration = 33
sat solving time = 18.642us
number of subcycles found = 2
cycle lengths before merge (length:number) = {23: 1, 29: 1}
number of merge operations = 0
number of resulting cycles = 2
cycle lengths after merge (length:number) = {23: 1, 29: 1}
gb-trace iteration=33 subcycle id=C1 vertices=[a0,a5,b5,0x5,0p5,0p4,0r4,0r3,0r5,0q5,1x7,z7,z0,1x0,0p0,0x0,b0,0x1,b1,0x2,b2,0x3,b3,0x4,b4,a4,a3,a2,a1]
gb-trace iteration=33 subcycle id=C2 vertices=[0q0,1x1,z1,z2,z3,z4,z5,z6,1x6,0q4,1x5,0q3,1x4,0p3,1x3,0q2,1x2,0q1,0r0,0r2,0p2,0p1,0r1]
gb-trace iteration=33 resulting id=C1 vertices=[a0,a5,b5,0x5,0p5,0p4,0r4,0r3,0r5,0q5,1x7,z7,z0,1x0,0p0,0x0,b0,0x1,b1,0x2,b2,0x3,b3,0x4,b4,a4,a3,a2,a1]
gb-trace iteration=33 resulting id=C2 vertices=[0q0,1x1,z1,z2,z3,z4,z5,z6,1x6,0q4,1x5,0q3,1x4,0p3,1x3,0q2,1x2,0q1,0r0,0r2,0p2,0p1,0r1]
cut arcs by clause length (length:number) = {9: 4}
number of added block clauses (this increment) = 4
number of added block clauses (accumulated) = 152
add block clauses time = 27.413us
increment time = 46.055us

CEGAR iteration...
cegar iteration = 34
sat solving time = 19.343us
number of subcycles found = 2
cycle lengths before merge (length:number) = {11: 1, 41: 1}
number of merge operations = 0
number of resulting cycles = 2
cycle lengths after merge (length:number) = {11: 1, 41: 1}
gb-trace iteration=34 subcycle id=C1 vertices=[a0,a5,b5,0x5,0p5,0p4,0r4,0r3,0r5,0q5,1x7,z7,z0,z1,z2,1x2,0q2,0r2,0p2,0p1,0r1,0r0,0q1,1x1,0q0,1x0,0p0,0x0,b0,0x1,b1,0x2,b2,0x3,b3,0x4,b4,a4,a3,a2,a1]
gb-trace iteration=34 subcycle id=C2 vertices=[0p3,1x3,z3,z4,z5,z6,1x6,0q4,1x5,0q3,1x4]
gb-trace iteration=34 resulting id=C1 vertices=[a0,a5,b5,0x5,0p5,0p4,0r4,0r3,0r5,0q5,1x7,z7,z0,z1,z2,1x2,0q2,0r2,0p2,0p1,0r1,0r0,0q1,1x1,0q0,1x0,0p0,0x0,b0,0x1,b1,0x2,b2,0x3,b3,0x4,b4,a4,a3,a2,a1]
gb-trace iteration=34 resulting id=C2 vertices=[0p3,1x3,z3,z4,z5,z6,1x6,0q4,1x5,0q3,1x4]
cut arcs by clause length (length:number) = {7: 4}
number of added block clauses (this increment) = 4
number of added block clauses (accumulated) = 156
add block clauses time = 27.013us
increment time = 46.356us

CEGAR iteration...
cegar iteration = 35
sat solving time = 129.551us
number of subcycles found = 3
cycle lengths before merge (length:number) = {9: 1, 20: 1, 23: 1}
number of merge operations = 0
number of resulting cycles = 3
cycle lengths after merge (length:number) = {9: 1, 20: 1, 23: 1}
gb-trace iteration=35 subcycle id=C1 vertices=[a0,a5,a4,a3,b3,0x3,b2,a2,a1]
gb-trace iteration=35 subcycle id=C2 vertices=[b0,0x1,b1,0x2,0p2,0p1,0r1,0q0,1x0,0p0,1x7,0q5,0r5,0p5,0p4,0x4,b4,0x5,b5,0x0]
gb-trace iteration=35 subcycle id=C3 vertices=[0r0,0q1,1x1,z1,z0,z7,z6,1x6,0q4,0r3,0r4,0q3,1x5,z5,z4,1x4,0p3,1x3,z3,z2,1x2,0q2,0r2]
gb-trace iteration=35 resulting id=C1 vertices=[a0,a5,a4,a3,b3,0x3,b2,a2,a1]
gb-trace iteration=35 resulting id=C2 vertices=[b0,0x1,b1,0x2,0p2,0p1,0r1,0q0,1x0,0p0,1x7,0q5,0r5,0p5,0p4,0x4,b4,0x5,b5,0x0]
gb-trace iteration=35 resulting id=C3 vertices=[0r0,0q1,1x1,z1,z0,z7,z6,1x6,0q4,0r3,0r4,0q3,1x5,z5,z4,1x4,0p3,1x3,z3,z2,1x2,0q2,0r2]
cut arcs by clause length (length:number) = {7: 2, 9: 2, 14: 2}
number of added block clauses (this increment) = 6
number of added block clauses (accumulated) = 162
add block clauses time = 40.438us
increment time = 169.989us

CEGAR iteration...
cegar iteration = 36
sat solving time = 9.702us
number of subcycles found = 3
cycle lengths before merge (length:number) = {11: 1, 15: 1, 26: 1}
number of merge operations = 0
number of resulting cycles = 3
cycle lengths after merge (length:number) = {11: 1, 15: 1, 26: 1}
gb-trace iteration=36 subcycle id=C1 vertices=[a0,a5,b5,0x5,0p5,0p4,0x4,b4,a4,a3,b3,0x3,b2,a2,a1]
gb-trace iteration=36 subcycle id=C2 vertices=[b0,0x1,b1,0x2,0p2,0p1,0r1,0q0,1x0,0p0,0x0]
gb-trace iteration=36 subcycle id=C3 vertices=[0r0,0q1,1x1,z1,z0,z7,1x7,0q5,0r5,0r3,0r4,0q3,1x5,0q4,1x6,z6,z5,z4,1x4,0p3,1x3,z3,z2,1x2,0q2,0r2]
gb-trace iteration=36 resulting id=C1 vertices=[a0,a5,b5,0x5,0p5,0p4,0x4,b4,a4,a3,b3,0x3,b2,a2,a1]
gb-trace iteration=36 resulting id=C2 vertices=[b0,0x1,b1,0x2,0p2,0p1,0r1,0q0,1x0,0p0,0x0]
gb-trace iteration=36 resulting id=C3 vertices=[0r0,0q1,1x1,z1,z0,z7,1x7,0q5,0r5,0r3,0r4,0q3,1x5,0q4,1x6,z6,z5,z4,1x4,0p3,1x3,z3,z2,1x2,0q2,0r2]
cut arcs by clause length (length:number) = {7: 2, 8: 2, 9: 2}
number of added block clauses (this increment) = 6
number of added block clauses (accumulated) = 168
add block clauses time = 31.052us
increment time = 40.754us

CEGAR iteration...
cegar iteration = 37
sat solving time = 26.303us
number of subcycles found = 3
cycle lengths before merge (length:number) = {8: 1, 17: 1, 27: 1}
number of merge operations = 0
number of resulting cycles = 3
cycle lengths after merge (length:number) = {8: 1, 17: 1, 27: 1}
gb-trace iteration=37 subcycle id=C1 vertices=[a0,a5,b5,0x5,0p5,0r5,0r3,0q4,1x5,z5,z4,z3,1x3,0p3,1x4,0q3,0r4,0p4,0x4,b4,a4,a3,b3,0x3,b2,a2,a1]
gb-trace iteration=37 subcycle id=C2 vertices=[b0,0x1,b1,0x2,0p2,0p1,0r1,0q0,1x0,z0,z7,z6,1x6,0q5,1x7,0p0,0x0]
gb-trace iteration=37 subcycle id=C3 vertices=[0r0,0q1,1x1,z1,z2,1x2,0q2,0r2]
gb-trace iteration=37 resulting id=C1 vertices=[a0,a5,b5,0x5,0p5,0r5,0r3,0q4,1x5,z5,z4,z3,1x3,0p3,1x4,0q3,0r4,0p4,0x4,b4,a4,a3,b3,0x3,b2,a2,a1]
gb-trace iteration=37 resulting id=C2 vertices=[b0,0x1,b1,0x2,0p2,0p1,0r1,0q0,1x0,z0,z7,z6,1x6,0q5,1x7,0p0,0x0]
gb-trace iteration=37 resulting id=C3 vertices=[0r0,0q1,1x1,z1,z2,1x2,0q2,0r2]
cut arcs by clause length (length:number) = {6: 2, 9: 2, 11: 2}
number of added block clauses (this increment) = 6
number of added block clauses (accumulated) = 174
add block clauses time = 35.339us
increment time = 61.642us

CEGAR iteration...
cegar iteration = 38
sat solving time = 71.487us
number of subcycles found = 2
cycle lengths before merge (length:number) = {5: 1, 47: 1}
number of merge operations = 0
number of resulting cycles = 2
cycle lengths after merge (length:number) = {5: 1, 47: 1}
gb-trace iteration=38 subcycle id=C1 vertices=[a0,a5,b5,0x5,0p5,0p4,0r4,0r3,0r5,0q5,1x6,0q4,1x5,0q3,1x4,z4,z5,z6,z7,1x7,0p0,0x0,b0,0x1,b1,0x2,0p2,0p1,0r1,0q0,1x0,z0,z1,1x1,0q1,0r0,0r2,0q2,1x2,z2,z3,1x3,0p3,0x3,b2,a2,a1]
gb-trace iteration=38 subcycle id=C2 vertices=[a3,b3,0x4,b4,a4]
gb-trace iteration=38 resulting id=C1 vertices=[a0,a5,b5,0x5,0p5,0p4,0r4,0r3,0r5,0q5,1x6,0q4,1x5,0q3,1x4,z4,z5,z6,z7,1x7,0p0,0x0,b0,0x1,b1,0x2,0p2,0p1,0r1,0q0,1x0,z0,z1,1x1,0q1,0r0,0r2,0q2,1x2,z2,z3,1x3,0p3,0x3,b2,a2,a1]
gb-trace iteration=38 resulting id=C2 vertices=[a3,b3,0x4,b4,a4]
cut arcs by clause length (length:number) = {5: 4}
number of added block clauses (this increment) = 4
number of added block clauses (accumulated) = 178
add block clauses time = 27.229us
increment time = 98.716us

CEGAR iteration...
cegar iteration = 39
sat solving time = 6.334us
number of subcycles found = 2
cycle lengths before merge (length:number) = {8: 1, 44: 1}
number of merge operations = 0
number of resulting cycles = 2
cycle lengths after merge (length:number) = {8: 1, 44: 1}
gb-trace iteration=39 subcycle id=C1 vertices=[a0,a5,b5,0x5,b4,a4,a3,b3,0x4,0p4,0p5,0r5,0q5,1x6,z6,z7,1x7,0p0,0x0,b0,0x1,b1,0x2,0p2,0p1,0r1,0q0,1x0,z0,z1,1x1,0q1,0r0,0r2,0q2,1x2,z2,z3,1x3,0p3,0x3,b2,a2,a1]
gb-trace iteration=39 subcycle id=C2 vertices=[0q3,0r4,0r3,0q4,1x5,z5,z4,1x4]
gb-trace iteration=39 resulting id=C1 vertices=[a0,a5,b5,0x5,b4,a4,a3,b3,0x4,0p4,0p5,0r5,0q5,1x6,z6,z7,1x7,0p0,0x0,b0,0x1,b1,0x2,0p2,0p1,0r1,0q0,1x0,z0,z1,1x1,0q1,0r0,0r2,0q2,1x2,z2,z3,1x3,0p3,0x3,b2,a2,a1]
gb-trace iteration=39 resulting id=C2 vertices=[0q3,0r4,0r3,0q4,1x5,z5,z4,1x4]
cut arcs by clause length (length:number) = {6: 4}
number of added block clauses (this increment) = 4
number of added block clauses (accumulated) = 182
add block clauses time = 28.701us
increment time = 35.035us

CEGAR iteration...
cegar iteration = 40
sat solving time = 41.244us
number of subcycles found = 2
cycle lengths before merge (length:number) = {8: 1, 44: 1}
number of merge operations = 0
number of resulting cycles = 2
cycle lengths after merge (length:number) = {8: 1, 44: 1}
gb-trace iteration=40 subcycle id=C1 vertices=[a0,a5,b5,0x5,b4,a4,a3,b3,0x4,0p4,0p5,0r5,0q5,1x6,0q4,0r3,0r4,0q3,1x5,z5,z6,z7,1x7,0p0,0x0,b0,0x1,b1,0x2,0p2,0p1,0r1,0r0,0r2,0q2,1x3,z3,z4,1x4,0p3,0x3,b2,a2,a1]
gb-trace iteration=40 subcycle id=C2 vertices=[0q0,1x0,z0,z1,z2,1x2,0q1,1x1]
gb-trace iteration=40 resulting id=C1 vertices=[a0,a5,b5,0x5,b4,a4,a3,b3,0x4,0p4,0p5,0r5,0q5,1x6,0q4,0r3,0r4,0q3,1x5,z5,z6,z7,1x7,0p0,0x0,b0,0x1,b1,0x2,0p2,0p1,0r1,0r0,0r2,0q2,1x3,z3,z4,1x4,0p3,0x3,b2,a2,a1]
gb-trace iteration=40 resulting id=C2 vertices=[0q0,1x0,z0,z1,z2,1x2,0q1,1x1]
cut arcs by clause length (length:number) = {6: 4}
number of added block clauses (this increment) = 4
number of added block clauses (accumulated) = 186
add block clauses time = 27.881us
increment time = 69.125us

CEGAR iteration...
cegar iteration = 41
sat solving time = 23.459us
number of subcycles found = 3
cycle lengths before merge (length:number) = {8: 1, 14: 1, 30: 1}
number of merge operations = 0
number of resulting cycles = 3
cycle lengths after merge (length:number) = {8: 1, 14: 1, 30: 1}
gb-trace iteration=41 subcycle id=C1 vertices=[a0,a5,b5,0x5,b4,a4,a3,b3,0x4,0p4,0p5,0r5,0q5,1x7,z7,z6,1x6,0q4,0r3,0r4,0q3,1x5,z5,z4,1x4,0p3,0x3,b2,a2,a1]
gb-trace iteration=41 subcycle id=C2 vertices=[b0,0x1,b1,0x2,0p2,0p1,0r1,0q0,1x1,z1,z0,1x0,0p0,0x0]
gb-trace iteration=41 subcycle id=C3 vertices=[0r0,0r2,0q2,1x3,z3,z2,1x2,0q1]
gb-trace iteration=41 resulting id=C1 vertices=[a0,a5,b5,0x5,b4,a4,a3,b3,0x4,0p4,0p5,0r5,0q5,1x7,z7,z6,1x6,0q4,0r3,0r4,0q3,1x5,z5,z4,1x4,0p3,0x3,b2,a2,a1]
gb-trace iteration=41 resulting id=C2 vertices=[b0,0x1,b1,0x2,0p2,0p1,0r1,0q0,1x1,z1,z0,1x0,0p0,0x0]
gb-trace iteration=41 resulting id=C3 vertices=[0r0,0r2,0q2,1x3,z3,z2,1x2,0q1]
cut arcs by clause length (length:number) = {6: 2, 8: 2, 10: 2}
number of added block clauses (this increment) = 6
number of added block clauses (accumulated) = 192
add block clauses time = 35.106us
increment time = 58.565us

CEGAR iteration...
cegar iteration = 42
sat solving time = 30.886us
number of subcycles found = 2
cycle lengths before merge (length:number) = {14: 1, 38: 1}
number of merge operations = 0
number of resulting cycles = 2
cycle lengths after merge (length:number) = {14: 1, 38: 1}
gb-trace iteration=42 subcycle id=C1 vertices=[a0,a5,b5,0x0,b0,0x1,b1,0x2,0p2,0p1,0r1,0q0,1x1,z1,z0,1x0,0p0,1x7,z7,z6,z5,1x5,0q3,1x4,z4,z3,z2,1x2,0q1,0r0,0r2,0q2,1x3,0p3,0x3,b2,a2,a1]
gb-trace iteration=42 subcycle id=C2 vertices=[a3,a4,b4,0x5,0p5,0r5,0q5,1x6,0q4,0r3,0r4,0p4,0x4,b3]
gb-trace iteration=42 resulting id=C1 vertices=[a0,a5,b5,0x0,b0,0x1,b1,0x2,0p2,0p1,0r1,0q0,1x1,z1,z0,1x0,0p0,1x7,z7,z6,z5,1x5,0q3,1x4,z4,z3,z2,1x2,0q1,0r0,0r2,0q2,1x3,0p3,0x3,b2,a2,a1]
gb-trace iteration=42 resulting id=C2 vertices=[a3,a4,b4,0x5,0p5,0r5,0q5,1x6,0q4,0r3,0r4,0p4,0x4,b3]
cut arcs by clause length (length:number) = {8: 4}
number of added block clauses (this increment) = 4
number of added block clauses (accumulated) = 196
add block clauses time = 32.941us
increment time = 63.827us

CEGAR iteration...
cegar iteration = 43
sat solving time = 12.560us
number of subcycles found = 2
cycle lengths before merge (length:number) = {8: 1, 44: 1}
number of merge operations = 0
number of resulting cycles = 2
cycle lengths after merge (length:number) = {8: 1, 44: 1}
gb-trace iteration=43 subcycle id=C1 vertices=[a0,a5,a4,a3,b3,0x4,b4,0x5,b5,0x0,b0,0x1,b1,0x2,0p2,0p1,0r1,0q0,1x1,z1,z0,1x0,0p0,1x7,z7,z6,z5,1x5,0q3,1x4,z4,z3,z2,1x2,0q1,0r0,0r2,0q2,1x3,0p3,0x3,b2,a2,a1]
gb-trace iteration=43 subcycle id=C2 vertices=[0r3,0r4,0p4,0p5,0r5,0q5,1x6,0q4]
gb-trace iteration=43 resulting id=C1 vertices=[a0,a5,a4,a3,b3,0x4,b4,0x5,b5,0x0,b0,0x1,b1,0x2,0p2,0p1,0r1,0q0,1x1,z1,z0,1x0,0p0,1x7,z7,z6,z5,1x5,0q3,1x4,z4,z3,z2,1x2,0q1,0r0,0r2,0q2,1x3,0p3,0x3,b2,a2,a1]
gb-trace iteration=43 resulting id=C2 vertices=[0r3,0r4,0p4,0p5,0r5,0q5,1x6,0q4]
cut arcs by clause length (length:number) = {6: 4}
number of added block clauses (this increment) = 4
number of added block clauses (accumulated) = 200
add block clauses time = 27.953us
increment time = 40.513us

CEGAR iteration...
cegar iteration = 44
sat solving time = 21.604us
number of subcycles found = 2
cycle lengths before merge (length:number) = {8: 1, 44: 1}
number of merge operations = 0
number of resulting cycles = 2
cycle lengths after merge (length:number) = {8: 1, 44: 1}
gb-trace iteration=44 subcycle id=C1 vertices=[a0,a5,b5,0x0,b0,0x1,b1,0x2,0p2,0p1,0r1,0q0,1x1,z1,z0,1x0,0p0,1x7,z7,z6,z5,1x5,0q4,1x6,0q5,0r5,0r3,0r4,0q3,1x4,z4,z3,z2,1x2,0q1,0r0,0r2,0q2,1x3,0p3,0x3,b2,a2,a1]
gb-trace iteration=44 subcycle id=C2 vertices=[a3,b3,0x4,0p4,0p5,0x5,b4,a4]
gb-trace iteration=44 resulting id=C1 vertices=[a0,a5,b5,0x0,b0,0x1,b1,0x2,0p2,0p1,0r1,0q0,1x1,z1,z0,1x0,0p0,1x7,z7,z6,z5,1x5,0q4,1x6,0q5,0r5,0r3,0r4,0q3,1x4,z4,z3,z2,1x2,0q1,0r0,0r2,0q2,1x3,0p3,0x3,b2,a2,a1]
gb-trace iteration=44 resulting id=C2 vertices=[a3,b3,0x4,0p4,0p5,0x5,b4,a4]
cut arcs by clause length (length:number) = {6: 4}
number of added block clauses (this increment) = 4
number of added block clauses (accumulated) = 204
add block clauses time = 27.697us
increment time = 49.301us

CEGAR iteration...
cegar iteration = 45
sat solving time = 57.281us
number of subcycles found = 2
cycle lengths before merge (length:number) = {20: 1, 32: 1}
number of merge operations = 0
number of resulting cycles = 2
cycle lengths after merge (length:number) = {20: 1, 32: 1}
gb-trace iteration=45 subcycle id=C1 vertices=[a0,a5,b5,0x0,b0,0x1,b1,0x2,0p2,0p1,0r1,0q0,1x0,0p0,1x7,z7,z0,z1,1x1,0q1,0r0,0r2,0q2,1x2,z2,z3,1x3,0p3,0x3,b2,a2,a1]
gb-trace iteration=45 subcycle id=C2 vertices=[a3,b3,0x4,0p4,0r4,0r3,0q4,1x5,0q3,1x4,z4,z5,z6,1x6,0q5,0r5,0p5,0x5,b4,a4]
gb-trace iteration=45 resulting id=C1 vertices=[a0,a5,b5,0x0,b0,0x1,b1,0x2,0p2,0p1,0r1,0q0,1x0,0p0,1x7,z7,z0,z1,1x1,0q1,0r0,0r2,0q2,1x2,z2,z3,1x3,0p3,0x3,b2,a2,a1]
gb-trace iteration=45 resulting id=C2 vertices=[a3,b3,0x4,0p4,0r4,0r3,0q4,1x5,0q3,1x4,z4,z5,z6,1x6,0q5,0r5,0p5,0x5,b4,a4]
cut arcs by clause length (length:number) = {8: 4}
number of added block clauses (this increment) = 4
number of added block clauses (accumulated) = 208
add block clauses time = 27.592us
increment time = 84.873us

CEGAR iteration...
cegar iteration = 46
sat solving time = 9.906us
number of subcycles found = 2
cycle lengths before merge (length:number) = {14: 1, 38: 1}
number of merge operations = 0
number of resulting cycles = 2
cycle lengths after merge (length:number) = {14: 1, 38: 1}
gb-trace iteration=46 subcycle id=C1 vertices=[a0,a5,a4,a3,b3,0x4,b4,0x5,b5,0x0,b0,0x1,b1,0x2,0p2,0p1,0r1,0q0,1x0,0p0,1x7,z7,z0,z1,1x1,0q1,0r0,0r2,0q2,1x2,z2,z3,1x3,0p3,0x3,b2,a2,a1]
gb-trace iteration=46 subcycle id=C2 vertices=[0q3,1x4,z4,z5,z6,1x6,0q5,0r5,0p5,0p4,0r4,0r3,0q4,1x5]
gb-trace iteration=46 resulting id=C1 vertices=[a0,a5,a4,a3,b3,0x4,b4,0x5,b5,0x0,b0,0x1,b1,0x2,0p2,0p1,0r1,0q0,1x0,0p0,1x7,z7,z0,z1,1x1,0q1,0r0,0r2,0q2,1x2,z2,z3,1x3,0p3,0x3,b2,a2,a1]
gb-trace iteration=46 resulting id=C2 vertices=[0q3,1x4,z4,z5,z6,1x6,0q5,0r5,0p5,0p4,0r4,0r3,0q4,1x5]
cut arcs by clause length (length:number) = {6: 4}
number of added block clauses (this increment) = 4
number of added block clauses (accumulated) = 212
add block clauses time = 26.480us
increment time = 36.386us

CEGAR iteration...
cegar iteration = 47
sat solving time = 15.804us
number of subcycles found = 2
cycle lengths before merge (length:number) = {11: 1, 41: 1}
number of merge operations = 0
number of resulting cycles = 2
cycle lengths after merge (length:number) = {11: 1, 41: 1}
gb-trace iteration=47 subcycle id=C1 vertices=[a0,a5,b5,0x0,b0,0x1,b1,0x2,0p2,0p1,0r1,0q0,1x0,0p0,1x7,0q5,1x6,0q4,1x5,0q3,1x4,z4,z5,z6,z7,z0,z1,1x1,0q1,0r0,0r2,0q2,1x2,z2,z3,1x3,0p3,0x3,b2,a2,a1]
gb-trace iteration=47 subcycle id=C2 vertices=[a3,b3,0x4,0p4,0r4,0r3,0r5,0p5,0x5,b4,a4]
gb-trace iteration=47 resulting id=C1 vertices=[a0,a5,b5,0x0,b0,0x1,b1,0x2,0p2,0p1,0r1,0q0,1x0,0p0,1x7,0q5,1x6,0q4,1x5,0q3,1x4,z4,z5,z6,z7,z0,z1,1x1,0q1,0r0,0r2,0q2,1x2,z2,z3,1x3,0p3,0x3,b2,a2,a1]
gb-trace iteration=47 resulting id=C2 vertices=[a3,b3,0x4,0p4,0r4,0r3,0r5,0p5,0x5,b4,a4]
cut arcs by clause length (length:number) = {7: 4}
number of added block clauses (this increment) = 4
number of added block clauses (accumulated) = 216
add block clauses time = 27.501us
increment time = 43.305us

CEGAR iteration...
cegar iteration = 48
sat solving time = 26.154us
number of subcycles found = 2
cycle lengths before merge (length:number) = {17: 1, 35: 1}
number of merge operations = 0
number of resulting cycles = 2
cycle lengths after merge (length:number) = {17: 1, 35: 1}
gb-trace iteration=48 subcycle id=C1 vertices=[a0,a5,b5,0x0,b0,0x1,b1,0x2,0p2,0p1,0r1,0q0,1x0,0p0,1x7,0q5,1x6,z6,z7,z0,z1,1x1,0q1,0r0,0r2,0q2,1x2,z2,z3,1x3,0p3,0x3,b2,a2,a1]
gb-trace iteration=48 subcycle id=C2 vertices=[a3,a4,b4,0x5,0p5,0r5,0r3,0q4,1x5,z5,z4,1x4,0q3,0r4,0p4,0x4,b3]
gb-trace iteration=48 resulting id=C1 vertices=[a0,a5,b5,0x0,b0,0x1,b1,0x2,0p2,0p1,0r1,0q0,1x0,0p0,1x7,0q5,1x6,z6,z7,z0,z1,1x1,0q1,0r0,0r2,0q2,1x2,z2,z3,1x3,0p3,0x3,b2,a2,a1]
gb-trace iteration=48 resulting id=C2 vertices=[a3,a4,b4,0x5,0p5,0r5,0r3,0q4,1x5,z5,z4,1x4,0q3,0r4,0p4,0x4,b3]
cut arcs by clause length (length:number) = {9: 4}
number of added block clauses (this increment) = 4
number of added block clauses (accumulated) = 220
add block clauses time = 29.878us
increment time = 56.032us

CEGAR iteration...
cegar iteration = 49
sat solving time = 15.219us
number of subcycles found = 2
cycle lengths before merge (length:number) = {5: 1, 47: 1}
number of merge operations = 0
number of resulting cycles = 2
cycle lengths after merge (length:number) = {5: 1, 47: 1}
gb-trace iteration=49 subcycle id=C1 vertices=[a0,a5,b5,0x0,b0,0x1,b1,0x2,0p2,0p1,0r1,0q0,1x0,0p0,1x7,0q5,0r5,0p5,0x5,b4,a4,a3,b3,0x4,0p4,0r4,0r3,0q4,1x6,z6,z7,z0,z1,1x1,0q1,0r0,0r2,0q2,1x2,z2,z3,1x3,0p3,0x3,b2,a2,a1]
gb-trace iteration=49 subcycle id=C2 vertices=[0q3,1x5,z5,z4,1x4]
gb-trace iteration=49 resulting id=C1 vertices=[a0,a5,b5,0x0,b0,0x1,b1,0x2,0p2,0p1,0r1,0q0,1x0,0p0,1x7,0q5,0r5,0p5,0x5,b4,a4,a3,b3,0x4,0p4,0r4,0r3,0q4,1x6,z6,z7,z0,z1,1x1,0q1,0r0,0r2,0q2,1x2,z2,z3,1x3,0p3,0x3,b2,a2,a1]
gb-trace iteration=49 resulting id=C2 vertices=[0q3,1x5,z5,z4,1x4]
cut arcs by clause length (length:number) = {5: 4}
number of added block clauses (this increment) = 4
number of added block clauses (accumulated) = 224
add block clauses time = 25.819us
increment time = 41.038us

CEGAR iteration...
cegar iteration = 50
sat solving time = 14.658us
number of subcycles found = 2
cycle lengths before merge (length:number) = {11: 1, 41: 1}
number of merge operations = 0
number of resulting cycles = 2
cycle lengths after merge (length:number) = {11: 1, 41: 1}
gb-trace iteration=50 subcycle id=C1 vertices=[a0,a5,a4,a3,b3,0x4,b4,0x5,b5,0x0,b0,0x1,b1,0x2,0p2,0p1,0r1,0q0,1x0,0p0,1x7,0q5,1x6,z6,z7,z0,z1,1x1,0q1,0r0,0r2,0q2,1x2,z2,z3,1x3,0p3,0x3,b2,a2,a1]
gb-trace iteration=50 subcycle id=C2 vertices=[0q3,1x4,z4,z5,1x5,0q4,0r3,0r5,0p5,0p4,0r4]
gb-trace iteration=50 resulting id=C1 vertices=[a0,a5,a4,a3,b3,0x4,b4,0x5,b5,0x0,b0,0x1,b1,0x2,0p2,0p1,0r1,0q0,1x0,0p0,1x7,0q5,1x6,z6,z7,z0,z1,1x1,0q1,0r0,0r2,0q2,1x2,z2,z3,1x3,0p3,0x3,b2,a2,a1]
gb-trace iteration=50 resulting id=C2 vertices=[0q3,1x4,z4,z5,1x5,0q4,0r3,0r5,0p5,0p4,0r4]
cut arcs by clause length (length:number) = {7: 4}
number of added block clauses (this increment) = 4
number of added block clauses (accumulated) = 228
add block clauses time = 26.916us
increment time = 41.574us

CEGAR iteration...
cegar iteration = 51
sat solving time = 18.174us
number of subcycles found = 2
cycle lengths before merge (length:number) = {14: 1, 38: 1}
number of merge operations = 0
number of resulting cycles = 2
cycle lengths after merge (length:number) = {14: 1, 38: 1}
gb-trace iteration=51 subcycle id=C1 vertices=[a0,a5,a4,a3,b3,0x4,b4,0x5,b5,0x0,b0,0x1,b1,0x2,0p2,0p1,0r1,0q0,1x1,z1,z2,1x2,0q1,0r0,0r2,0q2,1x3,z3,z4,z5,1x5,0q3,1x4,0p3,0x3,b2,a2,a1]
gb-trace iteration=51 subcycle id=C2 vertices=[0p0,1x7,0q5,0r5,0p5,0p4,0r4,0r3,0q4,1x6,z6,z7,z0,1x0]
gb-trace iteration=51 resulting id=C1 vertices=[a0,a5,a4,a3,b3,0x4,b4,0x5,b5,0x0,b0,0x1,b1,0x2,0p2,0p1,0r1,0q0,1x1,z1,z2,1x2,0q1,0r0,0r2,0q2,1x3,z3,z4,z5,1x5,0q3,1x4,0p3,0x3,b2,a2,a1]
gb-trace iteration=51 resulting id=C2 vertices=[0p0,1x7,0q5,0r5,0p5,0p4,0r4,0r3,0q4,1x6,z6,z7,z0,1x0]
cut arcs by clause length (length:number) = {8: 4}
number of added block clauses (this increment) = 4
number of added block clauses (accumulated) = 232
add block clauses time = 26.965us
increment time = 45.139us

CEGAR iteration...
cegar iteration = 52
sat solving time = 11.201us
number of subcycles found = 2
cycle lengths before merge (length:number) = {17: 1, 35: 1}
number of merge operations = 0
number of resulting cycles = 2
cycle lengths after merge (length:number) = {17: 1, 35: 1}
gb-trace iteration=52 subcycle id=C1 vertices=[a0,a5,a4,a3,b3,0x4,b4,0x5,b5,0x0,b0,0x1,b1,0x2,0p2,0p1,0r1,0q0,1x1,z1,z2,1x2,0q1,0r0,0r2,0q2,1x3,z3,z4,1x4,0p3,0x3,b2,a2,a1]
gb-trace iteration=52 subcycle id=C2 vertices=[0p0,1x7,0q5,1x6,0q4,0r3,0r5,0p5,0p4,0r4,0q3,1x5,z5,z6,z7,z0,1x0]
gb-trace iteration=52 resulting id=C1 vertices=[a0,a5,a4,a3,b3,0x4,b4,0x5,b5,0x0,b0,0x1,b1,0x2,0p2,0p1,0r1,0q0,1x1,z1,z2,1x2,0q1,0r0,0r2,0q2,1x3,z3,z4,1x4,0p3,0x3,b2,a2,a1]
gb-trace iteration=52 resulting id=C2 vertices=[0p0,1x7,0q5,1x6,0q4,0r3,0r5,0p5,0p4,0r4,0q3,1x5,z5,z6,z7,z0,1x0]
cut arcs by clause length (length:number) = {7: 4}
number of added block clauses (this increment) = 4
number of added block clauses (accumulated) = 236
add block clauses time = 27.528us
increment time = 38.729us

CEGAR iteration...
cegar iteration = 53
sat solving time = 78.228us
number of subcycles found = 2
cycle lengths before merge (length:number) = {8: 1, 44: 1}
number of merge operations = 0
number of resulting cycles = 2
cycle lengths after merge (length:number) = {8: 1, 44: 1}
gb-trace iteration=53 subcycle id=C1 vertices=[a0,a5,b5,0x5,b4,a4,a3,b3,0x4,0p4,0p5,0r5,0q5,1x7,z7,z0,1x0,0p0,0x0,b0,0x1,b1,0x2,0p2,0p1,0r1,0q0,1x1,z1,z2,1x2,0q1,0r0,0r2,0q2,1x3,z3,z4,1x4,0p3,0x3,b2,a2,a1]
gb-trace iteration=53 subcycle id=C2 vertices=[0q3,0r4,0r3,0q4,1x6,z6,z5,1x5]
gb-trace iteration=53 resulting id=C1 vertices=[a0,a5,b5,0x5,b4,a4,a3,b3,0x4,0p4,0p5,0r5,0q5,1x7,z7,z0,1x0,0p0,0x0,b0,0x1,b1,0x2,0p2,0p1,0r1,0q0,1x1,z1,z2,1x2,0q1,0r0,0r2,0q2,1x3,z3,z4,1x4,0p3,0x3,b2,a2,a1]
gb-trace iteration=53 resulting id=C2 vertices=[0q3,0r4,0r3,0q4,1x6,z6,z5,1x5]
cut arcs by clause length (length:number) = {6: 4}
number of added block clauses (this increment) = 4
number of added block clauses (accumulated) = 240
add block clauses time = 27.567us
increment time = 105.795us

CEGAR iteration...
cegar iteration = 54
sat solving time = 128.412us
number of subcycles found = 4
cycle lengths before merge (length:number) = {5: 1, 14: 1, 16: 1, 17: 1}
number of merge operations = 0
number of resulting cycles = 4
cycle lengths after merge (length:number) = {5: 1, 14: 1, 16: 1, 17: 1}
gb-trace iteration=54 subcycle id=C1 vertices=[a0,a1,b1,0x1,b0,0x0,b5,0x5,0p5,0r5,0r3,0r4,0p4,0x4,b4,a4,a5]
gb-trace iteration=54 subcycle id=C2 vertices=[a2,b2,0x2,0p2,0p1,0r1,0q0,1x1,z1,z2,z3,1x3,0p3,0x3,b3,a3]
gb-trace iteration=54 subcycle id=C3 vertices=[0p0,1x7,0q5,1x6,0q4,1x5,0q3,1x4,z4,z5,z6,z7,z0,1x0]
gb-trace iteration=54 subcycle id=C4 vertices=[0r0,0q1,1x2,0q2,0r2]
gb-trace iteration=54 resulting id=C1 vertices=[a0,a1,b1,0x1,b0,0x0,b5,0x5,0p5,0r5,0r3,0r4,0p4,0x4,b4,a4,a5]
gb-trace iteration=54 resulting id=C2 vertices=[a2,b2,0x2,0p2,0p1,0r1,0q0,1x1,z1,z2,z3,1x3,0p3,0x3,b3,a3]
gb-trace iteration=54 resulting id=C3 vertices=[0p0,1x7,0q5,1x6,0q4,1x5,0q3,1x4,z4,z5,z6,z7,z0,1x0]
gb-trace iteration=54 resulting id=C4 vertices=[0r0,0q1,1x2,0q2,0r2]
cut arcs by clause length (length:number) = {5: 2, 8: 2, 9: 2, 14: 2}
number of added block clauses (this increment) = 8
number of added block clauses (accumulated) = 248
add block clauses time = 38.837us
increment time = 167.249us

CEGAR iteration...
cegar iteration = 55
sat solving time = 16.362us
number of subcycles found = 2
cycle lengths before merge (length:number) = {20: 1, 32: 1}
number of merge operations = 0
number of resulting cycles = 2
cycle lengths after merge (length:number) = {20: 1, 32: 1}
gb-trace iteration=55 subcycle id=C1 vertices=[a0,b0,0x1,b1,a1,a2,a3,b3,0x3,b2,0x2,0p2,0p1,0r1,0q0,1x1,z1,z0,1x0,0p0,0x0,b5,0x5,0p5,0r5,0r3,0r4,0p4,0x4,b4,a4,a5]
gb-trace iteration=55 subcycle id=C2 vertices=[0r0,0q1,1x2,z2,z3,z4,z5,z6,z7,1x7,0q5,1x6,0q4,1x5,0q3,1x4,0p3,1x3,0q2,0r2]
gb-trace iteration=55 resulting id=C1 vertices=[a0,b0,0x1,b1,a1,a2,a3,b3,0x3,b2,0x2,0p2,0p1,0r1,0q0,1x1,z1,z0,1x0,0p0,0x0,b5,0x5,0p5,0r5,0r3,0r4,0p4,0x4,b4,a4,a5]
gb-trace iteration=55 resulting id=C2 vertices=[0r0,0q1,1x2,z2,z3,z4,z5,z6,z7,1x7,0q5,1x6,0q4,1x5,0q3,1x4,0p3,1x3,0q2,0r2]
cut arcs by clause length (length:number) = {10: 4}
number of added block clauses (this increment) = 4
number of added block clauses (accumulated) = 252
add block clauses time = 30.592us
increment time = 46.954us

CEGAR iteration...
cegar iteration = 56
sat solving time = 157.672us
number of subcycles found = 2
cycle lengths before merge (length:number) = {11: 1, 41: 1}
number of merge operations = 0
number of resulting cycles = 2
cycle lengths after merge (length:number) = {11: 1, 41: 1}
gb-trace iteration=56 subcycle id=C1 vertices=[a0,a1,a2,a3,b3,0x3,b2,0x2,b1,0x1,0p1,0p2,0r2,0q2,1x3,0p3,1x4,0q3,1x5,0q4,1x6,0q5,1x7,z7,z6,z5,z4,z3,z2,1x2,0q1,0r0,0r1,0q0,1x1,z1,z0,1x0,0p0,0x0,b0]
gb-trace iteration=56 subcycle id=C2 vertices=[a4,b4,0x4,0p4,0r4,0r3,0r5,0p5,0x5,b5,a5]
gb-trace iteration=56 resulting id=C1 vertices=[a0,a1,a2,a3,b3,0x3,b2,0x2,b1,0x1,0p1,0p2,0r2,0q2,1x3,0p3,1x4,0q3,1x5,0q4,1x6,0q5,1x7,z7,z6,z5,z4,z3,z2,1x2,0q1,0r0,0r1,0q0,1x1,z1,z0,1x0,0p0,0x0,b0]
gb-trace iteration=56 resulting id=C2 vertices=[a4,b4,0x4,0p4,0r4,0r3,0r5,0p5,0x5,b5,a5]
cut arcs by clause length (length:number) = {7: 4}
number of added block clauses (this increment) = 4
number of added block clauses (accumulated) = 256
add block clauses time = 31.351us
increment time = 189.023us

CEGAR iteration...
cegar iteration = 57
sat solving time = 39.206us
number of subcycles found = 2
cycle lengths before merge (length:number) = {17: 1, 35: 1}
number of merge operations = 0
number of resulting cycles = 2
cycle lengths after merge (length:number) = {17: 1, 35: 1}
gb-trace iteration=57 subcycle id=C1 vertices=[a0,b0,0x1,0p1,0p2,0r2,0q2,1x3,0p3,1x4,0q3,1x5,0q4,1x6,0q5,1x7,z7,z6,z5,z4,z3,z2,1x2,0q1,0r0,0r1,0q0,1x1,z1,z0,1x0,0p0,0x0,b5,a5]
gb-trace iteration=57 subcycle id=C2 vertices=[a1,b1,0x2,b2,0x3,b3,0x4,0p4,0r4,0r3,0r5,0p5,0x5,b4,a4,a3,a2]
gb-trace iteration=57 resulting id=C1 vertices=[a0,b0,0x1,0p1,0p2,0r2,0q2,1x3,0p3,1x4,0q3,1x5,0q4,1x6,0q5,1x7,z7,z6,z5,z4,z3,z2,1x2,0q1,0r0,0r1,0q0,1x1,z1,z0,1x0,0p0,0x0,b5,a5]
gb-trace iteration=57 resulting id=C2 vertices=[a1,b1,0x2,b2,0x3,b3,0x4,0p4,0r4,0r3,0r5,0p5,0x5,b4,a4,a3,a2]
cut arcs by clause length (length:number) = {9: 4}
number of added block clauses (this increment) = 4
number of added block clauses (accumulated) = 260
add block clauses time = 29.374us
increment time = 68.580us

CEGAR iteration...
cegar iteration = 58
sat solving time = 85.441us
number of subcycles found = 2
cycle lengths before merge (length:number) = {26: 2}
number of merge operations = 0
number of resulting cycles = 2
cycle lengths after merge (length:number) = {26: 2}
gb-trace iteration=58 subcycle id=C1 vertices=[a0,b0,0x1,b1,0x2,0p2,0p1,0r1,0r0,0r2,0q2,1x3,z3,z4,z5,z6,1x6,0q4,1x5,0q3,1x4,0p3,0x3,b2,a2,a1]
gb-trace iteration=58 subcycle id=C2 vertices=[a3,b3,0x4,b4,0x5,0p5,0p4,0r4,0r3,0r5,0q5,1x7,z7,z0,z1,z2,1x2,0q1,1x1,0q0,1x0,0p0,0x0,b5,a5,a4]
gb-trace iteration=58 resulting id=C1 vertices=[a0,b0,0x1,b1,0x2,0p2,0p1,0r1,0r0,0r2,0q2,1x3,z3,z4,z5,z6,1x6,0q4,1x5,0q3,1x4,0p3,0x3,b2,a2,a1]
gb-trace iteration=58 resulting id=C2 vertices=[a3,b3,0x4,b4,0x5,0p5,0p4,0r4,0r3,0r5,0q5,1x7,z7,z0,z1,z2,1x2,0q1,1x1,0q0,1x0,0p0,0x0,b5,a5,a4]
cut arcs by clause length (length:number) = {12: 4}
number of added block clauses (this increment) = 4
number of added block clauses (accumulated) = 264
add block clauses time = 30.746us
increment time = 116.187us

CEGAR iteration...
cegar iteration = 59
sat solving time = 4.150us
number of subcycles found = 2
cycle lengths before merge (length:number) = {8: 1, 44: 1}
number of merge operations = 0
number of resulting cycles = 2
cycle lengths after merge (length:number) = {8: 1, 44: 1}
gb-trace iteration=59 subcycle id=C1 vertices=[a0,b0,0x1,b1,0x2,0p2,0p1,0r1,0r0,0r2,0q2,1x2,0q1,1x1,0q0,1x0,0p0,0x0,b5,a5,a4,a3,b3,0x4,b4,0x5,0p5,0p4,0r4,0r3,0r5,0q5,1x7,z7,z0,z1,z2,z3,1x3,0p3,0x3,b2,a2,a1]
gb-trace iteration=59 subcycle id=C2 vertices=[0q3,1x4,z4,z5,z6,1x6,0q4,1x5]
gb-trace iteration=59 resulting id=C1 vertices=[a0,b0,0x1,b1,0x2,0p2,0p1,0r1,0r0,0r2,0q2,1x2,0q1,1x1,0q0,1x0,0p0,0x0,b5,a5,a4,a3,b3,0x4,b4,0x5,0p5,0p4,0r4,0r3,0r5,0q5,1x7,z7,z0,z1,z2,z3,1x3,0p3,0x3,b2,a2,a1]
gb-trace iteration=59 resulting id=C2 vertices=[0q3,1x4,z4,z5,z6,1x6,0q4,1x5]
cut arcs by clause length (length:number) = {6: 4}
number of added block clauses (this increment) = 4
number of added block clauses (accumulated) = 268
add block clauses time = 29.889us
increment time = 34.039us

CEGAR iteration...
cegar iteration = 60
sat solving time = 10.848us
number of subcycles found = 2
cycle lengths before merge (length:number) = {5: 1, 47: 1}
number of merge operations = 0
number of resulting cycles = 2
cycle lengths after merge (length:number) = {5: 1, 47: 1}
gb-trace iteration=60 subcycle id=C1 vertices=[a0,b0,0x1,b1,a1]
gb-trace iteration=60 subcycle id=C2 vertices=[a2,b2,0x2,0p2,0p1,0r1,0r0,0r2,0q2,1x3,z3,z4,z5,z6,1x6,0q4,1x5,0q3,1x4,0p3,0x3,b3,0x4,b4,0x5,0p5,0p4,0r4,0r3,0r5,0q5,1x7,z7,z0,z1,z2,1x2,0q1,1x1,0q0,1x0,0p0,0x0,b5,a5,a4,a3]
gb-trace iteration=60 resulting id=C1 vertices=[a0,b0,0x1,b1,a1]
gb-trace iteration=60 resulting id=C2 vertices=[a2,b2,0x2,0p2,0p1,0r1,0r0,0r2,0q2,1x3,z3,z4,z5,z6,1x6,0q4,1x5,0q3,1x4,0p3,0x3,b3,0x4,b4,0x5,0p5,0p4,0r4,0r3,0r5,0q5,1x7,z7,z0,z1,z2,1x2,0q1,1x1,0q0,1x0,0p0,0x0,b5,a5,a4,a3]
cut arcs by clause length (length:number) = {5: 4}
number of added block clauses (this increment) = 4
number of added block clauses (accumulated) = 272
add block clauses time = 28.163us
increment time = 39.011us

CEGAR iteration...
cegar iteration = 61
sat solving time = 5.173us
number of subcycles found = 2
cycle lengths before merge (length:number) = {20: 1, 32: 1}
number of merge operations = 0
number of resulting cycles = 2
cycle lengths after merge (length:number) = {20: 1, 32: 1}
gb-trace iteration=61 subcycle id=C1 vertices=[a0,b0,0x1,b1,0x2,0p2,0p1,0r1,0q0,1x1,z1,z2,1x2,0q1,0r0,0r2,0q2,1x3,z3,z4,z5,z6,1x6,0q4,1x5,0q3,1x4,0p3,0x3,b2,a2,a1]
gb-trace iteration=61 subcycle id=C2 vertices=[a3,b3,0x4,b4,0x5,0p5,0p4,0r4,0r3,0r5,0q5,1x7,z7,z0,1x0,0p0,0x0,b5,a5,a4]
gb-trace iteration=61 resulting id=C1 vertices=[a0,b0,0x1,b1,0x2,0p2,0p1,0r1,0q0,1x1,z1,z2,1x2,0q1,0r0,0r2,0q2,1x3,z3,z4,z5,z6,1x6,0q4,1x5,0q3,1x4,0p3,0x3,b2,a2,a1]
gb-trace iteration=61 resulting id=C2 vertices=[a3,b3,0x4,b4,0x5,0p5,0p4,0r4,0r3,0r5,0q5,1x7,z7,z0,1x0,0p0,0x0,b5,a5,a4]
cut arcs by clause length (length:number) = {10: 4}
number of added block clauses (this increment) = 4
number of added block clauses (accumulated) = 276
add block clauses time = 28.048us
increment time = 33.221us

CEGAR iteration...
cegar iteration = 62
sat solving time = 107.093us
number of subcycles found = 4
cycle lengths before merge (length:number) = {5: 1, 11: 1, 13: 1, 23: 1}
number of merge operations = 0
number of resulting cycles = 4
cycle lengths after merge (length:number) = {5: 1, 11: 1, 13: 1, 23: 1}
gb-trace iteration=62 subcycle id=C1 vertices=[a0,b0,0x1,0p1,0r1,0r0,0r2,0p2,0x2,b1,a1]
gb-trace iteration=62 subcycle id=C2 vertices=[a2,a3,b3,0x4,0p4,0p5,0x5,b4,a4,a5,b5,0x0,0p0,1x0,0q0,1x1,0q1,1x2,0q2,1x3,0p3,0x3,b2]
gb-trace iteration=62 subcycle id=C3 vertices=[0q3,1x4,z4,z3,z2,z1,z0,z7,1x7,0q5,0r5,0r3,0r4]
gb-trace iteration=62 subcycle id=C4 vertices=[0q4,1x6,z6,z5,1x5]
gb-trace iteration=62 resulting id=C1 vertices=[a0,b0,0x1,0p1,0r1,0r0,0r2,0p2,0x2,b1,a1]
gb-trace iteration=62 resulting id=C2 vertices=[a2,a3,b3,0x4,0p4,0p5,0x5,b4,a4,a5,b5,0x0,0p0,1x0,0q0,1x1,0q1,1x2,0q2,1x3,0p3,0x3,b2]
gb-trace iteration=62 resulting id=C3 vertices=[0q3,1x4,z4,z3,z2,z1,z0,z7,1x7,0q5,0r5,0r3,0r4]
gb-trace iteration=62 resulting id=C4 vertices=[0q4,1x6,z6,z5,1x5]
cut arcs by clause length (length:number) = {5: 2, 7: 2, 13: 2, 15: 2}
number of added block clauses (this increment) = 8
number of added block clauses (accumulated) = 284
add block clauses time = 40.712us
increment time = 147.805us

CEGAR iteration...
cegar iteration = 63
sat solving time = 26.008us
number of subcycles found = 2
cycle lengths before merge (length:number) = {11: 1, 41: 1}
number of merge operations = 0
number of resulting cycles = 2
cycle lengths after merge (length:number) = {11: 1, 41: 1}
gb-trace iteration=63 subcycle id=C1 vertices=[a0,b0,0x0,0p0,1x0,0q0,1x1,0q1,1x2,0q2,1x3,z3,z2,z1,z0,z7,1x7,0q5,0r5,0r3,0r4,0q3,1x5,0q4,1x6,z6,z5,z4,1x4,0p3,0x3,b3,a3,a4,b4,0x4,0p4,0p5,0x5,b5,a5]
gb-trace iteration=63 subcycle id=C2 vertices=[a1,b1,0x1,0p1,0r1,0r0,0r2,0p2,0x2,b2,a2]
gb-trace iteration=63 resulting id=C1 vertices=[a0,b0,0x0,0p0,1x0,0q0,1x1,0q1,1x2,0q2,1x3,z3,z2,z1,z0,z7,1x7,0q5,0r5,0r3,0r4,0q3,1x5,0q4,1x6,z6,z5,z4,1x4,0p3,0x3,b3,a3,a4,b4,0x4,0p4,0p5,0x5,b5,a5]
gb-trace iteration=63 resulting id=C2 vertices=[a1,b1,0x1,0p1,0r1,0r0,0r2,0p2,0x2,b2,a2]
cut arcs by clause length (length:number) = {7: 4}
number of added block clauses (this increment) = 4
number of added block clauses (accumulated) = 288
add block clauses time = 32.214us
increment time = 58.222us

CEGAR iteration...
cegar iteration = 64
sat solving time = 18.011us
number of subcycles found = 2
cycle lengths before merge (length:number) = {8: 1, 44: 1}
number of merge operations = 0
number of resulting cycles = 2
cycle lengths after merge (length:number) = {8: 1, 44: 1}
gb-trace iteration=64 subcycle id=C1 vertices=[a0,b0,0x0,0p0,1x0,0q0,1x1,0q1,1x2,0q2,1x3,z3,z2,z1,z0,z7,1x7,0q5,0r5,0r3,0r4,0q3,1x5,0q4,1x6,z6,z5,z4,1x4,0p3,0x3,b3,a3,a2,b2,0x2,0p2,0r2,0r0,0r1,0p1,0x1,b1,a1]
gb-trace iteration=64 subcycle id=C2 vertices=[a4,b4,0x4,0p4,0p5,0x5,b5,a5]
gb-trace iteration=64 resulting id=C1 vertices=[a0,b0,0x0,0p0,1x0,0q0,1x1,0q1,1x2,0q2,1x3,z3,z2,z1,z0,z7,1x7,0q5,0r5,0r3,0r4,0q3,1x5,0q4,1x6,z6,z5,z4,1x4,0p3,0x3,b3,a3,a2,b2,0x2,0p2,0r2,0r0,0r1,0p1,0x1,b1,a1]
gb-trace iteration=64 resulting id=C2 vertices=[a4,b4,0x4,0p4,0p5,0x5,b5,a5]
cut arcs by clause length (length:number) = {6: 4}
number of added block clauses (this increment) = 4
number of added block clauses (accumulated) = 292
add block clauses time = 29.943us
increment time = 47.954us

CEGAR iteration...
cegar iteration = 65
sat solving time = 104.135us
number of subcycles found = 4
cycle lengths before merge (length:number) = {5: 1, 11: 1, 16: 1, 20: 1}
number of merge operations = 0
number of resulting cycles = 4
cycle lengths after merge (length:number) = {5: 1, 11: 1, 16: 1, 20: 1}
gb-trace iteration=65 subcycle id=C1 vertices=[a0,a5,a4,b4,0x4,0p4,0p5,0x5,b5,0x0,b0,0x1,0p1,0r1,0r0,0r2,0p2,0x2,b1,a1]
gb-trace iteration=65 subcycle id=C2 vertices=[a2,b2,0x3,b3,a3]
gb-trace iteration=65 subcycle id=C3 vertices=[0p0,1x7,0q5,0r5,0r3,0r4,0q3,1x4,0p3,1x3,0q2,1x2,0q1,1x1,0q0,1x0]
gb-trace iteration=65 subcycle id=C4 vertices=[0q4,1x5,z5,z4,z3,z2,z1,z0,z7,z6,1x6]
gb-trace iteration=65 resulting id=C1 vertices=[a0,a5,a4,b4,0x4,0p4,0p5,0x5,b5,0x0,b0,0x1,0p1,0r1,0r0,0r2,0p2,0x2,b1,a1]
gb-trace iteration=65 resulting id=C2 vertices=[a2,b2,0x3,b3,a3]
gb-trace iteration=65 resulting id=C3 vertices=[0p0,1x7,0q5,0r5,0r3,0r4,0q3,1x4,0p3,1x3,0q2,1x2,0q1,1x1,0q0,1x0]
gb-trace iteration=65 resulting id=C4 vertices=[0q4,1x5,z5,z4,z3,z2,z1,z0,z7,z6,1x6]
cut arcs by clause length (length:number) = {5: 2, 9: 2, 10: 2, 16: 2}
number of added block clauses (this increment) = 8
number of added block clauses (accumulated) = 300
add block clauses time = 40.832us
increment time = 144.967us

CEGAR iteration...
cegar iteration = 66
sat solving time = 23.587us
number of subcycles found = 2
cycle lengths before merge (length:number) = {8: 1, 44: 1}
number of merge operations = 0
number of resulting cycles = 2
cycle lengths after merge (length:number) = {8: 1, 44: 1}
gb-trace iteration=66 subcycle id=C1 vertices=[a0,a5,a4,b4,0x4,0p4,0p5,0x5,b5,0x0,b0,0x1,0p1,0p2,0r2,0r0,0r1,0q0,1x1,0q1,1x2,0q2,1x3,z3,z2,z1,z0,1x0,0p0,1x7,z7,z6,z5,z4,1x4,0p3,0x3,b3,a3,a2,b2,0x2,b1,a1]
gb-trace iteration=66 subcycle id=C2 vertices=[0q3,0r4,0r3,0r5,0q5,1x6,0q4,1x5]
gb-trace iteration=66 resulting id=C1 vertices=[a0,a5,a4,b4,0x4,0p4,0p5,0x5,b5,0x0,b0,0x1,0p1,0p2,0r2,0r0,0r1,0q0,1x1,0q1,1x2,0q2,1x3,z3,z2,z1,z0,1x0,0p0,1x7,z7,z6,z5,z4,1x4,0p3,0x3,b3,a3,a2,b2,0x2,b1,a1]
gb-trace iteration=66 resulting id=C2 vertices=[0q3,0r4,0r3,0r5,0q5,1x6,0q4,1x5]
cut arcs by clause length (length:number) = {6: 4}
number of added block clauses (this increment) = 4
number of added block clauses (accumulated) = 304
add block clauses time = 29.273us
increment time = 52.860us

CEGAR iteration...
cegar iteration = 67
sat solving time = 23.275us
number of subcycles found = 2
cycle lengths before merge (length:number) = {20: 1, 32: 1}
number of merge operations = 0
number of resulting cycles = 2
cycle lengths after merge (length:number) = {20: 1, 32: 1}
gb-trace iteration=67 subcycle id=C1 vertices=[a0,a5,a4,b4,0x4,0p4,0p5,0x5,b5,0x0,b0,0x1,0p1,0p2,0r2,0r0,0r1,0q0,1x1,0q1,1x2,0q2,1x3,0p3,0x3,b3,a3,a2,b2,0x2,b1,a1]
gb-trace iteration=67 subcycle id=C2 vertices=[0p0,1x7,z7,z6,z5,1x5,0q4,1x6,0q5,0r5,0r3,0r4,0q3,1x4,z4,z3,z2,z1,z0,1x0]
gb-trace iteration=67 resulting id=C1 vertices=[a0,a5,a4,b4,0x4,0p4,0p5,0x5,b5,0x0,b0,0x1,0p1,0p2,0r2,0r0,0r1,0q0,1x1,0q1,1x2,0q2,1x3,0p3,0x3,b3,a3,a2,b2,0x2,b1,a1]
gb-trace iteration=67 resulting id=C2 vertices=[0p0,1x7,z7,z6,z5,1x5,0q4,1x6,0q5,0r5,0r3,0r4,0q3,1x4,z4,z3,z2,z1,z0,1x0]
cut arcs by clause length (length:number) = {8: 4}
number of added block clauses (this increment) = 4
number of added block clauses (accumulated) = 308
add block clauses time = 29.080us
increment time = 52.355us

CEGAR iteration...
cegar iteration = 68
sat solving time = 17.342us
number of subcycles found = 2
cycle lengths before merge (length:number) = {14: 1, 38: 1}
number of merge operations = 0
number of resulting cycles = 2
cycle lengths after merge (length:number) = {14: 1, 38: 1}
gb-trace iteration=68 subcycle id=C1 vertices=[a0,a5,a4,b4,0x4,0p4,0r4,0r3,0q4,1x6,0q5,0r5,0p5,0x5,b5,0x0,b0,0x1,0p1,0p2,0r2,0r0,0r1,0q0,1x1,0q1,1x2,0q2,1x3,0p3,0x3,b3,a3,a2,b2,0x2,b1,a1]
gb-trace iteration=68 subcycle id=C2 vertices=[0p0,1x7,z7,z6,z5,1x5,0q3,1x4,z4,z3,z2,z1,z0,1x0]
gb-trace iteration=68 resulting id=C1 vertices=[a0,a5,a4,b4,0x4,0p4,0r4,0r3,0q4,1x6,0q5,0r5,0p5,0x5,b5,0x0,b0,0x1,0p1,0p2,0r2,0r0,0r1,0q0,1x1,0q1,1x2,0q2,1x3,0p3,0x3,b3,a3,a2,b2,0x2,b1,a1]
gb-trace iteration=68 resulting id=C2 vertices=[0p0,1x7,z7,z6,z5,1x5,0q3,1x4,z4,z3,z2,z1,z0,1x0]
cut arcs by clause length (length:number) = {10: 4}
number of added block clauses (this increment) = 4
number of added block clauses (accumulated) = 312
add block clauses time = 28.578us
increment time = 45.920us

CEGAR iteration...
cegar iteration = 69
sat solving time = 91.046us
number of subcycles found = 2
cycle lengths before merge (length:number) = {14: 1, 38: 1}
number of merge operations = 0
number of resulting cycles = 2
cycle lengths after merge (length:number) = {14: 1, 38: 1}
gb-trace iteration=69 subcycle id=C1 vertices=[a0,a1,b1,0x1,0p1,0r1,0q0,1x0,z0,z7,1x7,0p0,0x0,b0]
gb-trace iteration=69 subcycle id=C2 vertices=[a2,b2,0x2,0p2,0r2,0r0,0q1,1x1,z1,z2,1x2,0q2,1x3,z3,z4,z5,z6,1x6,0q5,0r5,0p5,0x5,b5,a5,a4,b4,0x4,0p4,0r4,0r3,0q4,1x5,0q3,1x4,0p3,0x3,b3,a3]
gb-trace iteration=69 resulting id=C1 vertices=[a0,a1,b1,0x1,0p1,0r1,0q0,1x0,z0,z7,1x7,0p0,0x0,b0]
gb-trace iteration=69 resulting id=C2 vertices=[a2,b2,0x2,0p2,0r2,0r0,0q1,1x1,z1,z2,1x2,0q2,1x3,z3,z4,z5,z6,1x6,0q5,0r5,0p5,0x5,b5,a5,a4,b4,0x4,0p4,0r4,0r3,0q4,1x5,0q3,1x4,0p3,0x3,b3,a3]
cut arcs by clause length (length:number) = {10: 4}
number of added block clauses (this increment) = 4
number of added block clauses (accumulated) = 316
add block clauses time = 29.739us
increment time = 120.785us

CEGAR iteration...
cegar iteration = 70
sat solving time = 8.285us
number of subcycles found = 2
cycle lengths before merge (length:number) = {11: 1, 41: 1}
number of merge operations = 0
number of resulting cycles = 2
cycle lengths after merge (length:number) = {11: 1, 41: 1}
gb-trace iteration=70 subcycle id=C1 vertices=[a0,a1,b1,0x1,0p1,0r1,0q0,1x0,0p0,0x0,b0]
gb-trace iteration=70 subcycle id=C2 vertices=[a2,b2,0x2,0p2,0r2,0r0,0q1,1x1,z1,z0,z7,1x7,0q5,0r5,0p5,0x5,b5,a5,a4,b4,0x4,0p4,0r4,0r3,0q4,1x6,z6,z5,1x5,0q3,1x4,z4,z3,z2,1x2,0q2,1x3,0p3,0x3,b3,a3]
gb-trace iteration=70 resulting id=C1 vertices=[a0,a1,b1,0x1,0p1,0r1,0q0,1x0,0p0,0x0,b0]
gb-trace iteration=70 resulting id=C2 vertices=[a2,b2,0x2,0p2,0r2,0r0,0q1,1x1,z1,z0,z7,1x7,0q5,0r5,0p5,0x5,b5,a5,a4,b4,0x4,0p4,0r4,0r3,0q4,1x6,z6,z5,1x5,0q3,1x4,z4,z3,z2,1x2,0q2,1x3,0p3,0x3,b3,a3]
cut arcs by clause length (length:number) = {9: 4}
number of added block clauses (this increment) = 4
number of added block clauses (accumulated) = 320
add block clauses time = 27.600us
increment time = 35.885us

CEGAR iteration...
cegar iteration = 71
sat solving time = 8.683us
number of subcycles found = 2
cycle lengths before merge (length:number) = {17: 1, 35: 1}
number of merge operations = 0
number of resulting cycles = 2
cycle lengths after merge (length:number) = {17: 1, 35: 1}
gb-trace iteration=71 subcycle id=C1 vertices=[a0,a1,b1,0x1,0p1,0r1,0q0,1x0,z0,z7,z6,1x6,0q5,1x7,0p0,0x0,b0]
gb-trace iteration=71 subcycle id=C2 vertices=[a2,b2,0x2,0p2,0r2,0r0,0q1,1x1,z1,z2,1x2,0q2,1x3,z3,z4,z5,1x5,0q4,0r3,0r5,0p5,0x5,b5,a5,a4,b4,0x4,0p4,0r4,0q3,1x4,0p3,0x3,b3,a3]
gb-trace iteration=71 resulting id=C1 vertices=[a0,a1,b1,0x1,0p1,0r1,0q0,1x0,z0,z7,z6,1x6,0q5,1x7,0p0,0x0,b0]
gb-trace iteration=71 resulting id=C2 vertices=[a2,b2,0x2,0p2,0r2,0r0,0q1,1x1,z1,z2,1x2,0q2,1x3,z3,z4,z5,1x5,0q4,0r3,0r5,0p5,0x5,b5,a5,a4,b4,0x4,0p4,0r4,0q3,1x4,0p3,0x3,b3,a3]
cut arcs by clause length (length:number) = {11: 4}
number of added block clauses (this increment) = 4
number of added block clauses (accumulated) = 324
add block clauses time = 28.862us
increment time = 37.545us

CEGAR iteration...
cegar iteration = 72
sat solving time = 63.792us
number of subcycles found = 2
cycle lengths before merge (length:number) = {26: 2}
number of merge operations = 0
number of resulting cycles = 2
cycle lengths after merge (length:number) = {26: 2}
gb-trace iteration=72 subcycle id=C1 vertices=[a0,a1,b1,0x1,0p1,0r1,0q0,1x0,z0,z7,z6,z5,1x5,0q3,0r4,0p4,0p5,0r5,0r3,0q4,1x6,0q5,1x7,0p0,0x0,b0]
gb-trace iteration=72 subcycle id=C2 vertices=[a2,b2,0x2,0p2,0r2,0r0,0q1,1x1,z1,z2,1x2,0q2,1x3,z3,z4,1x4,0p3,0x3,b3,0x4,b4,0x5,b5,a5,a4,a3]
gb-trace iteration=72 resulting id=C1 vertices=[a0,a1,b1,0x1,0p1,0r1,0q0,1x0,z0,z7,z6,z5,1x5,0q3,0r4,0p4,0p5,0r5,0r3,0q4,1x6,0q5,1x7,0p0,0x0,b0]
gb-trace iteration=72 resulting id=C2 vertices=[a2,b2,0x2,0p2,0r2,0r0,0q1,1x1,z1,z2,1x2,0q2,1x3,z3,z4,1x4,0p3,0x3,b3,0x4,b4,0x5,b5,a5,a4,a3]
cut arcs by clause length (length:number) = {12: 4}
number of added block clauses (this increment) = 4
number of added block clauses (accumulated) = 328
add block clauses time = 30.457us
increment time = 94.249us

CEGAR iteration...
cegar iteration = 73
sat solving time = 5.673us
number of subcycles found = 2
cycle lengths before merge (length:number) = {20: 1, 32: 1}
number of merge operations = 0
number of resulting cycles = 2
cycle lengths after merge (length:number) = {20: 1, 32: 1}
gb-trace iteration=73 subcycle id=C1 vertices=[a0,a1,b1,0x1,0p1,0r1,0q0,1x0,z0,z7,z6,z5,1x5,0q3,0r4,0p4,0x4,b4,a4,a5,b5,0x5,0p5,0r5,0r3,0q4,1x6,0q5,1x7,0p0,0x0,b0]
gb-trace iteration=73 subcycle id=C2 vertices=[a2,b2,0x2,0p2,0r2,0r0,0q1,1x1,z1,z2,1x2,0q2,1x3,z3,z4,1x4,0p3,0x3,b3,a3]
gb-trace iteration=73 resulting id=C1 vertices=[a0,a1,b1,0x1,0p1,0r1,0q0,1x0,z0,z7,z6,z5,1x5,0q3,0r4,0p4,0x4,b4,a4,a5,b5,0x5,0p5,0r5,0r3,0q4,1x6,0q5,1x7,0p0,0x0,b0]
gb-trace iteration=73 resulting id=C2 vertices=[a2,b2,0x2,0p2,0r2,0r0,0q1,1x1,z1,z2,1x2,0q2,1x3,z3,z4,1x4,0p3,0x3,b3,a3]
cut arcs by clause length (length:number) = {10: 4}
number of added block clauses (this increment) = 4
number of added block clauses (accumulated) = 332
add block clauses time = 29.182us
increment time = 34.855us

CEGAR iteration...
cegar iteration = 74
sat solving time = 21.541us
number of subcycles found = 2
cycle lengths before merge (length:number) = {20: 1, 32: 1}
number of merge operations = 0
number of resulting cycles = 2
cycle lengths after merge (length:number) = {20: 1, 32: 1}
gb-trace iteration=74 subcycle id=C1 vertices=[a0,b0,0x1,0p1,0r1,0q0,1x0,z0,z7,z6,z5,1x5,0q3,0r4,0p4,0x4,b3,a3,a4,b4,0x5,0p5,0r5,0r3,0q4,1x6,0q5,1x7,0p0,0x0,b5,a5]
gb-trace iteration=74 subcycle id=C2 vertices=[a1,b1,0x2,0p2,0r2,0r0,0q1,1x1,z1,z2,1x2,0q2,1x3,z3,z4,1x4,0p3,0x3,b2,a2]
gb-trace iteration=74 resulting id=C1 vertices=[a0,b0,0x1,0p1,0r1,0q0,1x0,z0,z7,z6,z5,1x5,0q3,0r4,0p4,0x4,b3,a3,a4,b4,0x5,0p5,0r5,0r3,0q4,1x6,0q5,1x7,0p0,0x0,b5,a5]
gb-trace iteration=74 resulting id=C2 vertices=[a1,b1,0x2,0p2,0r2,0r0,0q1,1x1,z1,z2,1x2,0q2,1x3,z3,z4,1x4,0p3,0x3,b2,a2]
cut arcs by clause length (length:number) = {10: 4}
number of added block clauses (this increment) = 4
number of added block clauses (accumulated) = 336
add block clauses time = 29.744us
increment time = 51.285us

CEGAR iteration...
cegar iteration = 75
sat solving time = 10.878us
number of subcycles found = 2
cycle lengths before merge (length:number) = {23: 1, 29: 1}
number of merge operations = 0
number of resulting cycles = 2
cycle lengths after merge (length:number) = {23: 1, 29: 1}
gb-trace iteration=75 subcycle id=C1 vertices=[a0,b0,0x1,0p1,0r1,0q0,1x0,z0,z7,z6,1x6,0q4,0r3,0r4,0p4,0x4,b3,a3,a4,b4,0x5,0p5,0r5,0q5,1x7,0p0,0x0,b5,a5]
gb-trace iteration=75 subcycle id=C2 vertices=[a1,b1,0x2,0p2,0r2,0r0,0q1,1x1,z1,z2,1x2,0q2,1x3,z3,z4,z5,1x5,0q3,1x4,0p3,0x3,b2,a2]
gb-trace iteration=75 resulting id=C1 vertices=[a0,b0,0x1,0p1,0r1,0q0,1x0,z0,z7,z6,1x6,0q4,0r3,0r4,0p4,0x4,b3,a3,a4,b4,0x5,0p5,0r5,0q5,1x7,0p0,0x0,b5,a5]
gb-trace iteration=75 resulting id=C2 vertices=[a1,b1,0x2,0p2,0r2,0r0,0q1,1x1,z1,z2,1x2,0q2,1x3,z3,z4,z5,1x5,0q3,1x4,0p3,0x3,b2,a2]
cut arcs by clause length (length:number) = {11: 4}
number of added block clauses (this increment) = 4
number of added block clauses (accumulated) = 340
add block clauses time = 29.397us
increment time = 40.275us

CEGAR iteration...
cegar iteration = 76
sat solving time = 8.431us
number of subcycles found = 2
cycle lengths before merge (length:number) = {23: 1, 29: 1}
number of merge operations = 0
number of resulting cycles = 2
cycle lengths after merge (length:number) = {23: 1, 29: 1}
gb-trace iteration=76 subcycle id=C1 vertices=[a0,b0,0x1,0p1,0r1,0q0,1x0,z0,z7,z6,1x6,0q5,1x7,0p0,0x0,b5,0x5,b4,0x4,b3,a3,a4,a5]
gb-trace iteration=76 subcycle id=C2 vertices=[a1,b1,0x2,0p2,0r2,0r0,0q1,1x1,z1,z2,1x2,0q2,1x3,z3,z4,z5,1x5,0q4,0r3,0r5,0p5,0p4,0r4,0q3,1x4,0p3,0x3,b2,a2]
gb-trace iteration=76 resulting id=C1 vertices=[a0,b0,0x1,0p1,0r1,0q0,1x0,z0,z7,z6,1x6,0q5,1x7,0p0,0x0,b5,0x5,b4,0x4,b3,a3,a4,a5]
gb-trace iteration=76 resulting id=C2 vertices=[a1,b1,0x2,0p2,0r2,0r0,0q1,1x1,z1,z2,1x2,0q2,1x3,z3,z4,z5,1x5,0q4,0r3,0r5,0p5,0p4,0r4,0q3,1x4,0p3,0x3,b2,a2]
cut arcs by clause length (length:number) = {13: 4}
number of added block clauses (this increment) = 4
number of added block clauses (accumulated) = 344
add block clauses time = 27.285us
increment time = 35.716us

CEGAR iteration...
cegar iteration = 77
sat solving time = 7.198us
number of subcycles found = 2
cycle lengths before merge (length:number) = {17: 1, 35: 1}
number of merge operations = 0
number of resulting cycles = 2
cycle lengths after merge (length:number) = {17: 1, 35: 1}
gb-trace iteration=77 subcycle id=C1 vertices=[a0,b0,0x1,0p1,0r1,0q0,1x0,z0,z7,z6,1x6,0q5,1x7,0p0,0x0,b5,a5]
gb-trace iteration=77 subcycle id=C2 vertices=[a1,b1,0x2,0p2,0r2,0r0,0q1,1x1,z1,z2,1x2,0q2,1x3,z3,z4,z5,1x5,0q4,0r3,0r5,0p5,0x5,b4,a4,a3,b3,0x4,0p4,0r4,0q3,1x4,0p3,0x3,b2,a2]
gb-trace iteration=77 resulting id=C1 vertices=[a0,b0,0x1,0p1,0r1,0q0,1x0,z0,z7,z6,1x6,0q5,1x7,0p0,0x0,b5,a5]
gb-trace iteration=77 resulting id=C2 vertices=[a1,b1,0x2,0p2,0r2,0r0,0q1,1x1,z1,z2,1x2,0q2,1x3,z3,z4,z5,1x5,0q4,0r3,0r5,0p5,0x5,b4,a4,a3,b3,0x4,0p4,0r4,0q3,1x4,0p3,0x3,b2,a2]
cut arcs by clause length (length:number) = {11: 4}
number of added block clauses (this increment) = 4
number of added block clauses (accumulated) = 348
add block clauses time = 26.067us
increment time = 33.265us

CEGAR iteration...
cegar iteration = 78
sat solving time = 25.262us
number of subcycles found = 2
cycle lengths before merge (length:number) = {23: 1, 29: 1}
number of merge operations = 0
number of resulting cycles = 2
cycle lengths after merge (length:number) = {23: 1, 29: 1}
gb-trace iteration=78 subcycle id=C1 vertices=[a0,a1,b1,0x1,0p1,0r1,0q0,1x0,z0,z7,z6,1x6,0q4,0r3,0r4,0p4,0x4,b4,a4,a5,b5,0x5,0p5,0r5,0q5,1x7,0p0,0x0,b0]
gb-trace iteration=78 subcycle id=C2 vertices=[a2,b2,0x2,0p2,0r2,0r0,0q1,1x1,z1,z2,1x2,0q2,1x3,z3,z4,z5,1x5,0q3,1x4,0p3,0x3,b3,a3]
gb-trace iteration=78 resulting id=C1 vertices=[a0,a1,b1,0x1,0p1,0r1,0q0,1x0,z0,z7,z6,1x6,0q4,0r3,0r4,0p4,0x4,b4,a4,a5,b5,0x5,0p5,0r5,0q5,1x7,0p0,0x0,b0]
gb-trace iteration=78 resulting id=C2 vertices=[a2,b2,0x2,0p2,0r2,0r0,0q1,1x1,z1,z2,1x2,0q2,1x3,z3,z4,z5,1x5,0q3,1x4,0p3,0x3,b3,a3]
cut arcs by clause length (length:number) = {11: 4}
number of added block clauses (this increment) = 4
number of added block clauses (accumulated) = 352
add block clauses time = 28.746us
increment time = 54.008us

CEGAR iteration...
cegar iteration = 79
sat solving time = 19.356us
number of subcycles found = 2
cycle lengths before merge (length:number) = {23: 1, 29: 1}
number of merge operations = 0
number of resulting cycles = 2
cycle lengths after merge (length:number) = {23: 1, 29: 1}
gb-trace iteration=79 subcycle id=C1 vertices=[a0,a1,b1,0x1,0p1,0r1,0q0,1x0,z0,z7,z6,1x6,0q4,0r3,0r4,0p4,0p5,0r5,0q5,1x7,0p0,0x0,b0]
gb-trace iteration=79 subcycle id=C2 vertices=[a2,b2,0x2,0p2,0r2,0r0,0q1,1x1,z1,z2,1x2,0q2,1x3,z3,z4,z5,1x5,0q3,1x4,0p3,0x3,b3,0x4,b4,0x5,b5,a5,a4,a3]
gb-trace iteration=79 resulting id=C1 vertices=[a0,a1,b1,0x1,0p1,0r1,0q0,1x0,z0,z7,z6,1x6,0q4,0r3,0r4,0p4,0p5,0r5,0q5,1x7,0p0,0x0,b0]
gb-trace iteration=79 resulting id=C2 vertices=[a2,b2,0x2,0p2,0r2,0r0,0q1,1x1,z1,z2,1x2,0q2,1x3,z3,z4,z5,1x5,0q3,1x4,0p3,0x3,b3,0x4,b4,0x5,b5,a5,a4,a3]
cut arcs by clause length (length:number) = {13: 4}
number of added block clauses (this increment) = 4
number of added block clauses (accumulated) = 356
add block clauses time = 27.858us
increment time = 47.214us

CEGAR iteration...
cegar iteration = 80
sat solving time = 230.511us
number of subcycles found = 2
cycle lengths before merge (length:number) = {20: 1, 32: 1}
number of merge operations = 0
number of resulting cycles = 2
cycle lengths after merge (length:number) = {20: 1, 32: 1}
gb-trace iteration=80 subcycle id=C1 vertices=[a0,b0,0x1,0p1,0r1,0q0,1x0,z0,z7,1x7,0p0,0x0,b5,0x5,b4,0x4,b3,a3,a4,a5]
gb-trace iteration=80 subcycle id=C2 vertices=[a1,b1,0x2,0p2,0r2,0r0,0q1,1x1,z1,z2,1x2,0q2,1x3,z3,z4,z5,z6,1x6,0q5,0r5,0p5,0p4,0r4,0r3,0q4,1x5,0q3,1x4,0p3,0x3,b2,a2]
gb-trace iteration=80 resulting id=C1 vertices=[a0,b0,0x1,0p1,0r1,0q0,1x0,z0,z7,1x7,0p0,0x0,b5,0x5,b4,0x4,b3,a3,a4,a5]
gb-trace iteration=80 resulting id=C2 vertices=[a1,b1,0x2,0p2,0r2,0r0,0q1,1x1,z1,z2,1x2,0q2,1x3,z3,z4,z5,z6,1x6,0q5,0r5,0p5,0p4,0r4,0r3,0q4,1x5,0q3,1x4,0p3,0x3,b2,a2]
cut arcs by clause length (length:number) = {12: 4}
number of added block clauses (this increment) = 4
number of added block clauses (accumulated) = 360
add block clauses time = 27.378us
increment time = 257.889us

CEGAR iteration...
cegar iteration = 81
sat solving time = 8.769us
number of subcycles found = 2
cycle lengths before merge (length:number) = {14: 1, 38: 1}
number of merge operations = 0
number of resulting cycles = 2
cycle lengths after merge (length:number) = {14: 1, 38: 1}
gb-trace iteration=81 subcycle id=C1 vertices=[a0,b0,0x1,0p1,0r1,0q0,1x0,z0,z7,1x7,0p0,0x0,b5,a5]
gb-trace iteration=81 subcycle id=C2 vertices=[a1,b1,0x2,0p2,0r2,0r0,0q1,1x1,z1,z2,1x2,0q2,1x3,z3,z4,z5,z6,1x6,0q5,0r5,0p5,0x5,b4,a4,a3,b3,0x4,0p4,0r4,0r3,0q4,1x5,0q3,1x4,0p3,0x3,b2,a2]
gb-trace iteration=81 resulting id=C1 vertices=[a0,b0,0x1,0p1,0r1,0q0,1x0,z0,z7,1x7,0p0,0x0,b5,a5]
gb-trace iteration=81 resulting id=C2 vertices=[a1,b1,0x2,0p2,0r2,0r0,0q1,1x1,z1,z2,1x2,0q2,1x3,z3,z4,z5,z6,1x6,0q5,0r5,0p5,0x5,b4,a4,a3,b3,0x4,0p4,0r4,0r3,0q4,1x5,0q3,1x4,0p3,0x3,b2,a2]
cut arcs by clause length (length:number) = {10: 4}
number of added block clauses (this increment) = 4
number of added block clauses (accumulated) = 364
add block clauses time = 26.778us
increment time = 35.547us

CEGAR iteration...
cegar iteration = 82
sat solving time = 17.533us
number of subcycles found = 2
cycle lengths before merge (length:number) = {17: 1, 35: 1}
number of merge operations = 0
number of resulting cycles = 2
cycle lengths after merge (length:number) = {17: 1, 35: 1}
gb-trace iteration=82 subcycle id=C1 vertices=[a0,b0,0x1,0p1,0r1,0q0,1x0,0p0,0x0,b5,0x5,b4,0x4,b3,a3,a4,a5]
gb-trace iteration=82 subcycle id=C2 vertices=[a1,b1,0x2,0p2,0r2,0r0,0q1,1x1,z1,z0,z7,1x7,0q5,0r5,0p5,0p4,0r4,0r3,0q4,1x6,z6,z5,1x5,0q3,1x4,z4,z3,z2,1x2,0q2,1x3,0p3,0x3,b2,a2]
gb-trace iteration=82 resulting id=C1 vertices=[a0,b0,0x1,0p1,0r1,0q0,1x0,0p0,0x0,b5,0x5,b4,0x4,b3,a3,a4,a5]
gb-trace iteration=82 resulting id=C2 vertices=[a1,b1,0x2,0p2,0r2,0r0,0q1,1x1,z1,z0,z7,1x7,0q5,0r5,0p5,0p4,0r4,0r3,0q4,1x6,z6,z5,1x5,0q3,1x4,z4,z3,z2,1x2,0q2,1x3,0p3,0x3,b2,a2]
cut arcs by clause length (length:number) = {11: 4}
number of added block clauses (this increment) = 4
number of added block clauses (accumulated) = 368
add block clauses time = 37.322us
increment time = 54.855us

CEGAR iteration...
cegar iteration = 83
sat solving time = 15.918us
number of subcycles found = 2
cycle lengths before merge (length:number) = {11: 1, 41: 1}
number of merge operations = 0
number of resulting cycles = 2
cycle lengths after merge (length:number) = {11: 1, 41: 1}
gb-trace iteration=83 subcycle id=C1 vertices=[a0,b0,0x1,0p1,0r1,0q0,1x0,0p0,0x0,b5,a5]
gb-trace iteration=83 subcycle id=C2 vertices=[a1,b1,0x2,0p2,0r2,0r0,0q1,1x1,z1,z0,z7,1x7,0q5,0r5,0p5,0x5,b4,a4,a3,b3,0x4,0p4,0r4,0r3,0q4,1x6,z6,z5,1x5,0q3,1x4,z4,z3,z2,1x2,0q2,1x3,0p3,0x3,b2,a2]
gb-trace iteration=83 resulting id=C1 vertices=[a0,b0,0x1,0p1,0r1,0q0,1x0,0p0,0x0,b5,a5]
gb-trace iteration=83 resulting id=C2 vertices=[a1,b1,0x2,0p2,0r2,0r0,0q1,1x1,z1,z0,z7,1x7,0q5,0r5,0p5,0x5,b4,a4,a3,b3,0x4,0p4,0r4,0r3,0q4,1x6,z6,z5,1x5,0q3,1x4,z4,z3,z2,1x2,0q2,1x3,0p3,0x3,b2,a2]
cut arcs by clause length (length:number) = {9: 4}
number of added block clauses (this increment) = 4
number of added block clauses (accumulated) = 372
add block clauses time = 26.296us
increment time = 42.214us

CEGAR iteration...
cegar iteration = 84
sat solving time = 247.550us
number of subcycles found = 2
cycle lengths before merge (length:number) = {14: 1, 38: 1}
number of merge operations = 0
number of resulting cycles = 2
cycle lengths after merge (length:number) = {14: 1, 38: 1}
gb-trace iteration=84 subcycle id=C1 vertices=[a0,b0,0x1,0p1,0r1,0q0,1x1,z1,z2,z3,z4,1x4,0q3,1x5,z5,z6,1x6,0q4,0r3,0r4,0p4,0p5,0r5,0q5,1x7,z7,z0,1x0,0p0,0x0,b5,0x5,b4,0x4,b3,a3,a4,a5]
gb-trace iteration=84 subcycle id=C2 vertices=[a1,b1,0x2,0p2,0r2,0r0,0q1,1x2,0q2,1x3,0p3,0x3,b2,a2]
gb-trace iteration=84 resulting id=C1 vertices=[a0,b0,0x1,0p1,0r1,0q0,1x1,z1,z2,z3,z4,1x4,0q3,1x5,z5,z6,1x6,0q4,0r3,0r4,0p4,0p5,0r5,0q5,1x7,z7,z0,1x0,0p0,0x0,b5,0x5,b4,0x4,b3,a3,a4,a5]
gb-trace iteration=84 resulting id=C2 vertices=[a1,b1,0x2,0p2,0r2,0r0,0q1,1x2,0q2,1x3,0p3,0x3,b2,a2]
cut arcs by clause length (length:number) = {10: 4}
number of added block clauses (this increment) = 4
number of added block clauses (accumulated) = 376
add block clauses time = 28.803us
increment time = 276.353us

CEGAR iteration...
cegar iteration = 85
sat solving time = 40.701us
number of subcycles found = 2
cycle lengths before merge (length:number) = {20: 1, 32: 1}
number of merge operations = 0
number of resulting cycles = 2
cycle lengths after merge (length:number) = {20: 1, 32: 1}
gb-trace iteration=85 subcycle id=C1 vertices=[a0,a1,b1,0x1,0p1,0r1,0q0,1x1,z1,z2,z3,z4,1x4,0q3,0r4,0p4,0p5,0r5,0r3,0q4,1x5,z5,z6,1x6,0q5,1x7,z7,z0,1x0,0p0,0x0,b0]
gb-trace iteration=85 subcycle id=C2 vertices=[a2,b2,0x2,0p2,0r2,0r0,0q1,1x2,0q2,1x3,0p3,0x3,b3,0x4,b4,0x5,b5,a5,a4,a3]
gb-trace iteration=85 resulting id=C1 vertices=[a0,a1,b1,0x1,0p1,0r1,0q0,1x1,z1,z2,z3,z4,1x4,0q3,0r4,0p4,0p5,0r5,0r3,0q4,1x5,z5,z6,1x6,0q5,1x7,z7,z0,1x0,0p0,0x0,b0]
gb-trace iteration=85 resulting id=C2 vertices=[a2,b2,0x2,0p2,0r2,0r0,0q1,1x2,0q2,1x3,0p3,0x3,b3,0x4,b4,0x5,b5,a5,a4,a3]
cut arcs by clause length (length:number) = {12: 4}
number of added block clauses (this increment) = 4
number of added block clauses (accumulated) = 380
add block clauses time = 28.089us
increment time = 68.790us

CEGAR iteration...
cegar iteration = 86
sat solving time = 15.240us
number of subcycles found = 2
cycle lengths before merge (length:number) = {14: 1, 38: 1}
number of merge operations = 0
number of resulting cycles = 2
cycle lengths after merge (length:number) = {14: 1, 38: 1}
gb-trace iteration=86 subcycle id=C1 vertices=[a0,a1,b1,0x1,0p1,0r1,0q0,1x1,z1,z2,z3,z4,1x4,0q3,0r4,0p4,0x4,b4,a4,a5,b5,0x5,0p5,0r5,0r3,0q4,1x5,z5,z6,1x6,0q5,1x7,z7,z0,1x0,0p0,0x0,b0]
gb-trace iteration=86 subcycle id=C2 vertices=[a2,b2,0x2,0p2,0r2,0r0,0q1,1x2,0q2,1x3,0p3,0x3,b3,a3]
gb-trace iteration=86 resulting id=C1 vertices=[a0,a1,b1,0x1,0p1,0r1,0q0,1x1,z1,z2,z3,z4,1x4,0q3,0r4,0p4,0x4,b4,a4,a5,b5,0x5,0p5,0r5,0r3,0q4,1x5,z5,z6,1x6,0q5,1x7,z7,z0,1x0,0p0,0x0,b0]
gb-trace iteration=86 resulting id=C2 vertices=[a2,b2,0x2,0p2,0r2,0r0,0q1,1x2,0q2,1x3,0p3,0x3,b3,a3]
cut arcs by clause length (length:number) = {10: 4}
number of added block clauses (this increment) = 4
number of added block clauses (accumulated) = 384
add block clauses time = 29.115us
increment time = 44.355us

CEGAR iteration...
cegar iteration = 87
sat solving time = 476.864us
number of subcycles found = 2
cycle lengths before merge (length:number) = {14: 1, 38: 1}
number of merge operations = 0
number of resulting cycles = 2
cycle lengths after merge (length:number) = {14: 1, 38: 1}
gb-trace iteration=87 subcycle id=C1 vertices=[a0,a1,b1,0x1,0p1,0r1,0r0,0q1,1x1,0q0,1x0,0p0,0x0,b0]
gb-trace iteration=87 subcycle id=C2 vertices=[a2,b2,0x2,0p2,0r2,0q2,1x2,z2,z1,z0,z7,1x7,0q5,0r5,0p5,0x5,b5,a5,a4,b4,0x4,0p4,0r4,0r3,0q4,1x6,z6,z5,1x5,0q3,1x4,z4,z3,1x3,0p3,0x3,b3,a3]
gb-trace iteration=87 resulting id=C1 vertices=[a0,a1,b1,0x1,0p1,0r1,0r0,0q1,1x1,0q0,1x0,0p0,0x0,b0]
gb-trace iteration=87 resulting id=C2 vertices=[a2,b2,0x2,0p2,0r2,0q2,1x2,z2,z1,z0,z7,1x7,0q5,0r5,0p5,0x5,b5,a5,a4,b4,0x4,0p4,0r4,0r3,0q4,1x6,z6,z5,1x5,0q3,1x4,z4,z3,1x3,0p3,0x3,b3,a3]
cut arcs by clause length (length:number) = {10: 4}
number of added block clauses (this increment) = 4
number of added block clauses (accumulated) = 388
add block clauses time = 34.474us
increment time = 511.338us

CEGAR iteration...
cegar iteration = 88
sat solving time = 34.383us
number of subcycles found = 2
cycle lengths before merge (length:number) = {14: 1, 38: 1}
number of merge operations = 0
number of resulting cycles = 2
cycle lengths after merge (length:number) = {14: 1, 38: 1}
gb-trace iteration=88 subcycle id=C1 vertices=[a0,b0,0x1,0p1,0r1,0r0,0q1,1x1,0q0,1x0,0p0,0x0,b5,a5]
gb-trace iteration=88 subcycle id=C2 vertices=[a1,b1,0x2,0p2,0r2,0q2,1x2,z2,z1,z0,z7,1x7,0q5,0r5,0p5,0x5,b4,a4,a3,b3,0x4,0p4,0r4,0r3,0q4,1x6,z6,z5,1x5,0q3,1x4,z4,z3,1x3,0p3,0x3,b2,a2]
gb-trace iteration=88 resulting id=C1 vertices=[a0,b0,0x1,0p1,0r1,0r0,0q1,1x1,0q0,1x0,0p0,0x0,b5,a5]
gb-trace iteration=88 resulting id=C2 vertices=[a1,b1,0x2,0p2,0r2,0q2,1x2,z2,z1,z0,z7,1x7,0q5,0r5,0p5,0x5,b4,a4,a3,b3,0x4,0p4,0r4,0r3,0q4,1x6,z6,z5,1x5,0q3,1x4,z4,z3,1x3,0p3,0x3,b2,a2]
cut arcs by clause length (length:number) = {10: 4}
number of added block clauses (this increment) = 4
number of added block clauses (accumulated) = 392
add block clauses time = 29.301us
increment time = 63.684us

CEGAR iteration...
cegar iteration = 89
sat solving time = 11.061us
number of subcycles found = 2
cycle lengths before merge (length:number) = {20: 1, 32: 1}
number of merge operations = 0
number of resulting cycles = 2
cycle lengths after merge (length:number) = {20: 1, 32: 1}
gb-trace iteration=89 subcycle id=C1 vertices=[a0,b0,0x1,0p1,0r1,0r0,0q1,1x1,0q0,1x0,0p0,0x0,b5,0x5,b4,0x4,b3,a3,a4,a5]
gb-trace iteration=89 subcycle id=C2 vertices=[a1,b1,0x2,0p2,0r2,0q2,1x2,z2,z1,z0,z7,1x7,0q5,0r5,0p5,0p4,0r4,0r3,0q4,1x6,z6,z5,1x5,0q3,1x4,z4,z3,1x3,0p3,0x3,b2,a2]
gb-trace iteration=89 resulting id=C1 vertices=[a0,b0,0x1,0p1,0r1,0r0,0q1,1x1,0q0,1x0,0p0,0x0,b5,0x5,b4,0x4,b3,a3,a4,a5]
gb-trace iteration=89 resulting id=C2 vertices=[a1,b1,0x2,0p2,0r2,0q2,1x2,z2,z1,z0,z7,1x7,0q5,0r5,0p5,0p4,0r4,0r3,0q4,1x6,z6,z5,1x5,0q3,1x4,z4,z3,1x3,0p3,0x3,b2,a2]
cut arcs by clause length (length:number) = {12: 4}
number of added block clauses (this increment) = 4
number of added block clauses (accumulated) = 396
add block clauses time = 27.404us
increment time = 38.465us

CEGAR iteration...
cegar iteration = 90
sat solving time = 110.295us
number of subcycles found = 2
cycle lengths before merge (length:number) = {20: 1, 32: 1}
number of merge operations = 0
number of resulting cycles = 2
cycle lengths after merge (length:number) = {20: 1, 32: 1}
gb-trace iteration=90 subcycle id=C1 vertices=[a0,a1,b1,0x1,0p1,0r1,0r0,0q1,1x2,z2,z1,1x1,0q0,1x0,z0,z7,1x7,0p0,0x0,b0]
gb-trace iteration=90 subcycle id=C2 vertices=[a2,b2,0x2,0p2,0r2,0q2,1x3,z3,z4,z5,z6,1x6,0q5,0r5,0p5,0x5,b5,a5,a4,b4,0x4,0p4,0r4,0r3,0q4,1x5,0q3,1x4,0p3,0x3,b3,a3]
gb-trace iteration=90 resulting id=C1 vertices=[a0,a1,b1,0x1,0p1,0r1,0r0,0q1,1x2,z2,z1,1x1,0q0,1x0,z0,z7,1x7,0p0,0x0,b0]
gb-trace iteration=90 resulting id=C2 vertices=[a2,b2,0x2,0p2,0r2,0q2,1x3,z3,z4,z5,z6,1x6,0q5,0r5,0p5,0x5,b5,a5,a4,b4,0x4,0p4,0r4,0r3,0q4,1x5,0q3,1x4,0p3,0x3,b3,a3]
cut arcs by clause length (length:number) = {10: 4}
number of added block clauses (this increment) = 4
number of added block clauses (accumulated) = 400
add block clauses time = 32.521us
increment time = 142.816us

CEGAR iteration...
cegar iteration = 91
sat solving time = 31.509us
number of subcycles found = 2
cycle lengths before merge (length:number) = {26: 2}
number of merge operations = 0
number of resulting cycles = 2
cycle lengths after merge (length:number) = {26: 2}
gb-trace iteration=91 subcycle id=C1 vertices=[a0,b0,0x1,0p1,0r1,0r0,0q1,1x2,z2,z1,1x1,0q0,1x0,z0,z7,1x7,0p0,0x0,b5,0x5,b4,0x4,b3,a3,a4,a5]
gb-trace iteration=91 subcycle id=C2 vertices=[a1,b1,0x2,0p2,0r2,0q2,1x3,z3,z4,z5,z6,1x6,0q5,0r5,0p5,0p4,0r4,0r3,0q4,1x5,0q3,1x4,0p3,0x3,b2,a2]
gb-trace iteration=91 resulting id=C1 vertices=[a0,b0,0x1,0p1,0r1,0r0,0q1,1x2,z2,z1,1x1,0q0,1x0,z0,z7,1x7,0p0,0x0,b5,0x5,b4,0x4,b3,a3,a4,a5]
gb-trace iteration=91 resulting id=C2 vertices=[a1,b1,0x2,0p2,0r2,0q2,1x3,z3,z4,z5,z6,1x6,0q5,0r5,0p5,0p4,0r4,0r3,0q4,1x5,0q3,1x4,0p3,0x3,b2,a2]
cut arcs by clause length (length:number) = {12: 4}
number of added block clauses (this increment) = 4
number of added block clauses (accumulated) = 404
add block clauses time = 29.627us
increment time = 61.136us

CEGAR iteration...
cegar iteration = 92
sat solving time = 13.490us
number of subcycles found = 2
cycle lengths before merge (length:number) = {20: 1, 32: 1}
number of merge operations = 0
number of resulting cycles = 2
cycle lengths after merge (length:number) = {20: 1, 32: 1}
gb-trace iteration=92 subcycle id=C1 vertices=[a0,b0,0x1,0p1,0r1,0r0,0q1,1x2,z2,z1,1x1,0q0,1x0,z0,z7,1x7,0p0,0x0,b5,a5]
gb-trace iteration=92 subcycle id=C2 vertices=[a1,b1,0x2,0p2,0r2,0q2,1x3,z3,z4,z5,z6,1x6,0q5,0r5,0p5,0x5,b4,a4,a3,b3,0x4,0p4,0r4,0r3,0q4,1x5,0q3,1x4,0p3,0x3,b2,a2]
gb-trace iteration=92 resulting id=C1 vertices=[a0,b0,0x1,0p1,0r1,0r0,0q1,1x2,z2,z1,1x1,0q0,1x0,z0,z7,1x7,0p0,0x0,b5,a5]
gb-trace iteration=92 resulting id=C2 vertices=[a1,b1,0x2,0p2,0r2,0q2,1x3,z3,z4,z5,z6,1x6,0q5,0r5,0p5,0x5,b4,a4,a3,b3,0x4,0p4,0r4,0r3,0q4,1x5,0q3,1x4,0p3,0x3,b2,a2]
cut arcs by clause length (length:number) = {10: 4}
number of added block clauses (this increment) = 4
number of added block clauses (accumulated) = 408
add block clauses time = 27.517us
increment time = 41.007us

CEGAR iteration...
cegar iteration = 93
sat solving time = 36.570us
number of subcycles found = 2
cycle lengths before merge (length:number) = {23: 1, 29: 1}
number of merge operations = 0
number of resulting cycles = 2
cycle lengths after merge (length:number) = {23: 1, 29: 1}
gb-trace iteration=93 subcycle id=C1 vertices=[a0,b0,0x1,0p1,0r1,0r0,0q1,1x2,z2,z1,1x1,0q0,1x0,z0,z7,z6,1x6,0q5,1x7,0p0,0x0,b5,0x5,b4,0x4,b3,a3,a4,a5]
gb-trace iteration=93 subcycle id=C2 vertices=[a1,b1,0x2,0p2,0r2,0q2,1x3,z3,z4,z5,1x5,0q4,0r3,0r5,0p5,0p4,0r4,0q3,1x4,0p3,0x3,b2,a2]
gb-trace iteration=93 resulting id=C1 vertices=[a0,b0,0x1,0p1,0r1,0r0,0q1,1x2,z2,z1,1x1,0q0,1x0,z0,z7,z6,1x6,0q5,1x7,0p0,0x0,b5,0x5,b4,0x4,b3,a3,a4,a5]
gb-trace iteration=93 resulting id=C2 vertices=[a1,b1,0x2,0p2,0r2,0q2,1x3,z3,z4,z5,1x5,0q4,0r3,0r5,0p5,0p4,0r4,0q3,1x4,0p3,0x3,b2,a2]
cut arcs by clause length (length:number) = {13: 4}
number of added block clauses (this increment) = 4
number of added block clauses (accumulated) = 412
add block clauses time = 28.663us
increment time = 65.233us

CEGAR iteration...
cegar iteration = 94
sat solving time = 7.538us
number of subcycles found = 2
cycle lengths before merge (length:number) = {23: 1, 29: 1}
number of merge operations = 0
number of resulting cycles = 2
cycle lengths after merge (length:number) = {23: 1, 29: 1}
gb-trace iteration=94 subcycle id=C1 vertices=[a0,b0,0x1,0p1,0r1,0r0,0q1,1x2,z2,z1,1x1,0q0,1x0,z0,z7,z6,1x6,0q5,1x7,0p0,0x0,b5,a5]
gb-trace iteration=94 subcycle id=C2 vertices=[a1,b1,0x2,0p2,0r2,0q2,1x3,z3,z4,z5,1x5,0q4,0r3,0r5,0p5,0x5,b4,a4,a3,b3,0x4,0p4,0r4,0q3,1x4,0p3,0x3,b2,a2]
gb-trace iteration=94 resulting id=C1 vertices=[a0,b0,0x1,0p1,0r1,0r0,0q1,1x2,z2,z1,1x1,0q0,1x0,z0,z7,z6,1x6,0q5,1x7,0p0,0x0,b5,a5]
gb-trace iteration=94 resulting id=C2 vertices=[a1,b1,0x2,0p2,0r2,0q2,1x3,z3,z4,z5,1x5,0q4,0r3,0r5,0p5,0x5,b4,a4,a3,b3,0x4,0p4,0r4,0q3,1x4,0p3,0x3,b2,a2]
cut arcs by clause length (length:number) = {11: 4}
number of added block clauses (this increment) = 4
number of added block clauses (accumulated) = 416
add block clauses time = 27.565us
increment time = 35.103us

CEGAR iteration...
cegar iteration = 95
sat solving time = 120.844us
number of subcycles found = 2
cycle lengths before merge (length:number) = {23: 1, 29: 1}
number of merge operations = 0
number of resulting cycles = 2
cycle lengths after merge (length:number) = {23: 1, 29: 1}
gb-trace iteration=95 subcycle id=C1 vertices=[a0,a1,b1,0x1,0p1,0r1,0r0,0q1,1x2,z2,z1,1x1,0q0,1x0,z0,z7,z6,1x6,0q5,1x7,0p0,0x0,b0]
gb-trace iteration=95 subcycle id=C2 vertices=[a2,b2,0x2,0p2,0r2,0q2,1x3,z3,z4,z5,1x5,0q4,0r3,0r5,0p5,0x5,b5,a5,a4,b4,0x4,0p4,0r4,0q3,1x4,0p3,0x3,b3,a3]
gb-trace iteration=95 resulting id=C1 vertices=[a0,a1,b1,0x1,0p1,0r1,0r0,0q1,1x2,z2,z1,1x1,0q0,1x0,z0,z7,z6,1x6,0q5,1x7,0p0,0x0,b0]
gb-trace iteration=95 resulting id=C2 vertices=[a2,b2,0x2,0p2,0r2,0q2,1x3,z3,z4,z5,1x5,0q4,0r3,0r5,0p5,0x5,b5,a5,a4,b4,0x4,0p4,0r4,0q3,1x4,0p3,0x3,b3,a3]
cut arcs by clause length (length:number) = {11: 4}
number of added block clauses (this increment) = 4
number of added block clauses (accumulated) = 420
add block clauses time = 29.208us
increment time = 150.052us

CEGAR iteration...
cegar iteration = 96
sat solving time = 279.167us
number of subcycles found = 2
cycle lengths before merge (length:number) = {23: 1, 29: 1}
number of merge operations = 0
number of resulting cycles = 2
cycle lengths after merge (length:number) = {23: 1, 29: 1}
gb-trace iteration=96 subcycle id=C1 vertices=[a0,a1,b1,0x1,0p1,0r1,0r0,0q1,1x2,z2,z1,1x1,0q0,1x0,z0,z7,z6,1x6,0q4,0r3,0r4,0p4,0p5,0r5,0q5,1x7,0p0,0x0,b0]
gb-trace iteration=96 subcycle id=C2 vertices=[a2,b2,0x2,0p2,0r2,0q2,1x3,z3,z4,z5,1x5,0q3,1x4,0p3,0x3,b3,0x4,b4,0x5,b5,a5,a4,a3]
gb-trace iteration=96 resulting id=C1 vertices=[a0,a1,b1,0x1,0p1,0r1,0r0,0q1,1x2,z2,z1,1x1,0q0,1x0,z0,z7,z6,1x6,0q4,0r3,0r4,0p4,0p5,0r5,0q5,1x7,0p0,0x0,b0]
gb-trace iteration=96 resulting id=C2 vertices=[a2,b2,0x2,0p2,0r2,0q2,1x3,z3,z4,z5,1x5,0q3,1x4,0p3,0x3,b3,0x4,b4,0x5,b5,a5,a4,a3]
cut arcs by clause length (length:number) = {13: 4}
number of added block clauses (this increment) = 4
number of added block clauses (accumulated) = 424
add block clauses time = 32.442us
increment time = 311.609us

CEGAR iteration...
cegar iteration = 97
sat solving time = 6.124us
number of subcycles found = 2
cycle lengths before merge (length:number) = {17: 1, 35: 1}
number of merge operations = 0
number of resulting cycles = 2
cycle lengths after merge (length:number) = {17: 1, 35: 1}
gb-trace iteration=97 subcycle id=C1 vertices=[a0,a1,b1,0x1,0p1,0r1,0r0,0q1,1x2,z2,z1,1x1,0q0,1x0,z0,z7,z6,1x6,0q4,0r3,0r4,0p4,0x4,b4,a4,a5,b5,0x5,0p5,0r5,0q5,1x7,0p0,0x0,b0]
gb-trace iteration=97 subcycle id=C2 vertices=[a2,b2,0x2,0p2,0r2,0q2,1x3,z3,z4,z5,1x5,0q3,1x4,0p3,0x3,b3,a3]
gb-trace iteration=97 resulting id=C1 vertices=[a0,a1,b1,0x1,0p1,0r1,0r0,0q1,1x2,z2,z1,1x1,0q0,1x0,z0,z7,z6,1x6,0q4,0r3,0r4,0p4,0x4,b4,a4,a5,b5,0x5,0p5,0r5,0q5,1x7,0p0,0x0,b0]
gb-trace iteration=97 resulting id=C2 vertices=[a2,b2,0x2,0p2,0r2,0q2,1x3,z3,z4,z5,1x5,0q3,1x4,0p3,0x3,b3,a3]
cut arcs by clause length (length:number) = {11: 4}
number of added block clauses (this increment) = 4
number of added block clauses (accumulated) = 428
add block clauses time = 28.298us
increment time = 34.422us

CEGAR iteration...
cegar iteration = 98
sat solving time = 16.442us
number of subcycles found = 2
cycle lengths before merge (length:number) = {17: 1, 35: 1}
number of merge operations = 0
number of resulting cycles = 2
cycle lengths after merge (length:number) = {17: 1, 35: 1}
gb-trace iteration=98 subcycle id=C1 vertices=[a0,b0,0x1,0p1,0r1,0r0,0q1,1x2,z2,z1,1x1,0q0,1x0,z0,z7,z6,1x6,0q4,0r3,0r4,0p4,0x4,b3,a3,a4,b4,0x5,0p5,0r5,0q5,1x7,0p0,0x0,b5,a5]
gb-trace iteration=98 subcycle id=C2 vertices=[a1,b1,0x2,0p2,0r2,0q2,1x3,z3,z4,z5,1x5,0q3,1x4,0p3,0x3,b2,a2]
gb-trace iteration=98 resulting id=C1 vertices=[a0,b0,0x1,0p1,0r1,0r0,0q1,1x2,z2,z1,1x1,0q0,1x0,z0,z7,z6,1x6,0q4,0r3,0r4,0p4,0x4,b3,a3,a4,b4,0x5,0p5,0r5,0q5,1x7,0p0,0x0,b5,a5]
gb-trace iteration=98 resulting id=C2 vertices=[a1,b1,0x2,0p2,0r2,0q2,1x3,z3,z4,z5,1x5,0q3,1x4,0p3,0x3,b2,a2]
cut arcs by clause length (length:number) = {11: 4}
number of added block clauses (this increment) = 4
number of added block clauses (accumulated) = 432
add block clauses time = 29.622us
increment time = 46.064us

CEGAR iteration...
cegar iteration = 99
sat solving time = 24.059us
number of subcycles found = 2
cycle lengths before merge (length:number) = {11: 1, 41: 1}
number of merge operations = 0
number of resulting cycles = 2
cycle lengths after merge (length:number) = {11: 1, 41: 1}
gb-trace iteration=99 subcycle id=C1 vertices=[a0,a1,b1,0x1,0p1,0r1,0r0,0q1,1x2,z2,z3,z4,1x4,0q3,1x5,z5,z6,1x6,0q4,0r3,0r4,0p4,0x4,b4,a4,a5,b5,0x5,0p5,0r5,0q5,1x7,z7,z0,z1,1x1,0q0,1x0,0p0,0x0,b0]
gb-trace iteration=99 subcycle id=C2 vertices=[a2,b2,0x2,0p2,0r2,0q2,1x3,0p3,0x3,b3,a3]
gb-trace iteration=99 resulting id=C1 vertices=[a0,a1,b1,0x1,0p1,0r1,0r0,0q1,1x2,z2,z3,z4,1x4,0q3,1x5,z5,z6,1x6,0q4,0r3,0r4,0p4,0x4,b4,a4,a5,b5,0x5,0p5,0r5,0q5,1x7,z7,z0,z1,1x1,0q0,1x0,0p0,0x0,b0]
gb-trace iteration=99 resulting id=C2 vertices=[a2,b2,0x2,0p2,0r2,0q2,1x3,0p3,0x3,b3,a3]
cut arcs by clause length (length:number) = {9: 4}
number of added block clauses (this increment) = 4
number of added block clauses (accumulated) = 436
add block clauses time = 27.440us
increment time = 51.499us

CEGAR iteration...
cegar iteration = 100
sat solving time = 5.579us
number of subcycles found = 2
cycle lengths before merge (length:number) = {17: 1, 35: 1}
number of merge operations = 0
number of resulting cycles = 2
cycle lengths after merge (length:number) = {17: 1, 35: 1}
gb-trace iteration=100 subcycle id=C1 vertices=[a0,a1,b1,0x1,0p1,0r1,0r0,0q1,1x2,z2,z3,z4,1x4,0q3,1x5,z5,z6,1x6,0q4,0r3,0r4,0p4,0p5,0r5,0q5,1x7,z7,z0,z1,1x1,0q0,1x0,0p0,0x0,b0]
gb-trace iteration=100 subcycle id=C2 vertices=[a2,b2,0x2,0p2,0r2,0q2,1x3,0p3,0x3,b3,0x4,b4,0x5,b5,a5,a4,a3]
gb-trace iteration=100 resulting id=C1 vertices=[a0,a1,b1,0x1,0p1,0r1,0r0,0q1,1x2,z2,z3,z4,1x4,0q3,1x5,z5,z6,1x6,0q4,0r3,0r4,0p4,0p5,0r5,0q5,1x7,z7,z0,z1,1x1,0q0,1x0,0p0,0x0,b0]
gb-trace iteration=100 resulting id=C2 vertices=[a2,b2,0x2,0p2,0r2,0q2,1x3,0p3,0x3,b3,0x4,b4,0x5,b5,a5,a4,a3]
cut arcs by clause length (length:number) = {11: 4}
number of added block clauses (this increment) = 4
number of added block clauses (accumulated) = 440
add block clauses time = 26.268us
increment time = 31.847us

CEGAR iteration...
cegar iteration = 101
sat solving time = 20.732us
number of subcycles found = 2
cycle lengths before merge (length:number) = {11: 1, 41: 1}
number of merge operations = 0
number of resulting cycles = 2
cycle lengths after merge (length:number) = {11: 1, 41: 1}
gb-trace iteration=101 subcycle id=C1 vertices=[a0,b0,0x1,0p1,0r1,0r0,0q1,1x2,z2,z3,z4,1x4,0q3,1x5,z5,z6,1x6,0q4,0r3,0r4,0p4,0p5,0r5,0q5,1x7,z7,z0,z1,1x1,0q0,1x0,0p0,0x0,b5,0x5,b4,0x4,b3,a3,a4,a5]
gb-trace iteration=101 subcycle id=C2 vertices=[a1,b1,0x2,0p2,0r2,0q2,1x3,0p3,0x3,b2,a2]
gb-trace iteration=101 resulting id=C1 vertices=[a0,b0,0x1,0p1,0r1,0r0,0q1,1x2,z2,z3,z4,1x4,0q3,1x5,z5,z6,1x6,0q4,0r3,0r4,0p4,0p5,0r5,0q5,1x7,z7,z0,z1,1x1,0q0,1x0,0p0,0x0,b5,0x5,b4,0x4,b3,a3,a4,a5]
gb-trace iteration=101 resulting id=C2 vertices=[a1,b1,0x2,0p2,0r2,0q2,1x3,0p3,0x3,b2,a2]
cut arcs by clause length (length:number) = {9: 4}
number of added block clauses (this increment) = 4
number of added block clauses (accumulated) = 444
add block clauses time = 26.689us
increment time = 47.421us

CEGAR iteration...
cegar iteration = 102
sat solving time = 104.169us
number of subcycles found = 2
cycle lengths before merge (length:number) = {14: 1, 38: 1}
number of merge operations = 0
number of resulting cycles = 2
cycle lengths after merge (length:number) = {14: 1, 38: 1}
gb-trace iteration=102 subcycle id=C1 vertices=[a0,a1,b1,0x1,0p1,0r1,0r0,0q1,1x2,z2,z1,1x1,0q0,1x0,z0,z7,z6,z5,1x5,0q3,0r4,0p4,0x4,b4,a4,a5,b5,0x5,0p5,0r5,0r3,0q4,1x6,0q5,1x7,0p0,0x0,b0]
gb-trace iteration=102 subcycle id=C2 vertices=[a2,b2,0x2,0p2,0r2,0q2,1x3,z3,z4,1x4,0p3,0x3,b3,a3]
gb-trace iteration=102 resulting id=C1 vertices=[a0,a1,b1,0x1,0p1,0r1,0r0,0q1,1x2,z2,z1,1x1,0q0,1x0,z0,z7,z6,z5,1x5,0q3,0r4,0p4,0x4,b4,a4,a5,b5,0x5,0p5,0r5,0r3,0q4,1x6,0q5,1x7,0p0,0x0,b0]
gb-trace iteration=102 resulting id=C2 vertices=[a2,b2,0x2,0p2,0r2,0q2,1x3,z3,z4,1x4,0p3,0x3,b3,a3]
cut arcs by clause length (length:number) = {10: 4}
number of added block clauses (this increment) = 4
number of added block clauses (accumulated) = 448
add block clauses time = 30.370us
increment time = 134.539us

CEGAR iteration...
cegar iteration = 103
sat solving time = 5.555us
number of subcycles found = 2
cycle lengths before merge (length:number) = {20: 1, 32: 1}
number of merge operations = 0
number of resulting cycles = 2
cycle lengths after merge (length:number) = {20: 1, 32: 1}
gb-trace iteration=103 subcycle id=C1 vertices=[a0,a1,b1,0x1,0p1,0r1,0r0,0q1,1x2,z2,z1,1x1,0q0,1x0,z0,z7,z6,z5,1x5,0q3,0r4,0p4,0p5,0r5,0r3,0q4,1x6,0q5,1x7,0p0,0x0,b0]
gb-trace iteration=103 subcycle id=C2 vertices=[a2,b2,0x2,0p2,0r2,0q2,1x3,z3,z4,1x4,0p3,0x3,b3,0x4,b4,0x5,b5,a5,a4,a3]
gb-trace iteration=103 resulting id=C1 vertices=[a0,a1,b1,0x1,0p1,0r1,0r0,0q1,1x2,z2,z1,1x1,0q0,1x0,z0,z7,z6,z5,1x5,0q3,0r4,0p4,0p5,0r5,0r3,0q4,1x6,0q5,1x7,0p0,0x0,b0]
gb-trace iteration=103 resulting id=C2 vertices=[a2,b2,0x2,0p2,0r2,0q2,1x3,z3,z4,1x4,0p3,0x3,b3,0x4,b4,0x5,b5,a5,a4,a3]
cut arcs by clause length (length:number) = {12: 4}
number of added block clauses (this increment) = 4
number of added block clauses (accumulated) = 452
add block clauses time = 26.119us
increment time = 31.674us

CEGAR iteration...
cegar iteration = 104
sat solving time = 14.635us
number of subcycles found = 2
cycle lengths before merge (length:number) = {14: 1, 38: 1}
number of merge operations = 0
number of resulting cycles = 2
cycle lengths after merge (length:number) = {14: 1, 38: 1}
gb-trace iteration=104 subcycle id=C1 vertices=[a0,b0,0x1,0p1,0r1,0r0,0q1,1x2,z2,z1,1x1,0q0,1x0,z0,z7,z6,z5,1x5,0q3,0r4,0p4,0x4,b3,a3,a4,b4,0x5,0p5,0r5,0r3,0q4,1x6,0q5,1x7,0p0,0x0,b5,a5]
gb-trace iteration=104 subcycle id=C2 vertices=[a1,b1,0x2,0p2,0r2,0q2,1x3,z3,z4,1x4,0p3,0x3,b2,a2]
gb-trace iteration=104 resulting id=C1 vertices=[a0,b0,0x1,0p1,0r1,0r0,0q1,1x2,z2,z1,1x1,0q0,1x0,z0,z7,z6,z5,1x5,0q3,0r4,0p4,0x4,b3,a3,a4,b4,0x5,0p5,0r5,0r3,0q4,1x6,0q5,1x7,0p0,0x0,b5,a5]
gb-trace iteration=104 resulting id=C2 vertices=[a1,b1,0x2,0p2,0r2,0q2,1x3,z3,z4,1x4,0p3,0x3,b2,a2]
cut arcs by clause length (length:number) = {10: 4}
number of added block clauses (this increment) = 4
number of added block clauses (accumulated) = 456
add block clauses time = 26.196us
increment time = 40.831us

CEGAR iteration...
cegar iteration = 105
sat solving time = 110.841us
number of subcycles found = 2
cycle lengths before merge (length:number) = {8: 1, 44: 1}
number of merge operations = 0
number of resulting cycles = 2
cycle lengths after merge (length:number) = {8: 1, 44: 1}
gb-trace iteration=105 subcycle id=C1 vertices=[a0,a5,b5,0x5,0p5,0p4,0r4,0r3,0r5,0q5,1x7,z7,z0,z1,1x1,0q0,1x0,0p0,0x0,b0,0x1,0p1,0r1,0r0,0q1,1x2,z2,z3,z4,z5,z6,1x6,0q4,1x5,0q3,1x4,0p3,1x3,0q2,0r2,0p2,0x2,b1,a1]
gb-trace iteration=105 subcycle id=C2 vertices=[a2,a3,a4,b4,0x4,b3,0x3,b2]
gb-trace iteration=105 resulting id=C1 vertices=[a0,a5,b5,0x5,0p5,0p4,0r4,0r3,0r5,0q5,1x7,z7,z0,z1,1x1,0q0,1x0,0p0,0x0,b0,0x1,0p1,0r1,0r0,0q1,1x2,z2,z3,z4,z5,z6,1x6,0q4,1x5,0q3,1x4,0p3,1x3,0q2,0r2,0p2,0x2,b1,a1]
gb-trace iteration=105 resulting id=C2 vertices=[a2,a3,a4,b4,0x4,b3,0x3,b2]
cut arcs by clause length (length:number) = {6: 4}
number of added block clauses (this increment) = 4
number of added block clauses (accumulated) = 460
add block clauses time = 29.014us
increment time = 139.855us

CEGAR iteration...
cegar iteration = 106
sat solving time = 15.555us
number of subcycles found = 2
cycle lengths before merge (length:number) = {26: 2}
number of merge operations = 0
number of resulting cycles = 2
cycle lengths after merge (length:number) = {26: 2}
gb-trace iteration=106 subcycle id=C1 vertices=[a0,b0,0x1,0p1,0r1,0r0,0q1,1x2,z2,z3,z4,z5,z6,1x6,0q4,1x5,0q3,1x4,0p3,1x3,0q2,0r2,0p2,0x2,b1,a1]
gb-trace iteration=106 subcycle id=C2 vertices=[a2,b2,0x3,b3,0x4,b4,0x5,0p5,0p4,0r4,0r3,0r5,0q5,1x7,z7,z0,z1,1x1,0q0,1x0,0p0,0x0,b5,a5,a4,a3]
gb-trace iteration=106 resulting id=C1 vertices=[a0,b0,0x1,0p1,0r1,0r0,0q1,1x2,z2,z3,z4,z5,z6,1x6,0q4,1x5,0q3,1x4,0p3,1x3,0q2,0r2,0p2,0x2,b1,a1]
gb-trace iteration=106 resulting id=C2 vertices=[a2,b2,0x3,b3,0x4,b4,0x5,0p5,0p4,0r4,0r3,0r5,0q5,1x7,z7,z0,z1,1x1,0q0,1x0,0p0,0x0,b5,a5,a4,a3]
cut arcs by clause length (length:number) = {12: 4}
number of added block clauses (this increment) = 4
number of added block clauses (accumulated) = 464
add block clauses time = 29.017us
increment time = 44.572us

CEGAR iteration...
cegar iteration = 107
sat solving time = 12.735us
number of subcycles found = 2
cycle lengths before merge (length:number) = {20: 1, 32: 1}
number of merge operations = 0
number of resulting cycles = 2
cycle lengths after merge (length:number) = {20: 1, 32: 1}
gb-trace iteration=107 subcycle id=C1 vertices=[a0,a5,b5,0x5,0p5,0p4,0r4,0r3,0r5,0q5,1x7,z7,z0,z1,1x1,0q0,1x0,0p0,0x0,b0]
gb-trace iteration=107 subcycle id=C2 vertices=[a1,b1,0x1,0p1,0r1,0r0,0q1,1x2,z2,z3,z4,z5,z6,1x6,0q4,1x5,0q3,1x4,0p3,1x3,0q2,0r2,0p2,0x2,b2,0x3,b3,0x4,b4,a4,a3,a2]
gb-trace iteration=107 resulting id=C1 vertices=[a0,a5,b5,0x5,0p5,0p4,0r4,0r3,0r5,0q5,1x7,z7,z0,z1,1x1,0q0,1x0,0p0,0x0,b0]
gb-trace iteration=107 resulting id=C2 vertices=[a1,b1,0x1,0p1,0r1,0r0,0q1,1x2,z2,z3,z4,z5,z6,1x6,0q4,1x5,0q3,1x4,0p3,1x3,0q2,0r2,0p2,0x2,b2,0x3,b3,0x4,b4,a4,a3,a2]
cut arcs by clause length (length:number) = {12: 4}
number of added block clauses (this increment) = 4
number of added block clauses (accumulated) = 468
add block clauses time = 31.244us
increment time = 43.979us

CEGAR iteration...
cegar iteration = 108
sat solving time = 12.225us
number of subcycles found = 2
cycle lengths before merge (length:number) = {26: 2}
number of merge operations = 0
number of resulting cycles = 2
cycle lengths after merge (length:number) = {26: 2}
gb-trace iteration=108 subcycle id=C1 vertices=[a0,a5,b5,0x5,0p5,0p4,0r4,0q3,1x5,z5,z6,1x6,0q4,0r3,0r5,0q5,1x7,z7,z0,z1,1x1,0q0,1x0,0p0,0x0,b0]
gb-trace iteration=108 subcycle id=C2 vertices=[a1,b1,0x1,0p1,0r1,0r0,0q1,1x2,z2,z3,z4,1x4,0p3,1x3,0q2,0r2,0p2,0x2,b2,0x3,b3,0x4,b4,a4,a3,a2]
gb-trace iteration=108 resulting id=C1 vertices=[a0,a5,b5,0x5,0p5,0p4,0r4,0q3,1x5,z5,z6,1x6,0q4,0r3,0r5,0q5,1x7,z7,z0,z1,1x1,0q0,1x0,0p0,0x0,b0]
gb-trace iteration=108 resulting id=C2 vertices=[a1,b1,0x1,0p1,0r1,0r0,0q1,1x2,z2,z3,z4,1x4,0p3,1x3,0q2,0r2,0p2,0x2,b2,0x3,b3,0x4,b4,a4,a3,a2]
cut arcs by clause length (length:number) = {10: 4}
number of added block clauses (this increment) = 4
number of added block clauses (accumulated) = 472
add block clauses time = 27.573us
increment time = 39.798us

CEGAR iteration...
cegar iteration = 109
sat solving time = 118.876us
number of subcycles found = 2
cycle lengths before merge (length:number) = {17: 1, 35: 1}
number of merge operations = 0
number of resulting cycles = 2
cycle lengths after merge (length:number) = {17: 1, 35: 1}
gb-trace iteration=109 subcycle id=C1 vertices=[a0,a5,b5,0x5,0p5,0r5,0q5,1x7,z7,z0,z1,1x1,0q0,1x0,0p0,0x0,b0]
gb-trace iteration=109 subcycle id=C2 vertices=[a1,b1,0x1,0p1,0r1,0r0,0q1,1x2,z2,z3,z4,1x4,0q3,1x5,z5,z6,1x6,0q4,0r3,0r4,0p4,0x4,b4,a4,a3,b3,0x3,0p3,1x3,0q2,0r2,0p2,0x2,b2,a2]
gb-trace iteration=109 resulting id=C1 vertices=[a0,a5,b5,0x5,0p5,0r5,0q5,1x7,z7,z0,z1,1x1,0q0,1x0,0p0,0x0,b0]
gb-trace iteration=109 resulting id=C2 vertices=[a1,b1,0x1,0p1,0r1,0r0,0q1,1x2,z2,z3,z4,1x4,0q3,1x5,z5,z6,1x6,0q4,0r3,0r4,0p4,0x4,b4,a4,a3,b3,0x3,0p3,1x3,0q2,0r2,0p2,0x2,b2,a2]
cut arcs by clause length (length:number) = {11: 4}
number of added block clauses (this increment) = 4
number of added block clauses (accumulated) = 476
add block clauses time = 30.230us
increment time = 149.106us

CEGAR iteration...
cegar iteration = 110
sat solving time = 5.018us
number of subcycles found = 2
cycle lengths before merge (length:number) = {23: 1, 29: 1}
number of merge operations = 0
number of resulting cycles = 2
cycle lengths after merge (length:number) = {23: 1, 29: 1}
gb-trace iteration=110 subcycle id=C1 vertices=[a0,a5,b5,0x5,0p5,0r5,0q5,1x7,z7,z0,z1,1x1,0q0,1x0,0p0,0x0,b0,0x1,b1,0x2,b2,a2,a1]
gb-trace iteration=110 subcycle id=C2 vertices=[a3,b3,0x3,0p3,1x3,0q2,0r2,0p2,0p1,0r1,0r0,0q1,1x2,z2,z3,z4,1x4,0q3,1x5,z5,z6,1x6,0q4,0r3,0r4,0p4,0x4,b4,a4]
gb-trace iteration=110 resulting id=C1 vertices=[a0,a5,b5,0x5,0p5,0r5,0q5,1x7,z7,z0,z1,1x1,0q0,1x0,0p0,0x0,b0,0x1,b1,0x2,b2,a2,a1]
gb-trace iteration=110 resulting id=C2 vertices=[a3,b3,0x3,0p3,1x3,0q2,0r2,0p2,0p1,0r1,0r0,0q1,1x2,z2,z3,z4,1x4,0q3,1x5,z5,z6,1x6,0q4,0r3,0r4,0p4,0x4,b4,a4]
cut arcs by clause length (length:number) = {13: 4}
number of added block clauses (this increment) = 4
number of added block clauses (accumulated) = 480
add block clauses time = 28.692us
increment time = 33.710us

CEGAR iteration...
cegar iteration = 111
sat solving time = 14.687us
number of subcycles found = 2
cycle lengths before merge (length:number) = {8: 1, 44: 1}
number of merge operations = 0
number of resulting cycles = 2
cycle lengths after merge (length:number) = {8: 1, 44: 1}
gb-trace iteration=111 subcycle id=C1 vertices=[a0,b0,0x1,b1,0x2,b2,a2,a1]
gb-trace iteration=111 subcycle id=C2 vertices=[a3,b3,0x3,0p3,1x3,0q2,0r2,0p2,0p1,0r1,0r0,0q1,1x2,z2,z3,z4,1x4,0q3,1x5,z5,z6,1x6,0q4,0r3,0r4,0p4,0x4,b4,0x5,0p5,0r5,0q5,1x7,z7,z0,z1,1x1,0q0,1x0,0p0,0x0,b5,a5,a4]
gb-trace iteration=111 resulting id=C1 vertices=[a0,b0,0x1,b1,0x2,b2,a2,a1]
gb-trace iteration=111 resulting id=C2 vertices=[a3,b3,0x3,0p3,1x3,0q2,0r2,0p2,0p1,0r1,0r0,0q1,1x2,z2,z3,z4,1x4,0q3,1x5,z5,z6,1x6,0q4,0r3,0r4,0p4,0x4,b4,0x5,0p5,0r5,0q5,1x7,z7,z0,z1,1x1,0q0,1x0,0p0,0x0,b5,a5,a4]
cut arcs by clause length (length:number) = {6: 4}
number of added block clauses (this increment) = 4
number of added block clauses (accumulated) = 484
add block clauses time = 27.440us
increment time = 42.127us

CEGAR iteration...
cegar iteration = 112
sat solving time = 37.376us
number of subcycles found = 2
cycle lengths before merge (length:number) = {17: 1, 35: 1}
number of merge operations = 0
number of resulting cycles = 2
cycle lengths after merge (length:number) = {17: 1, 35: 1}
gb-trace iteration=112 subcycle id=C1 vertices=[a0,b0,0x1,b1,0x2,b2,0x3,0p3,1x3,0q2,0r2,0p2,0p1,0r1,0r0,0q1,1x2,z2,z3,z4,1x4,0q3,1x5,z5,z6,1x6,0q4,0r3,0r4,0p4,0x4,b3,a3,a2,a1]
gb-trace iteration=112 subcycle id=C2 vertices=[a4,b4,0x5,0p5,0r5,0q5,1x7,z7,z0,z1,1x1,0q0,1x0,0p0,0x0,b5,a5]
gb-trace iteration=112 resulting id=C1 vertices=[a0,b0,0x1,b1,0x2,b2,0x3,0p3,1x3,0q2,0r2,0p2,0p1,0r1,0r0,0q1,1x2,z2,z3,z4,1x4,0q3,1x5,z5,z6,1x6,0q4,0r3,0r4,0p4,0x4,b3,a3,a2,a1]
gb-trace iteration=112 resulting id=C2 vertices=[a4,b4,0x5,0p5,0r5,0q5,1x7,z7,z0,z1,1x1,0q0,1x0,0p0,0x0,b5,a5]
cut arcs by clause length (length:number) = {11: 4}
number of added block clauses (this increment) = 4
number of added block clauses (accumulated) = 488
add block clauses time = 33.699us
increment time = 71.075us

CEGAR iteration...
cegar iteration = 113
sat solving time = 11.110us
number of subcycles found = 2
cycle lengths before merge (length:number) = {23: 1, 29: 1}
number of merge operations = 0
number of resulting cycles = 2
cycle lengths after merge (length:number) = {23: 1, 29: 1}
gb-trace iteration=113 subcycle id=C1 vertices=[a0,b0,0x1,b1,0x2,b2,0x3,0p3,1x3,0q2,0r2,0p2,0p1,0r1,0r0,0q1,1x2,z2,z3,z4,1x4,0q3,0r4,0p4,0x4,b3,a3,a2,a1]
gb-trace iteration=113 subcycle id=C2 vertices=[a4,b4,0x5,0p5,0r5,0r3,0q4,1x5,z5,z6,1x6,0q5,1x7,z7,z0,z1,1x1,0q0,1x0,0p0,0x0,b5,a5]
gb-trace iteration=113 resulting id=C1 vertices=[a0,b0,0x1,b1,0x2,b2,0x3,0p3,1x3,0q2,0r2,0p2,0p1,0r1,0r0,0q1,1x2,z2,z3,z4,1x4,0q3,0r4,0p4,0x4,b3,a3,a2,a1]
gb-trace iteration=113 resulting id=C2 vertices=[a4,b4,0x5,0p5,0r5,0r3,0q4,1x5,z5,z6,1x6,0q5,1x7,z7,z0,z1,1x1,0q0,1x0,0p0,0x0,b5,a5]
cut arcs by clause length (length:number) = {11: 4}
number of added block clauses (this increment) = 4
number of added block clauses (accumulated) = 492
add block clauses time = 30.892us
increment time = 42.002us

CEGAR iteration...
cegar iteration = 114
sat solving time = 79.186us
number of subcycles found = 2
cycle lengths before merge (length:number) = {23: 1, 29: 1}
number of merge operations = 0
number of resulting cycles = 2
cycle lengths after merge (length:number) = {23: 1, 29: 1}
gb-trace iteration=114 subcycle id=C1 vertices=[a0,a5,b5,0x5,0p5,0r5,0r3,0q4,1x5,z5,z6,1x6,0q5,1x7,z7,z0,z1,1x1,0q0,1x0,0p0,0x0,b0,0x1,b1,0x2,b2,a2,a1]
gb-trace iteration=114 subcycle id=C2 vertices=[a3,b3,0x3,0p3,1x3,0q2,0r2,0p2,0p1,0r1,0r0,0q1,1x2,z2,z3,z4,1x4,0q3,0r4,0p4,0x4,b4,a4]
gb-trace iteration=114 resulting id=C1 vertices=[a0,a5,b5,0x5,0p5,0r5,0r3,0q4,1x5,z5,z6,1x6,0q5,1x7,z7,z0,z1,1x1,0q0,1x0,0p0,0x0,b0,0x1,b1,0x2,b2,a2,a1]
gb-trace iteration=114 resulting id=C2 vertices=[a3,b3,0x3,0p3,1x3,0q2,0r2,0p2,0p1,0r1,0r0,0q1,1x2,z2,z3,z4,1x4,0q3,0r4,0p4,0x4,b4,a4]
cut arcs by clause length (length:number) = {13: 4}
number of added block clauses (this increment) = 4
number of added block clauses (accumulated) = 496
add block clauses time = 27.460us
increment time = 106.646us

CEGAR iteration...
cegar iteration = 115
sat solving time = 26.874us
number of subcycles found = 2
cycle lengths before merge (length:number) = {23: 1, 29: 1}
number of merge operations = 0
number of resulting cycles = 2
cycle lengths after merge (length:number) = {23: 1, 29: 1}
gb-trace iteration=115 subcycle id=C1 vertices=[a0,a5,b5,0x5,0p5,0r5,0r3,0q4,1x5,z5,z6,1x6,0q5,1x7,z7,z0,z1,1x1,0q0,1x0,0p0,0x0,b0]
gb-trace iteration=115 subcycle id=C2 vertices=[a1,b1,0x1,0p1,0r1,0r0,0q1,1x2,z2,z3,z4,1x4,0q3,0r4,0p4,0x4,b4,a4,a3,b3,0x3,0p3,1x3,0q2,0r2,0p2,0x2,b2,a2]
gb-trace iteration=115 resulting id=C1 vertices=[a0,a5,b5,0x5,0p5,0r5,0r3,0q4,1x5,z5,z6,1x6,0q5,1x7,z7,z0,z1,1x1,0q0,1x0,0p0,0x0,b0]
gb-trace iteration=115 resulting id=C2 vertices=[a1,b1,0x1,0p1,0r1,0r0,0q1,1x2,z2,z3,z4,1x4,0q3,0r4,0p4,0x4,b4,a4,a3,b3,0x3,0p3,1x3,0q2,0r2,0p2,0x2,b2,a2]
cut arcs by clause length (length:number) = {11: 4}
number of added block clauses (this increment) = 4
number of added block clauses (accumulated) = 500
add block clauses time = 26.183us
increment time = 53.057us

CEGAR iteration...
cegar iteration = 116
sat solving time = 68.015us
number of subcycles found = 2
cycle lengths before merge (length:number) = {8: 1, 44: 1}
number of merge operations = 0
number of resulting cycles = 2
cycle lengths after merge (length:number) = {8: 1, 44: 1}
gb-trace iteration=116 subcycle id=C1 vertices=[a0,a1,a2,b2,0x3,0p3,1x3,0q2,0r2,0p2,0x2,b1,0x1,0p1,0r1,0r0,0q1,1x2,z2,z3,z4,1x4,0q3,0r4,0p4,0p5,0r5,0r3,0q4,1x5,z5,z6,1x6,0q5,1x7,z7,z0,z1,1x1,0q0,1x0,0p0,0x0,b0]
gb-trace iteration=116 subcycle id=C2 vertices=[a3,a4,a5,b5,0x5,b4,0x4,b3]
gb-trace iteration=116 resulting id=C1 vertices=[a0,a1,a2,b2,0x3,0p3,1x3,0q2,0r2,0p2,0x2,b1,0x1,0p1,0r1,0r0,0q1,1x2,z2,z3,z4,1x4,0q3,0r4,0p4,0p5,0r5,0r3,0q4,1x5,z5,z6,1x6,0q5,1x7,z7,z0,z1,1x1,0q0,1x0,0p0,0x0,b0]
gb-trace iteration=116 resulting id=C2 vertices=[a3,a4,a5,b5,0x5,b4,0x4,b3]
cut arcs by clause length (length:number) = {6: 4}
number of added block clauses (this increment) = 4
number of added block clauses (accumulated) = 504
add block clauses time = 29.271us
increment time = 97.286us

CEGAR iteration...
cegar iteration = 117
sat solving time = 136.954us
number of subcycles found = 2
cycle lengths before merge (length:number) = {20: 1, 32: 1}
number of merge operations = 0
number of resulting cycles = 2
cycle lengths after merge (length:number) = {20: 1, 32: 1}
gb-trace iteration=117 subcycle id=C1 vertices=[a0,a5,a4,a3,b3,0x4,b4,0x5,b5,0x0,0p0,1x0,0q0,1x1,0q1,1x2,0q2,1x3,0p3,0x3,b2,a2,a1,b1,0x2,0p2,0r2,0r0,0r1,0p1,0x1,b0]
gb-trace iteration=117 subcycle id=C2 vertices=[0q3,0r4,0p4,0p5,0r5,0r3,0q4,1x5,z5,z6,1x6,0q5,1x7,z7,z0,z1,z2,z3,z4,1x4]
gb-trace iteration=117 resulting id=C1 vertices=[a0,a5,a4,a3,b3,0x4,b4,0x5,b5,0x0,0p0,1x0,0q0,1x1,0q1,1x2,0q2,1x3,0p3,0x3,b2,a2,a1,b1,0x2,0p2,0r2,0r0,0r1,0p1,0x1,b0]
gb-trace iteration=117 resulting id=C2 vertices=[0q3,0r4,0p4,0p5,0r5,0r3,0q4,1x5,z5,z6,1x6,0q5,1x7,z7,z0,z1,z2,z3,z4,1x4]
cut arcs by clause length (length:number) = {8: 4}
number of added block clauses (this increment) = 4
number of added block clauses (accumulated) = 508
add block clauses time = 32.712us
increment time = 169.666us

CEGAR iteration...
cegar iteration = 118
sat solving time = 61.858us
number of subcycles found = 2
cycle lengths before merge (length:number) = {23: 1, 29: 1}
number of merge operations = 0
number of resulting cycles = 2
cycle lengths after merge (length:number) = {23: 1, 29: 1}
gb-trace iteration=118 subcycle id=C1 vertices=[a0,b0,0x0,0p0,1x0,0q0,0r1,0r0,0r2,0q2,1x3,0p3,0x3,b3,0x4,b4,0x5,b5,a5,a4,a3,a2,b2,0x2,0p2,0p1,0x1,b1,a1]
gb-trace iteration=118 subcycle id=C2 vertices=[0q1,1x2,z2,z3,z4,1x4,0q3,0r4,0p4,0p5,0r5,0r3,0q4,1x5,z5,z6,1x6,0q5,1x7,z7,z0,z1,1x1]
gb-trace iteration=118 resulting id=C1 vertices=[a0,b0,0x0,0p0,1x0,0q0,0r1,0r0,0r2,0q2,1x3,0p3,0x3,b3,0x4,b4,0x5,b5,a5,a4,a3,a2,b2,0x2,0p2,0p1,0x1,b1,a1]
gb-trace iteration=118 resulting id=C2 vertices=[0q1,1x2,z2,z3,z4,1x4,0q3,0r4,0p4,0p5,0r5,0r3,0q4,1x5,z5,z6,1x6,0q5,1x7,z7,z0,z1,1x1]
cut arcs by clause length (length:number) = {9: 4}
number of added block clauses (this increment) = 4
number of added block clauses (accumulated) = 512
add block clauses time = 30.385us
increment time = 92.243us

CEGAR iteration...
cegar iteration = 119
sat solving time = 76.396us
number of subcycles found = 4
cycle lengths before merge (length:number) = {5: 1, 9: 1, 14: 1, 24: 1}
number of merge operations = 0
number of resulting cycles = 4
cycle lengths after merge (length:number) = {5: 1, 9: 1, 14: 1, 24: 1}
gb-trace iteration=119 subcycle id=C1 vertices=[a0,a5,a4,a3,a2,a1,b1,0x1,b0]
gb-trace iteration=119 subcycle id=C2 vertices=[b2,0x3,b3,0x4,b4,0x5,b5,0x0,0p0,1x0,z0,z1,z2,1x2,0q2,0r2,0r0,0q1,1x1,0q0,0r1,0p1,0p2,0x2]
gb-trace iteration=119 subcycle id=C3 vertices=[0p3,1x4,0q3,0r4,0p4,0p5,0r5,0r3,0q4,1x5,z5,z4,z3,1x3]
gb-trace iteration=119 subcycle id=C4 vertices=[0q5,1x7,z7,z6,1x6]
gb-trace iteration=119 resulting id=C1 vertices=[a0,a5,a4,a3,a2,a1,b1,0x1,b0]
gb-trace iteration=119 resulting id=C2 vertices=[b2,0x3,b3,0x4,b4,0x5,b5,0x0,0p0,1x0,z0,z1,z2,1x2,0q2,0r2,0r0,0q1,1x1,0q0,0r1,0p1,0p2,0x2]
gb-trace iteration=119 resulting id=C3 vertices=[0p3,1x4,0q3,0r4,0p4,0p5,0r5,0r3,0q4,1x5,z5,z4,z3,1x3]
gb-trace iteration=119 resulting id=C4 vertices=[0q5,1x7,z7,z6,1x6]
cut arcs by clause length (length:number) = {5: 2, 7: 2, 8: 2, 14: 2}
number of added block clauses (this increment) = 8
number of added block clauses (accumulated) = 520
add block clauses time = 38.754us
increment time = 115.150us

CEGAR iteration...
cegar iteration = 120
sat solving time = 122.658us
number of subcycles found = 2
cycle lengths before merge (length:number) = {20: 1, 32: 1}
number of merge operations = 0
number of resulting cycles = 2
cycle lengths after merge (length:number) = {20: 1, 32: 1}
gb-trace iteration=120 subcycle id=C1 vertices=[a0,a5,a4,a3,a2,b2,0x3,b3,0x4,b4,0x5,b5,0x0,b0,0x1,0p1,0p2,0x2,b1,a1]
gb-trace iteration=120 subcycle id=C2 vertices=[0p0,1x0,0q0,0r1,0r0,0r2,0q2,1x3,0p3,1x4,0q3,0r4,0p4,0p5,0r5,0r3,0q4,1x5,z5,z4,z3,z2,1x2,0q1,1x1,z1,z0,z7,z6,1x6,0q5,1x7]
gb-trace iteration=120 resulting id=C1 vertices=[a0,a5,a4,a3,a2,b2,0x3,b3,0x4,b4,0x5,b5,0x0,b0,0x1,0p1,0p2,0x2,b1,a1]
gb-trace iteration=120 resulting id=C2 vertices=[0p0,1x0,0q0,0r1,0r0,0r2,0q2,1x3,0p3,1x4,0q3,0r4,0p4,0p5,0r5,0r3,0q4,1x5,z5,z4,z3,z2,1x2,0q1,1x1,z1,z0,z7,z6,1x6,0q5,1x7]
cut arcs by clause length (length:number) = {6: 4}
number of added block clauses (this increment) = 4
number of added block clauses (accumulated) = 524
add block clauses time = 28.760us
increment time = 151.418us

CEGAR iteration...
cegar iteration = 121
sat solving time = 9.203us
number of subcycles found = 2
cycle lengths before merge (length:number) = {23: 1, 29: 1}
number of merge operations = 0
number of resulting cycles = 2
cycle lengths after merge (length:number) = {23: 1, 29: 1}
gb-trace iteration=121 subcycle id=C1 vertices=[a0,a5,a4,a3,a2,b2,0x3,b3,0x4,b4,0x5,b5,0x0,b0,0x1,0p1,0r1,0r0,0r2,0p2,0x2,b1,a1]
gb-trace iteration=121 subcycle id=C2 vertices=[0p0,1x0,0q0,1x1,0q1,1x2,0q2,1x3,0p3,1x4,0q3,0r4,0p4,0p5,0r5,0r3,0q4,1x5,z5,z4,z3,z2,z1,z0,z7,z6,1x6,0q5,1x7]
gb-trace iteration=121 resulting id=C1 vertices=[a0,a5,a4,a3,a2,b2,0x3,b3,0x4,b4,0x5,b5,0x0,b0,0x1,0p1,0r1,0r0,0r2,0p2,0x2,b1,a1]
gb-trace iteration=121 resulting id=C2 vertices=[0p0,1x0,0q0,1x1,0q1,1x2,0q2,1x3,0p3,1x4,0q3,0r4,0p4,0p5,0r5,0r3,0q4,1x5,z5,z4,z3,z2,z1,z0,z7,z6,1x6,0q5,1x7]
cut arcs by clause length (length:number) = {7: 4}
number of added block clauses (this increment) = 4
number of added block clauses (accumulated) = 528
add block clauses time = 29.959us
increment time = 39.162us

CEGAR iteration...
cegar iteration = 122
sat solving time = 180.511us
number of subcycles found = 2
cycle lengths before merge (length:number) = {8: 1, 44: 1}
number of merge operations = 0
number of resulting cycles = 2
cycle lengths after merge (length:number) = {8: 1, 44: 1}
gb-trace iteration=122 subcycle id=C1 vertices=[a0,a1,b1,0x1,0p1,0r1,0r0,0r2,0p2,0x2,b2,a2,a3,a4,a5,b5,0x5,b4,0x4,b3,0x3,0p3,1x4,z4,z5,z6,1x6,0q5,1x7,z7,z0,z1,z2,z3,1x3,0q2,1x2,0q1,1x1,0q0,1x0,0p0,0x0,b0]
gb-trace iteration=122 subcycle id=C2 vertices=[0q3,0r4,0p4,0p5,0r5,0r3,0q4,1x5]
gb-trace iteration=122 resulting id=C1 vertices=[a0,a1,b1,0x1,0p1,0r1,0r0,0r2,0p2,0x2,b2,a2,a3,a4,a5,b5,0x5,b4,0x4,b3,0x3,0p3,1x4,z4,z5,z6,1x6,0q5,1x7,z7,z0,z1,z2,z3,1x3,0q2,1x2,0q1,1x1,0q0,1x0,0p0,0x0,b0]
gb-trace iteration=122 resulting id=C2 vertices=[0q3,0r4,0p4,0p5,0r5,0r3,0q4,1x5]
cut arcs by clause length (length:number) = {6: 4}
number of added block clauses (this increment) = 4
number of added block clauses (accumulated) = 532
add block clauses time = 35.757us
increment time = 216.268us

CEGAR iteration...
cegar iteration = 123
sat solving time = 70.125us
number of subcycles found = 2
cycle lengths before merge (length:number) = {5: 1, 47: 1}
number of merge operations = 0
number of resulting cycles = 2
cycle lengths after merge (length:number) = {5: 1, 47: 1}
gb-trace iteration=123 subcycle id=C1 vertices=[a0,a1,b1,0x1,0p1,0p2,0x2,b2,a2,a3,a4,a5,b5,0x5,b4,0x4,b3,0x3,0p3,1x4,0q3,0r4,0p4,0p5,0r5,0r3,0q4,1x5,z5,z4,z3,1x3,0q2,0r2,0r0,0r1,0q0,1x0,z0,z7,z6,1x6,0q5,1x7,0p0,0x0,b0]
gb-trace iteration=123 subcycle id=C2 vertices=[0q1,1x2,z2,z1,1x1]
gb-trace iteration=123 resulting id=C1 vertices=[a0,a1,b1,0x1,0p1,0p2,0x2,b2,a2,a3,a4,a5,b5,0x5,b4,0x4,b3,0x3,0p3,1x4,0q3,0r4,0p4,0p5,0r5,0r3,0q4,1x5,z5,z4,z3,1x3,0q2,0r2,0r0,0r1,0q0,1x0,z0,z7,z6,1x6,0q5,1x7,0p0,0x0,b0]
gb-trace iteration=123 resulting id=C2 vertices=[0q1,1x2,z2,z1,1x1]
cut arcs by clause length (length:number) = {5: 4}
number of added block clauses (this increment) = 4
number of added block clauses (accumulated) = 536
add block clauses time = 29.898us
increment time = 100.023us

CEGAR iteration...
cegar iteration = 124
sat solving time = 48.231us
number of subcycles found = 2
cycle lengths before merge (length:number) = {14: 1, 38: 1}
number of merge operations = 0
number of resulting cycles = 2
cycle lengths after merge (length:number) = {14: 1, 38: 1}
gb-trace iteration=124 subcycle id=C1 vertices=[a0,a1,b1,0x1,b0,0x0,b5,0x5,b4,0x4,b3,0x3,0p3,1x4,0q3,0r4,0p4,0p5,0r5,0r3,0q4,1x5,z5,z4,z3,1x3,0q2,0r2,0r0,0r1,0p1,0p2,0x2,b2,a2,a3,a4,a5]
gb-trace iteration=124 subcycle id=C2 vertices=[0p0,1x0,0q0,1x1,0q1,1x2,z2,z1,z0,z7,z6,1x6,0q5,1x7]
gb-trace iteration=124 resulting id=C1 vertices=[a0,a1,b1,0x1,b0,0x0,b5,0x5,b4,0x4,b3,0x3,0p3,1x4,0q3,0r4,0p4,0p5,0r5,0r3,0q4,1x5,z5,z4,z3,1x3,0q2,0r2,0r0,0r1,0p1,0p2,0x2,b2,a2,a3,a4,a5]
gb-trace iteration=124 resulting id=C2 vertices=[0p0,1x0,0q0,1x1,0q1,1x2,z2,z1,z0,z7,z6,1x6,0q5,1x7]
cut arcs by clause length (length:number) = {8: 4}
number of added block clauses (this increment) = 4
number of added block clauses (accumulated) = 540
add block clauses time = 30.930us
increment time = 79.161us

CEGAR iteration...
cegar iteration = 125
sat solving time = 152.534us
number of subcycles found = 2
cycle lengths before merge (length:number) = {17: 1, 35: 1}
number of merge operations = 0
number of resulting cycles = 2
cycle lengths after merge (length:number) = {17: 1, 35: 1}
gb-trace iteration=125 subcycle id=C1 vertices=[a0,a1,b1,0x2,0p2,0r2,0r0,0q1,1x1,z1,z0,z7,z6,1x6,0q5,1x7,0p0,1x0,0q0,0r1,0p1,0x1,b0,0x0,b5,0x5,b4,0x4,b3,0x3,b2,a2,a3,a4,a5]
gb-trace iteration=125 subcycle id=C2 vertices=[0q2,1x3,0p3,1x4,0q3,0r4,0p4,0p5,0r5,0r3,0q4,1x5,z5,z4,z3,z2,1x2]
gb-trace iteration=125 resulting id=C1 vertices=[a0,a1,b1,0x2,0p2,0r2,0r0,0q1,1x1,z1,z0,z7,z6,1x6,0q5,1x7,0p0,1x0,0q0,0r1,0p1,0x1,b0,0x0,b5,0x5,b4,0x4,b3,0x3,b2,a2,a3,a4,a5]
gb-trace iteration=125 resulting id=C2 vertices=[0q2,1x3,0p3,1x4,0q3,0r4,0p4,0p5,0r5,0r3,0q4,1x5,z5,z4,z3,z2,1x2]
cut arcs by clause length (length:number) = {9: 4}
number of added block clauses (this increment) = 4
number of added block clauses (accumulated) = 544
add block clauses time = 29.901us
increment time = 182.435us

CEGAR iteration...
cegar iteration = 126
sat solving time = 93.706us
number of subcycles found = 2
cycle lengths before merge (length:number) = {20: 1, 32: 1}
number of merge operations = 0
number of resulting cycles = 2
cycle lengths after merge (length:number) = {20: 1, 32: 1}
gb-trace iteration=126 subcycle id=C1 vertices=[a0,a1,a2,a3,a4,a5,b5,0x5,b4,0x4,b3,0x3,b2,0x2,b1,0x1,0p1,0p2,0r2,0r0,0r1,0q0,1x0,z0,z7,z6,1x6,0q5,1x7,0p0,0x0,b0]
gb-trace iteration=126 subcycle id=C2 vertices=[0q1,1x2,0q2,1x3,0p3,1x4,0q3,0r4,0p4,0p5,0r5,0r3,0q4,1x5,z5,z4,z3,z2,z1,1x1]
gb-trace iteration=126 resulting id=C1 vertices=[a0,a1,a2,a3,a4,a5,b5,0x5,b4,0x4,b3,0x3,b2,0x2,b1,0x1,0p1,0p2,0r2,0r0,0r1,0q0,1x0,z0,z7,z6,1x6,0q5,1x7,0p0,0x0,b0]
gb-trace iteration=126 resulting id=C2 vertices=[0q1,1x2,0q2,1x3,0p3,1x4,0q3,0r4,0p4,0p5,0r5,0r3,0q4,1x5,z5,z4,z3,z2,z1,1x1]
cut arcs by clause length (length:number) = {10: 4}
number of added block clauses (this increment) = 4
number of added block clauses (accumulated) = 548
add block clauses time = 30.453us
increment time = 124.159us

CEGAR iteration...
cegar iteration = 127
sat solving time = 144.095us
number of subcycles found = 2
cycle lengths before merge (length:number) = {26: 2}
number of merge operations = 0
number of resulting cycles = 2
cycle lengths after merge (length:number) = {26: 2}
gb-trace iteration=127 subcycle id=C1 vertices=[a0,a1,b1,0x2,0p2,0r2,0r0,0q1,1x1,z1,z0,z7,1x7,0p0,1x0,0q0,0r1,0p1,0x1,b0,0x0,b5,0x5,b4,a4,a5]
gb-trace iteration=127 subcycle id=C2 vertices=[a2,b2,0x3,0p3,1x3,0q2,1x2,z2,z3,z4,1x4,0q3,0r4,0r3,0q4,1x5,z5,z6,1x6,0q5,0r5,0p5,0p4,0x4,b3,a3]
gb-trace iteration=127 resulting id=C1 vertices=[a0,a1,b1,0x2,0p2,0r2,0r0,0q1,1x1,z1,z0,z7,1x7,0p0,1x0,0q0,0r1,0p1,0x1,b0,0x0,b5,0x5,b4,a4,a5]
gb-trace iteration=127 resulting id=C2 vertices=[a2,b2,0x3,0p3,1x3,0q2,1x2,z2,z3,z4,1x4,0q3,0r4,0r3,0q4,1x5,z5,z6,1x6,0q5,0r5,0p5,0p4,0x4,b3,a3]
cut arcs by clause length (length:number) = {10: 4}
number of added block clauses (this increment) = 4
number of added block clauses (accumulated) = 552
add block clauses time = 30.604us
increment time = 174.699us

CEGAR iteration...
cegar iteration = 128
sat solving time = 6.712us
number of subcycles found = 2
cycle lengths before merge (length:number) = {23: 1, 29: 1}
number of merge operations = 0
number of resulting cycles = 2
cycle lengths after merge (length:number) = {23: 1, 29: 1}
gb-trace iteration=128 subcycle id=C1 vertices=[a0,a1,b1,0x2,0p2,0r2,0q2,1x2,z2,z1,z0,z7,1x7,0p0,1x0,0q0,1x1,0q1,0r0,0r1,0p1,0x1,b0,0x0,b5,0x5,b4,a4,a5]
gb-trace iteration=128 subcycle id=C2 vertices=[a2,b2,0x3,0p3,1x3,z3,z4,1x4,0q3,0r4,0r3,0q4,1x5,z5,z6,1x6,0q5,0r5,0p5,0p4,0x4,b3,a3]
gb-trace iteration=128 resulting id=C1 vertices=[a0,a1,b1,0x2,0p2,0r2,0q2,1x2,z2,z1,z0,z7,1x7,0p0,1x0,0q0,1x1,0q1,0r0,0r1,0p1,0x1,b0,0x0,b5,0x5,b4,a4,a5]
gb-trace iteration=128 resulting id=C2 vertices=[a2,b2,0x3,0p3,1x3,z3,z4,1x4,0q3,0r4,0r3,0q4,1x5,z5,z6,1x6,0q5,0r5,0p5,0p4,0x4,b3,a3]
cut arcs by clause length (length:number) = {9: 4}
number of added block clauses (this increment) = 4
number of added block clauses (accumulated) = 556
add block clauses time = 30.394us
increment time = 37.106us

CEGAR iteration...
cegar iteration = 129
sat solving time = 31.825us
number of subcycles found = 2
cycle lengths before merge (length:number) = {17: 1, 35: 1}
number of merge operations = 0
number of resulting cycles = 2
cycle lengths after merge (length:number) = {17: 1, 35: 1}
gb-trace iteration=129 subcycle id=C1 vertices=[a0,a1,b1,0x2,0p2,0r2,0r0,0r1,0p1,0x1,b0,0x0,b5,0x5,b4,a4,a5]
gb-trace iteration=129 subcycle id=C2 vertices=[a2,b2,0x3,0p3,1x3,0q2,1x2,0q1,1x1,0q0,1x0,0p0,1x7,z7,z0,z1,z2,z3,z4,1x4,0q3,0r4,0r3,0q4,1x5,z5,z6,1x6,0q5,0r5,0p5,0p4,0x4,b3,a3]
gb-trace iteration=129 resulting id=C1 vertices=[a0,a1,b1,0x2,0p2,0r2,0r0,0r1,0p1,0x1,b0,0x0,b5,0x5,b4,a4,a5]
gb-trace iteration=129 resulting id=C2 vertices=[a2,b2,0x3,0p3,1x3,0q2,1x2,0q1,1x1,0q0,1x0,0p0,1x7,z7,z0,z1,z2,z3,z4,1x4,0q3,0r4,0r3,0q4,1x5,z5,z6,1x6,0q5,0r5,0p5,0p4,0x4,b3,a3]
cut arcs by clause length (length:number) = {9: 4}
number of added block clauses (this increment) = 4
number of added block clauses (accumulated) = 560
add block clauses time = 27.636us
increment time = 59.461us

CEGAR iteration...
cegar iteration = 130
sat solving time = 13.590us
number of subcycles found = 2
cycle lengths before merge (length:number) = {20: 1, 32: 1}
number of merge operations = 0
number of resulting cycles = 2
cycle lengths after merge (length:number) = {20: 1, 32: 1}
gb-trace iteration=130 subcycle id=C1 vertices=[a0,a1,b1,0x2,0p2,0r2,0r0,0q1,1x1,0q0,0r1,0p1,0x1,b0,0x0,b5,0x5,b4,a4,a5]
gb-trace iteration=130 subcycle id=C2 vertices=[a2,b2,0x3,0p3,1x4,0q3,0r4,0r3,0q4,1x5,z5,z4,z3,1x3,0q2,1x2,z2,z1,z0,1x0,0p0,1x7,z7,z6,1x6,0q5,0r5,0p5,0p4,0x4,b3,a3]
gb-trace iteration=130 resulting id=C1 vertices=[a0,a1,b1,0x2,0p2,0r2,0r0,0q1,1x1,0q0,0r1,0p1,0x1,b0,0x0,b5,0x5,b4,a4,a5]
gb-trace iteration=130 resulting id=C2 vertices=[a2,b2,0x3,0p3,1x4,0q3,0r4,0r3,0q4,1x5,z5,z4,z3,1x3,0q2,1x2,z2,z1,z0,1x0,0p0,1x7,z7,z6,1x6,0q5,0r5,0p5,0p4,0x4,b3,a3]
cut arcs by clause length (length:number) = {10: 4}
number of added block clauses (this increment) = 4
number of added block clauses (accumulated) = 564
add block clauses time = 29.124us
increment time = 42.714us

CEGAR iteration...
cegar iteration = 131
sat solving time = 52.873us
number of subcycles found = 2
cycle lengths before merge (length:number) = {14: 1, 38: 1}
number of merge operations = 0
number of resulting cycles = 2
cycle lengths after merge (length:number) = {14: 1, 38: 1}
gb-trace iteration=131 subcycle id=C1 vertices=[a0,a1,b1,0x2,0p2,0p1,0x1,b0,0x0,b5,0x5,b4,a4,a5]
gb-trace iteration=131 subcycle id=C2 vertices=[a2,b2,0x3,0p3,1x3,0q2,0r2,0r0,0r1,0q0,1x0,0p0,1x7,z7,z0,z1,1x1,0q1,1x2,z2,z3,z4,1x4,0q3,0r4,0r3,0q4,1x5,z5,z6,1x6,0q5,0r5,0p5,0p4,0x4,b3,a3]
gb-trace iteration=131 resulting id=C1 vertices=[a0,a1,b1,0x2,0p2,0p1,0x1,b0,0x0,b5,0x5,b4,a4,a5]
gb-trace iteration=131 resulting id=C2 vertices=[a2,b2,0x3,0p3,1x3,0q2,0r2,0r0,0r1,0q0,1x0,0p0,1x7,z7,z0,z1,1x1,0q1,1x2,z2,z3,z4,1x4,0q3,0r4,0r3,0q4,1x5,z5,z6,1x6,0q5,0r5,0p5,0p4,0x4,b3,a3]
cut arcs by clause length (length:number) = {8: 4}
number of added block clauses (this increment) = 4
number of added block clauses (accumulated) = 568
add block clauses time = 38.861us
increment time = 91.734us

CEGAR iteration...
cegar iteration = 132
sat solving time = 109.531us
number of subcycles found = 3
cycle lengths before merge (length:number) = {14: 1, 18: 1, 20: 1}
number of merge operations = 0
number of resulting cycles = 3
cycle lengths after merge (length:number) = {14: 1, 18: 1, 20: 1}
gb-trace iteration=132 subcycle id=C1 vertices=[a0,b0,0x1,0p1,0r1,0r0,0r2,0p2,0x2,b1,a1,a2,b2,0x3,b3,a3,a4,a5]
gb-trace iteration=132 subcycle id=C2 vertices=[b4,0x5,b5,0x0,0p0,1x7,z7,z6,1x6,0q5,0r5,0p5,0p4,0x4]
gb-trace iteration=132 subcycle id=C3 vertices=[0q0,1x1,0q1,1x2,0q2,1x3,0p3,1x4,0q3,0r4,0r3,0q4,1x5,z5,z4,z3,z2,z1,z0,1x0]
gb-trace iteration=132 resulting id=C1 vertices=[a0,b0,0x1,0p1,0r1,0r0,0r2,0p2,0x2,b1,a1,a2,b2,0x3,b3,a3,a4,a5]
gb-trace iteration=132 resulting id=C2 vertices=[b4,0x5,b5,0x0,0p0,1x7,z7,z6,1x6,0q5,0r5,0p5,0p4,0x4]
gb-trace iteration=132 resulting id=C3 vertices=[0q0,1x1,0q1,1x2,0q2,1x3,0p3,1x4,0q3,0r4,0r3,0q4,1x5,z5,z4,z3,z2,z1,z0,1x0]
cut arcs by clause length (length:number) = {8: 2, 10: 4}
number of added block clauses (this increment) = 6
number of added block clauses (accumulated) = 574
add block clauses time = 35.093us
increment time = 144.624us

CEGAR iteration...
cegar iteration = 133
sat solving time = 130.582us
number of subcycles found = 2
cycle lengths before merge (length:number) = {26: 2}
number of merge operations = 0
number of resulting cycles = 2
cycle lengths after merge (length:number) = {26: 2}
gb-trace iteration=133 subcycle id=C1 vertices=[a0,a1,a2,b2,0x2,b1,0x1,0p1,0p2,0r2,0q2,1x2,z2,z1,1x1,0q1,0r0,0r1,0q0,1x0,z0,z7,1x7,0p0,0x0,b0]
gb-trace iteration=133 subcycle id=C2 vertices=[a3,b3,0x3,0p3,1x3,z3,z4,1x4,0q3,0r4,0r3,0q4,1x5,z5,z6,1x6,0q5,0r5,0p5,0p4,0x4,b4,0x5,b5,a5,a4]
gb-trace iteration=133 resulting id=C1 vertices=[a0,a1,a2,b2,0x2,b1,0x1,0p1,0p2,0r2,0q2,1x2,z2,z1,1x1,0q1,0r0,0r1,0q0,1x0,z0,z7,1x7,0p0,0x0,b0]
gb-trace iteration=133 resulting id=C2 vertices=[a3,b3,0x3,0p3,1x3,z3,z4,1x4,0q3,0r4,0r3,0q4,1x5,z5,z6,1x6,0q5,0r5,0p5,0p4,0x4,b4,0x5,b5,a5,a4]
cut arcs by clause length (length:number) = {8: 4}
number of added block clauses (this increment) = 4
number of added block clauses (accumulated) = 578
add block clauses time = 28.375us
increment time = 158.957us

CEGAR iteration...
cegar iteration = 134
sat solving time = 13.009us
number of subcycles found = 3
cycle lengths before merge (length:number) = {12: 1, 20: 2}
number of merge operations = 0
number of resulting cycles = 3
cycle lengths after merge (length:number) = {12: 1, 20: 2}
gb-trace iteration=134 subcycle id=C1 vertices=[a0,a5,b5,0x5,b4,a4,a3,a2,b2,0x2,b1,a1]
gb-trace iteration=134 subcycle id=C2 vertices=[b0,0x1,0p1,0p2,0r2,0q2,1x2,z2,z1,1x1,0q1,0r0,0r1,0q0,1x0,z0,z7,1x7,0p0,0x0]
gb-trace iteration=134 subcycle id=C3 vertices=[b3,0x3,0p3,1x3,z3,z4,1x4,0q3,0r4,0r3,0q4,1x5,z5,z6,1x6,0q5,0r5,0p5,0p4,0x4]
gb-trace iteration=134 resulting id=C1 vertices=[a0,a5,b5,0x5,b4,a4,a3,a2,b2,0x2,b1,a1]
gb-trace iteration=134 resulting id=C2 vertices=[b0,0x1,0p1,0p2,0r2,0q2,1x2,z2,z1,1x1,0q1,0r0,0r1,0q0,1x0,z0,z7,1x7,0p0,0x0]
gb-trace iteration=134 resulting id=C3 vertices=[b3,0x3,0p3,1x3,z3,z4,1x4,0q3,0r4,0r3,0q4,1x5,z5,z6,1x6,0q5,0r5,0p5,0p4,0x4]
cut arcs by clause length (length:number) = {8: 6}
number of added block clauses (this increment) = 6
number of added block clauses (accumulated) = 584
add block clauses time = 31.624us
increment time = 44.633us

CEGAR iteration...
cegar iteration = 135
sat solving time = 46.583us
number of subcycles found = 2
cycle lengths before merge (length:number) = {20: 1, 32: 1}
number of merge operations = 0
number of resulting cycles = 2
cycle lengths after merge (length:number) = {20: 1, 32: 1}
gb-trace iteration=135 subcycle id=C1 vertices=[a0,a1,a2,b2,0x2,b1,0x1,0p1,0p2,0r2,0r0,0r1,0q0,1x0,z0,z7,1x7,0p0,0x0,b0]
gb-trace iteration=135 subcycle id=C2 vertices=[a3,b3,0x3,0p3,1x3,0q2,1x2,0q1,1x1,z1,z2,z3,z4,1x4,0q3,0r4,0r3,0q4,1x5,z5,z6,1x6,0q5,0r5,0p5,0p4,0x4,b4,0x5,b5,a5,a4]
gb-trace iteration=135 resulting id=C1 vertices=[a0,a1,a2,b2,0x2,b1,0x1,0p1,0p2,0r2,0r0,0r1,0q0,1x0,z0,z7,1x7,0p0,0x0,b0]
gb-trace iteration=135 resulting id=C2 vertices=[a3,b3,0x3,0p3,1x3,0q2,1x2,0q1,1x1,z1,z2,z3,z4,1x4,0q3,0r4,0r3,0q4,1x5,z5,z6,1x6,0q5,0r5,0p5,0p4,0x4,b4,0x5,b5,a5,a4]
cut arcs by clause length (length:number) = {10: 4}
number of added block clauses (this increment) = 4
number of added block clauses (accumulated) = 588
add block clauses time = 28.475us
increment time = 75.058us

CEGAR iteration...
cegar iteration = 136
sat solving time = 55.269us
number of subcycles found = 2
cycle lengths before merge (length:number) = {5: 1, 47: 1}
number of merge operations = 0
number of resulting cycles = 2
cycle lengths after merge (length:number) = {5: 1, 47: 1}
gb-trace iteration=136 subcycle id=C1 vertices=[a0,a5,a4,a3,b3,0x3,0p3,1x3,0q2,1x2,0q1,1x1,z1,z2,z3,z4,1x4,0q3,0r4,0r3,0q4,1x5,z5,z6,1x6,0q5,0r5,0p5,0p4,0x4,b4,0x5,b5,0x0,0p0,1x7,z7,z0,1x0,0q0,0r1,0r0,0r2,0p2,0p1,0x1,b0]
gb-trace iteration=136 subcycle id=C2 vertices=[a1,a2,b2,0x2,b1]
gb-trace iteration=136 resulting id=C1 vertices=[a0,a5,a4,a3,b3,0x3,0p3,1x3,0q2,1x2,0q1,1x1,z1,z2,z3,z4,1x4,0q3,0r4,0r3,0q4,1x5,z5,z6,1x6,0q5,0r5,0p5,0p4,0x4,b4,0x5,b5,0x0,0p0,1x7,z7,z0,1x0,0q0,0r1,0r0,0r2,0p2,0p1,0x1,b0]
gb-trace iteration=136 resulting id=C2 vertices=[a1,a2,b2,0x2,b1]
cut arcs by clause length (length:number) = {5: 4}
number of added block clauses (this increment) = 4
number of added block clauses (accumulated) = 592
add block clauses time = 31.581us
increment time = 86.850us

CEGAR iteration...
cegar iteration = 137
sat solving time = 103.783us
number of subcycles found = 2
cycle lengths before merge (length:number) = {8: 1, 44: 1}
number of merge operations = 0
number of resulting cycles = 2
cycle lengths after merge (length:number) = {8: 1, 44: 1}
gb-trace iteration=137 subcycle id=C1 vertices=[a0,a5,a4,a3,b3,0x3,0p3,1x3,0q2,0r2,0r0,0r1,0q0,1x0,0p0,1x7,z7,z0,z1,1x1,0q1,1x2,z2,z3,z4,1x4,0q3,0r4,0r3,0q4,1x5,z5,z6,1x6,0q5,0r5,0p5,0p4,0x4,b4,0x5,b5,0x0,b0]
gb-trace iteration=137 subcycle id=C2 vertices=[a1,a2,b2,0x2,0p2,0p1,0x1,b1]
gb-trace iteration=137 resulting id=C1 vertices=[a0,a5,a4,a3,b3,0x3,0p3,1x3,0q2,0r2,0r0,0r1,0q0,1x0,0p0,1x7,z7,z0,z1,1x1,0q1,1x2,z2,z3,z4,1x4,0q3,0r4,0r3,0q4,1x5,z5,z6,1x6,0q5,0r5,0p5,0p4,0x4,b4,0x5,b5,0x0,b0]
gb-trace iteration=137 resulting id=C2 vertices=[a1,a2,b2,0x2,0p2,0p1,0x1,b1]
cut arcs by clause length (length:number) = {6: 4}
number of added block clauses (this increment) = 4
number of added block clauses (accumulated) = 596
add block clauses time = 28.809us
increment time = 132.592us

CEGAR iteration...
cegar iteration = 138
sat solving time = 79.452us
number of subcycles found = 2
cycle lengths before merge (length:number) = {20: 1, 32: 1}
number of merge operations = 0
number of resulting cycles = 2
cycle lengths after merge (length:number) = {20: 1, 32: 1}
gb-trace iteration=138 subcycle id=C1 vertices=[a0,a5,a4,a3,b3,0x3,0p3,1x3,0q2,1x2,z2,z3,z4,1x4,0q3,0r4,0r3,0q4,1x5,z5,z6,1x6,0q5,0r5,0p5,0p4,0x4,b4,0x5,b5,0x0,b0]
gb-trace iteration=138 subcycle id=C2 vertices=[a1,a2,b2,0x2,0p2,0r2,0r0,0q1,1x1,z1,z0,z7,1x7,0p0,1x0,0q0,0r1,0p1,0x1,b1]
gb-trace iteration=138 resulting id=C1 vertices=[a0,a5,a4,a3,b3,0x3,0p3,1x3,0q2,1x2,z2,z3,z4,1x4,0q3,0r4,0r3,0q4,1x5,z5,z6,1x6,0q5,0r5,0p5,0p4,0x4,b4,0x5,b5,0x0,b0]
gb-trace iteration=138 resulting id=C2 vertices=[a1,a2,b2,0x2,0p2,0r2,0r0,0q1,1x1,z1,z0,z7,1x7,0p0,1x0,0q0,0r1,0p1,0x1,b1]
cut arcs by clause length (length:number) = {10: 4}
number of added block clauses (this increment) = 4
number of added block clauses (accumulated) = 600
add block clauses time = 28.330us
increment time = 107.782us

CEGAR iteration...
cegar iteration = 139
sat solving time = 7.962us
number of subcycles found = 2
cycle lengths before merge (length:number) = {23: 1, 29: 1}
number of merge operations = 0
number of resulting cycles = 2
cycle lengths after merge (length:number) = {23: 1, 29: 1}
gb-trace iteration=139 subcycle id=C1 vertices=[a0,a5,a4,a3,b3,0x3,0p3,1x3,z3,z4,1x4,0q3,0r4,0r3,0q4,1x5,z5,z6,1x6,0q5,0r5,0p5,0p4,0x4,b4,0x5,b5,0x0,b0]
gb-trace iteration=139 subcycle id=C2 vertices=[a1,a2,b2,0x2,0p2,0r2,0q2,1x2,z2,z1,z0,z7,1x7,0p0,1x0,0q0,1x1,0q1,0r0,0r1,0p1,0x1,b1]
gb-trace iteration=139 resulting id=C1 vertices=[a0,a5,a4,a3,b3,0x3,0p3,1x3,z3,z4,1x4,0q3,0r4,0r3,0q4,1x5,z5,z6,1x6,0q5,0r5,0p5,0p4,0x4,b4,0x5,b5,0x0,b0]
gb-trace iteration=139 resulting id=C2 vertices=[a1,a2,b2,0x2,0p2,0r2,0q2,1x2,z2,z1,z0,z7,1x7,0p0,1x0,0q0,1x1,0q1,0r0,0r1,0p1,0x1,b1]
cut arcs by clause length (length:number) = {9: 4}
number of added block clauses (this increment) = 4
number of added block clauses (accumulated) = 604
add block clauses time = 27.634us
increment time = 35.596us

CEGAR iteration...
cegar iteration = 140
sat solving time = 21.855us
number of subcycles found = 2
cycle lengths before merge (length:number) = {14: 1, 38: 1}
number of merge operations = 0
number of resulting cycles = 2
cycle lengths after merge (length:number) = {14: 1, 38: 1}
gb-trace iteration=140 subcycle id=C1 vertices=[a0,a5,a4,a3,b3,0x3,0p3,1x4,0q3,0r4,0r3,0q4,1x5,z5,z4,z3,1x3,0q2,1x2,z2,z1,z0,1x0,0p0,1x7,z7,z6,1x6,0q5,0r5,0p5,0p4,0x4,b4,0x5,b5,0x0,b0]
gb-trace iteration=140 subcycle id=C2 vertices=[a1,a2,b2,0x2,0p2,0r2,0r0,0q1,1x1,0q0,0r1,0p1,0x1,b1]
gb-trace iteration=140 resulting id=C1 vertices=[a0,a5,a4,a3,b3,0x3,0p3,1x4,0q3,0r4,0r3,0q4,1x5,z5,z4,z3,1x3,0q2,1x2,z2,z1,z0,1x0,0p0,1x7,z7,z6,1x6,0q5,0r5,0p5,0p4,0x4,b4,0x5,b5,0x0,b0]
gb-trace iteration=140 resulting id=C2 vertices=[a1,a2,b2,0x2,0p2,0r2,0r0,0q1,1x1,0q0,0r1,0p1,0x1,b1]
cut arcs by clause length (length:number) = {8: 4}
number of added block clauses (this increment) = 4
number of added block clauses (accumulated) = 608
add block clauses time = 27.737us
increment time = 49.592us

CEGAR iteration...
cegar iteration = 141
sat solving time = 283.299us
number of subcycles found = 4
cycle lengths before merge (length:number) = {5: 1, 8: 1, 17: 1, 22: 1}
number of merge operations = 0
number of resulting cycles = 4
cycle lengths after merge (length:number) = {5: 1, 8: 1, 17: 1, 22: 1}
gb-trace iteration=141 subcycle id=C1 vertices=[a0,a1,a2,a3,b3,0x4,0p4,0p5,0r5,0r3,0r4,0q3,1x4,z4,z3,z2,z1,z0,1x0,0p0,0x0,b0]
gb-trace iteration=141 subcycle id=C2 vertices=[b1,0x2,b2,0x3,0p3,1x3,0q2,1x2,0q1,1x1,0q0,0r1,0r0,0r2,0p2,0p1,0x1]
gb-trace iteration=141 subcycle id=C3 vertices=[a4,a5,b5,0x5,b4]
gb-trace iteration=141 subcycle id=C4 vertices=[0q4,1x6,0q5,1x7,z7,z6,z5,1x5]
gb-trace iteration=141 resulting id=C1 vertices=[a0,a1,a2,a3,b3,0x4,0p4,0p5,0r5,0r3,0r4,0q3,1x4,z4,z3,z2,z1,z0,1x0,0p0,0x0,b0]
gb-trace iteration=141 resulting id=C2 vertices=[b1,0x2,b2,0x3,0p3,1x3,0q2,1x2,0q1,1x1,0q0,0r1,0r0,0r2,0p2,0p1,0x1]
gb-trace iteration=141 resulting id=C3 vertices=[a4,a5,b5,0x5,b4]
gb-trace iteration=141 resulting id=C4 vertices=[0q4,1x6,0q5,1x7,z7,z6,z5,1x5]
cut arcs by clause length (length:number) = {5: 2, 6: 2, 9: 2, 20: 2}
number of added block clauses (this increment) = 8
number of added block clauses (accumulated) = 616
add block clauses time = 39.577us
increment time = 322.876us

CEGAR iteration...
cegar iteration = 142
sat solving time = 23.804us
number of subcycles found = 2
cycle lengths before merge (length:number) = {14: 1, 38: 1}
number of merge operations = 0
number of resulting cycles = 2
cycle lengths after merge (length:number) = {14: 1, 38: 1}
gb-trace iteration=142 subcycle id=C1 vertices=[a0,a1,a2,a3,a4,a5,b5,0x5,b4,0x4,b3,0x3,b2,0x2,b1,0x1,0p1,0p2,0r2,0q2,1x3,0p3,1x4,z4,z3,z2,1x2,0q1,0r0,0r1,0q0,1x1,z1,z0,1x0,0p0,0x0,b0]
gb-trace iteration=142 subcycle id=C2 vertices=[0q3,0r4,0p4,0p5,0r5,0r3,0q4,1x6,0q5,1x7,z7,z6,z5,1x5]
gb-trace iteration=142 resulting id=C1 vertices=[a0,a1,a2,a3,a4,a5,b5,0x5,b4,0x4,b3,0x3,b2,0x2,b1,0x1,0p1,0p2,0r2,0q2,1x3,0p3,1x4,z4,z3,z2,1x2,0q1,0r0,0r1,0q0,1x1,z1,z0,1x0,0p0,0x0,b0]
gb-trace iteration=142 resulting id=C2 vertices=[0q3,0r4,0p4,0p5,0r5,0r3,0q4,1x6,0q5,1x7,z7,z6,z5,1x5]
cut arcs by clause length (length:number) = {6: 4}
number of added block clauses (this increment) = 4
number of added block clauses (accumulated) = 620
add block clauses time = 27.450us
increment time = 51.254us

CEGAR iteration...
cegar iteration = 143
sat solving time = 29.638us
number of subcycles found = 2
cycle lengths before merge (length:number) = {11: 1, 41: 1}
number of merge operations = 0
number of resulting cycles = 2
cycle lengths after merge (length:number) = {11: 1, 41: 1}
gb-trace iteration=143 subcycle id=C1 vertices=[a0,a1,a2,a3,a4,a5,b5,0x5,b4,0x4,b3,0x3,b2,0x2,b1,0x1,0p1,0p2,0r2,0q2,1x3,0p3,1x4,0q3,1x5,z5,z4,z3,z2,1x2,0q1,0r0,0r1,0q0,1x1,z1,z0,1x0,0p0,0x0,b0]
gb-trace iteration=143 subcycle id=C2 vertices=[0r3,0q4,1x6,z6,z7,1x7,0q5,0r5,0p5,0p4,0r4]
gb-trace iteration=143 resulting id=C1 vertices=[a0,a1,a2,a3,a4,a5,b5,0x5,b4,0x4,b3,0x3,b2,0x2,b1,0x1,0p1,0p2,0r2,0q2,1x3,0p3,1x4,0q3,1x5,z5,z4,z3,z2,1x2,0q1,0r0,0r1,0q0,1x1,z1,z0,1x0,0p0,0x0,b0]
gb-trace iteration=143 resulting id=C2 vertices=[0r3,0q4,1x6,z6,z7,1x7,0q5,0r5,0p5,0p4,0r4]
cut arcs by clause length (length:number) = {7: 4}
number of added block clauses (this increment) = 4
number of added block clauses (accumulated) = 624
add block clauses time = 28.578us
increment time = 58.216us

CEGAR iteration...
cegar iteration = 144
sat solving time = 103.406us
number of subcycles found = 2
cycle lengths before merge (length:number) = {11: 1, 41: 1}
number of merge operations = 0
number of resulting cycles = 2
cycle lengths after merge (length:number) = {11: 1, 41: 1}
gb-trace iteration=144 subcycle id=C1 vertices=[a0,a1,a2,a3,a4,a5,b5,0x5,b4,0x4,b3,0x3,b2,0x2,b1,0x1,0p1,0p2,0r2,0r0,0r1,0q0,1x0,z0,z7,z6,z5,1x5,0q3,0r4,0p4,0p5,0r5,0r3,0q4,1x6,0q5,1x7,0p0,0x0,b0]
gb-trace iteration=144 subcycle id=C2 vertices=[0q1,1x2,0q2,1x3,0p3,1x4,z4,z3,z2,z1,1x1]
gb-trace iteration=144 resulting id=C1 vertices=[a0,a1,a2,a3,a4,a5,b5,0x5,b4,0x4,b3,0x3,b2,0x2,b1,0x1,0p1,0p2,0r2,0r0,0r1,0q0,1x0,z0,z7,z6,z5,1x5,0q3,0r4,0p4,0p5,0r5,0r3,0q4,1x6,0q5,1x7,0p0,0x0,b0]
gb-trace iteration=144 resulting id=C2 vertices=[0q1,1x2,0q2,1x3,0p3,1x4,z4,z3,z2,z1,1x1]
cut arcs by clause length (length:number) = {7: 4}
number of added block clauses (this increment) = 4
number of added block clauses (accumulated) = 628
add block clauses time = 28.689us
increment time = 132.095us

CEGAR iteration...
cegar iteration = 145
sat solving time = 21.496us
number of subcycles found = 2
cycle lengths before merge (length:number) = {17: 1, 35: 1}
number of merge operations = 0
number of resulting cycles = 2
cycle lengths after merge (length:number) = {17: 1, 35: 1}
gb-trace iteration=145 subcycle id=C1 vertices=[a0,a1,a2,a3,a4,a5,b5,0x5,b4,0x4,b3,0x3,b2,0x2,b1,0x1,0p1,0p2,0r2,0q2,1x2,z2,z1,1x1,0q1,0r0,0r1,0q0,1x0,z0,z7,1x7,0p0,0x0,b0]
gb-trace iteration=145 subcycle id=C2 vertices=[0p3,1x4,0q3,1x5,0q4,0r3,0r4,0p4,0p5,0r5,0q5,1x6,z6,z5,z4,z3,1x3]
gb-trace iteration=145 resulting id=C1 vertices=[a0,a1,a2,a3,a4,a5,b5,0x5,b4,0x4,b3,0x3,b2,0x2,b1,0x1,0p1,0p2,0r2,0q2,1x2,z2,z1,1x1,0q1,0r0,0r1,0q0,1x0,z0,z7,1x7,0p0,0x0,b0]
gb-trace iteration=145 resulting id=C2 vertices=[0p3,1x4,0q3,1x5,0q4,0r3,0r4,0p4,0p5,0r5,0q5,1x6,z6,z5,z4,z3,1x3]
cut arcs by clause length (length:number) = {7: 4}
number of added block clauses (this increment) = 4
number of added block clauses (accumulated) = 632
add block clauses time = 28.353us
increment time = 49.849us

CEGAR iteration...
cegar iteration = 146
sat solving time = 7.842us
number of subcycles found = 2
cycle lengths before merge (length:number) = {23: 1, 29: 1}
number of merge operations = 0
number of resulting cycles = 2
cycle lengths after merge (length:number) = {23: 1, 29: 1}
gb-trace iteration=146 subcycle id=C1 vertices=[a0,a1,a2,a3,a4,a5,b5,0x5,b4,0x4,b3,0x3,b2,0x2,b1,0x1,0p1,0p2,0r2,0r0,0r1,0q0,1x0,z0,z7,1x7,0p0,0x0,b0]
gb-trace iteration=146 subcycle id=C2 vertices=[0q1,1x2,0q2,1x3,0p3,1x4,0q3,1x5,0q4,0r3,0r4,0p4,0p5,0r5,0q5,1x6,z6,z5,z4,z3,z2,z1,1x1]
gb-trace iteration=146 resulting id=C1 vertices=[a0,a1,a2,a3,a4,a5,b5,0x5,b4,0x4,b3,0x3,b2,0x2,b1,0x1,0p1,0p2,0r2,0r0,0r1,0q0,1x0,z0,z7,1x7,0p0,0x0,b0]
gb-trace iteration=146 resulting id=C2 vertices=[0q1,1x2,0q2,1x3,0p3,1x4,0q3,1x5,0q4,0r3,0r4,0p4,0p5,0r5,0q5,1x6,z6,z5,z4,z3,z2,z1,1x1]
cut arcs by clause length (length:number) = {9: 4}
number of added block clauses (this increment) = 4
number of added block clauses (accumulated) = 636
add block clauses time = 27.505us
increment time = 35.347us

CEGAR iteration...
cegar iteration = 147
sat solving time = 34.464us
number of subcycles found = 2
cycle lengths before merge (length:number) = {14: 1, 38: 1}
number of merge operations = 0
number of resulting cycles = 2
cycle lengths after merge (length:number) = {14: 1, 38: 1}
gb-trace iteration=147 subcycle id=C1 vertices=[a0,a1,a2,a3,a4,a5,b5,0x5,b4,0x4,b3,0x3,b2,0x2,b1,0x1,0p1,0p2,0r2,0r0,0r1,0q0,1x0,z0,z7,z6,1x6,0q4,0r3,0r4,0p4,0p5,0r5,0q5,1x7,0p0,0x0,b0]
gb-trace iteration=147 subcycle id=C2 vertices=[0q1,1x2,0q2,1x3,0p3,1x4,0q3,1x5,z5,z4,z3,z2,z1,1x1]
gb-trace iteration=147 resulting id=C1 vertices=[a0,a1,a2,a3,a4,a5,b5,0x5,b4,0x4,b3,0x3,b2,0x2,b1,0x1,0p1,0p2,0r2,0r0,0r1,0q0,1x0,z0,z7,z6,1x6,0q4,0r3,0r4,0p4,0p5,0r5,0q5,1x7,0p0,0x0,b0]
gb-trace iteration=147 resulting id=C2 vertices=[0q1,1x2,0q2,1x3,0p3,1x4,0q3,1x5,z5,z4,z3,z2,z1,1x1]
cut arcs by clause length (length:number) = {8: 4}
number of added block clauses (this increment) = 4
number of added block clauses (accumulated) = 640
add block clauses time = 26.557us
increment time = 61.021us

CEGAR iteration...
cegar iteration = 148
sat solving time = 286.929us
number of subcycles found = 3
cycle lengths before merge (length:number) = {5: 1, 8: 1, 39: 1}
number of merge operations = 0
number of resulting cycles = 3
cycle lengths after merge (length:number) = {5: 1, 8: 1, 39: 1}
gb-trace iteration=148 subcycle id=C1 vertices=[a0,a1,a2,b2,0x3,b3,a3,a4,a5,b5,0x5,b4,0x4,0p4,0p5,0r5,0r3,0r4,0q3,1x5,0q4,1x6,0q5,1x7,z7,z6,z5,z4,1x4,0p3,1x3,z3,z2,z1,z0,1x0,0p0,0x0,b0]
gb-trace iteration=148 subcycle id=C2 vertices=[b1,0x2,0p2,0p1,0x1]
gb-trace iteration=148 subcycle id=C3 vertices=[0q0,0r1,0r0,0r2,0q2,1x2,0q1,1x1]
gb-trace iteration=148 resulting id=C1 vertices=[a0,a1,a2,b2,0x3,b3,a3,a4,a5,b5,0x5,b4,0x4,0p4,0p5,0r5,0r3,0r4,0q3,1x5,0q4,1x6,0q5,1x7,z7,z6,z5,z4,1x4,0p3,1x3,z3,z2,z1,z0,1x0,0p0,0x0,b0]
gb-trace iteration=148 resulting id=C2 vertices=[b1,0x2,0p2,0p1,0x1]
gb-trace iteration=148 resulting id=C3 vertices=[0q0,0r1,0r0,0r2,0q2,1x2,0q1,1x1]
cut arcs by clause length (length:number) = {5: 2, 6: 2, 7: 2}
number of added block clauses (this increment) = 6
number of added block clauses (accumulated) = 646
add block clauses time = 32.914us
increment time = 319.843us

CEGAR iteration...
cegar iteration = 149
sat solving time = 30.980us
number of subcycles found = 2
cycle lengths before merge (length:number) = {26: 2}
number of merge operations = 0
number of resulting cycles = 2
cycle lengths after merge (length:number) = {26: 2}
gb-trace iteration=149 subcycle id=C1 vertices=[a0,a1,a2,b2,0x2,b1,0x1,0p1,0p2,0r2,0r0,0r1,0q0,1x1,0q1,1x2,0q2,1x3,z3,z2,z1,z0,1x0,0p0,0x0,b0]
gb-trace iteration=149 subcycle id=C2 vertices=[a3,a4,a5,b5,0x5,b4,0x4,0p4,0p5,0r5,0r3,0r4,0q3,1x5,0q4,1x6,0q5,1x7,z7,z6,z5,z4,1x4,0p3,0x3,b3]
gb-trace iteration=149 resulting id=C1 vertices=[a0,a1,a2,b2,0x2,b1,0x1,0p1,0p2,0r2,0r0,0r1,0q0,1x1,0q1,1x2,0q2,1x3,z3,z2,z1,z0,1x0,0p0,0x0,b0]
gb-trace iteration=149 resulting id=C2 vertices=[a3,a4,a5,b5,0x5,b4,0x4,0p4,0p5,0r5,0r3,0r4,0q3,1x5,0q4,1x6,0q5,1x7,z7,z6,z5,z4,1x4,0p3,0x3,b3]
cut arcs by clause length (length:number) = {8: 4}
number of added block clauses (this increment) = 4
number of added block clauses (accumulated) = 650
add block clauses time = 30.174us
increment time = 61.154us

CEGAR iteration...
cegar iteration = 150
sat solving time = 103.589us
number of subcycles found = 3
cycle lengths before merge (length:number) = {11: 1, 14: 1, 27: 1}
number of merge operations = 0
number of resulting cycles = 3
cycle lengths after merge (length:number) = {11: 1, 14: 1, 27: 1}
gb-trace iteration=150 subcycle id=C1 vertices=[a0,a1,a2,b2,0x3,b3,a3,a4,a5,b5,0x5,b4,0x4,0p4,0p5,0r5,0r3,0r4,0q3,1x5,0q4,1x6,0q5,1x7,0p0,0x0,b0]
gb-trace iteration=150 subcycle id=C2 vertices=[b1,0x1,0p1,0r1,0r0,0q1,1x2,0q2,0r2,0p2,0x2]
gb-trace iteration=150 subcycle id=C3 vertices=[0q0,1x1,z1,z2,z3,1x3,0p3,1x4,z4,z5,z6,z7,z0,1x0]
gb-trace iteration=150 resulting id=C1 vertices=[a0,a1,a2,b2,0x3,b3,a3,a4,a5,b5,0x5,b4,0x4,0p4,0p5,0r5,0r3,0r4,0q3,1x5,0q4,1x6,0q5,1x7,0p0,0x0,b0]
gb-trace iteration=150 resulting id=C2 vertices=[b1,0x1,0p1,0r1,0r0,0q1,1x2,0q2,0r2,0p2,0x2]
gb-trace iteration=150 resulting id=C3 vertices=[0q0,1x1,z1,z2,z3,1x3,0p3,1x4,z4,z5,z6,z7,z0,1x0]
cut arcs by clause length (length:number) = {7: 2, 9: 2, 10: 2}
number of added block clauses (this increment) = 6
number of added block clauses (accumulated) = 656
add block clauses time = 39.095us
increment time = 142.684us

CEGAR iteration...
cegar iteration = 151
sat solving time = 58.555us
number of subcycles found = 2
cycle lengths before merge (length:number) = {8: 1, 44: 1}
number of merge operations = 0
number of resulting cycles = 2
cycle lengths after merge (length:number) = {8: 1, 44: 1}
gb-trace iteration=151 subcycle id=C1 vertices=[a0,a1,a2,b2,0x2,b1,0x1,0p1,0p2,0r2,0r0,0r1,0q0,1x0,z0,z7,z6,1x6,0q4,0r3,0r4,0q3,1x5,z5,z4,1x4,0p3,0x3,b3,a3,a4,a5,b5,0x5,b4,0x4,0p4,0p5,0r5,0q5,1x7,0p0,0x0,b0]
gb-trace iteration=151 subcycle id=C2 vertices=[0q1,1x2,0q2,1x3,z3,z2,z1,1x1]
gb-trace iteration=151 resulting id=C1 vertices=[a0,a1,a2,b2,0x2,b1,0x1,0p1,0p2,0r2,0r0,0r1,0q0,1x0,z0,z7,z6,1x6,0q4,0r3,0r4,0q3,1x5,z5,z4,1x4,0p3,0x3,b3,a3,a4,a5,b5,0x5,b4,0x4,0p4,0p5,0r5,0q5,1x7,0p0,0x0,b0]
gb-trace iteration=151 resulting id=C2 vertices=[0q1,1x2,0q2,1x3,z3,z2,z1,1x1]
cut arcs by clause length (length:number) = {6: 4}
number of added block clauses (this increment) = 4
number of added block clauses (accumulated) = 660
add block clauses time = 30.541us
increment time = 89.096us

CEGAR iteration...
cegar iteration = 152
sat solving time = 36.308us
number of subcycles found = 2
cycle lengths before merge (length:number) = {20: 1, 32: 1}
number of merge operations = 0
number of resulting cycles = 2
cycle lengths after merge (length:number) = {20: 1, 32: 1}
gb-trace iteration=152 subcycle id=C1 vertices=[a0,a1,a2,b2,0x2,b1,0x1,0p1,0p2,0r2,0q2,1x2,z2,z1,1x1,0q1,0r0,0r1,0q0,1x0,z0,z7,z6,z5,1x5,0q4,1x6,0q5,1x7,0p0,0x0,b0]
gb-trace iteration=152 subcycle id=C2 vertices=[a3,a4,a5,b5,0x5,b4,0x4,0p4,0p5,0r5,0r3,0r4,0q3,1x4,z4,z3,1x3,0p3,0x3,b3]
gb-trace iteration=152 resulting id=C1 vertices=[a0,a1,a2,b2,0x2,b1,0x1,0p1,0p2,0r2,0q2,1x2,z2,z1,1x1,0q1,0r0,0r1,0q0,1x0,z0,z7,z6,z5,1x5,0q4,1x6,0q5,1x7,0p0,0x0,b0]
gb-trace iteration=152 resulting id=C2 vertices=[a3,a4,a5,b5,0x5,b4,0x4,0p4,0p5,0r5,0r3,0r4,0q3,1x4,z4,z3,1x3,0p3,0x3,b3]
cut arcs by clause length (length:number) = {10: 4}
number of added block clauses (this increment) = 4
number of added block clauses (accumulated) = 664
add block clauses time = 28.890us
increment time = 65.198us

CEGAR iteration...
cegar iteration = 153
sat solving time = 7.195us
number of subcycles found = 2
cycle lengths before merge (length:number) = {26: 2}
number of merge operations = 0
number of resulting cycles = 2
cycle lengths after merge (length:number) = {26: 2}
gb-trace iteration=153 subcycle id=C1 vertices=[a0,a1,a2,b2,0x2,b1,0x1,0p1,0p2,0r2,0r0,0r1,0q0,1x0,z0,z7,z6,z5,1x5,0q4,1x6,0q5,1x7,0p0,0x0,b0]
gb-trace iteration=153 subcycle id=C2 vertices=[a3,a4,a5,b5,0x5,b4,0x4,0p4,0p5,0r5,0r3,0r4,0q3,1x4,z4,z3,z2,z1,1x1,0q1,1x2,0q2,1x3,0p3,0x3,b3]
gb-trace iteration=153 resulting id=C1 vertices=[a0,a1,a2,b2,0x2,b1,0x1,0p1,0p2,0r2,0r0,0r1,0q0,1x0,z0,z7,z6,z5,1x5,0q4,1x6,0q5,1x7,0p0,0x0,b0]
gb-trace iteration=153 resulting id=C2 vertices=[a3,a4,a5,b5,0x5,b4,0x4,0p4,0p5,0r5,0r3,0r4,0q3,1x4,z4,z3,z2,z1,1x1,0q1,1x2,0q2,1x3,0p3,0x3,b3]
cut arcs by clause length (length:number) = {12: 4}
number of added block clauses (this increment) = 4
number of added block clauses (accumulated) = 668
add block clauses time = 27.843us
increment time = 35.038us

CEGAR iteration...
cegar iteration = 154
sat solving time = 47.023us
number of subcycles found = 3
cycle lengths before merge (length:number) = {8: 1, 14: 1, 30: 1}
number of merge operations = 0
number of resulting cycles = 3
cycle lengths after merge (length:number) = {8: 1, 14: 1, 30: 1}
gb-trace iteration=154 subcycle id=C1 vertices=[a0,a1,a2,b2,0x3,b3,a3,a4,a5,b5,0x5,b4,0x4,0p4,0p5,0r5,0q5,1x6,0q4,0r3,0r4,0q3,1x5,z5,z6,z7,1x7,0p0,0x0,b0]
gb-trace iteration=154 subcycle id=C2 vertices=[b1,0x1,0p1,0r1,0r0,0r2,0p2,0x2]
gb-trace iteration=154 subcycle id=C3 vertices=[0q0,1x1,0q1,1x2,0q2,1x3,0p3,1x4,z4,z3,z2,z1,z0,1x0]
gb-trace iteration=154 resulting id=C1 vertices=[a0,a1,a2,b2,0x3,b3,a3,a4,a5,b5,0x5,b4,0x4,0p4,0p5,0r5,0q5,1x6,0q4,0r3,0r4,0q3,1x5,z5,z6,z7,1x7,0p0,0x0,b0]
gb-trace iteration=154 resulting id=C2 vertices=[b1,0x1,0p1,0r1,0r0,0r2,0p2,0x2]
gb-trace iteration=154 resulting id=C3 vertices=[0q0,1x1,0q1,1x2,0q2,1x3,0p3,1x4,z4,z3,z2,z1,z0,1x0]
cut arcs by clause length (length:number) = {6: 2, 8: 4}
number of added block clauses (this increment) = 6
number of added block clauses (accumulated) = 674
add block clauses time = 33.050us
increment time = 80.073us

CEGAR iteration...
cegar iteration = 155
sat solving time = 20.254us
number of subcycles found = 3
cycle lengths before merge (length:number) = {11: 1, 17: 1, 24: 1}
number of merge operations = 0
number of resulting cycles = 3
cycle lengths after merge (length:number) = {11: 1, 17: 1, 24: 1}
gb-trace iteration=155 subcycle id=C1 vertices=[a0,a1,a2,b2,0x3,b3,a3,a4,a5,b5,0x5,b4,0x4,0p4,0p5,0r5,0q5,1x6,z6,z7,1x7,0p0,0x0,b0]
gb-trace iteration=155 subcycle id=C2 vertices=[b1,0x1,0p1,0r1,0r0,0q1,1x1,0q0,1x0,z0,z1,z2,1x2,0q2,0r2,0p2,0x2]
gb-trace iteration=155 subcycle id=C3 vertices=[0p3,1x4,0q3,0r4,0r3,0q4,1x5,z5,z4,z3,1x3]
gb-trace iteration=155 resulting id=C1 vertices=[a0,a1,a2,b2,0x3,b3,a3,a4,a5,b5,0x5,b4,0x4,0p4,0p5,0r5,0q5,1x6,z6,z7,1x7,0p0,0x0,b0]
gb-trace iteration=155 resulting id=C2 vertices=[b1,0x1,0p1,0r1,0r0,0q1,1x1,0q0,1x0,z0,z1,z2,1x2,0q2,0r2,0p2,0x2]
gb-trace iteration=155 resulting id=C3 vertices=[0p3,1x4,0q3,0r4,0r3,0q4,1x5,z5,z4,z3,1x3]
cut arcs by clause length (length:number) = {7: 4, 10: 2}
number of added block clauses (this increment) = 6
number of added block clauses (accumulated) = 680
add block clauses time = 35.697us
increment time = 55.951us

CEGAR iteration...
cegar iteration = 156
sat solving time = 312.233us
number of subcycles found = 3
cycle lengths before merge (length:number) = {8: 1, 20: 1, 24: 1}
number of merge operations = 0
number of resulting cycles = 3
cycle lengths after merge (length:number) = {8: 1, 20: 1, 24: 1}
gb-trace iteration=156 subcycle id=C1 vertices=[a0,a1,a2,b2,0x2,b1,0x1,0p1,0p2,0r2,0q2,1x2,z2,z3,1x3,0p3,0x3,b3,a3,a4,a5,b5,0x0,b0]
gb-trace iteration=156 subcycle id=C2 vertices=[b4,0x4,0p4,0r4,0r3,0r5,0p5,0x5]
gb-trace iteration=156 subcycle id=C3 vertices=[0p0,1x0,0q0,0r1,0r0,0q1,1x1,z1,z0,z7,z6,z5,z4,1x4,0q3,1x5,0q4,1x6,0q5,1x7]
gb-trace iteration=156 resulting id=C1 vertices=[a0,a1,a2,b2,0x2,b1,0x1,0p1,0p2,0r2,0q2,1x2,z2,z3,1x3,0p3,0x3,b3,a3,a4,a5,b5,0x0,b0]
gb-trace iteration=156 resulting id=C2 vertices=[b4,0x4,0p4,0r4,0r3,0r5,0p5,0x5]
gb-trace iteration=156 resulting id=C3 vertices=[0p0,1x0,0q0,0r1,0r0,0q1,1x1,z1,z0,z7,z6,z5,z4,1x4,0q3,1x5,0q4,1x6,0q5,1x7]
cut arcs by clause length (length:number) = {6: 2, 10: 4}
number of added block clauses (this increment) = 6
number of added block clauses (accumulated) = 686
add block clauses time = 32.628us
increment time = 344.861us

CEGAR iteration...
cegar iteration = 157
sat solving time = 46.706us
number of subcycles found = 3
cycle lengths before merge (length:number) = {11: 1, 20: 1, 21: 1}
number of merge operations = 0
number of resulting cycles = 3
cycle lengths after merge (length:number) = {11: 1, 20: 1, 21: 1}
gb-trace iteration=157 subcycle id=C1 vertices=[a0,a1,a2,b2,0x2,b1,0x1,0p1,0p2,0r2,0q2,1x3,0p3,0x3,b3,a3,a4,a5,b5,0x0,b0]
gb-trace iteration=157 subcycle id=C2 vertices=[b4,0x4,0p4,0r4,0r3,0q4,1x6,0q5,0r5,0p5,0x5]
gb-trace iteration=157 subcycle id=C3 vertices=[0p0,1x0,z0,z1,1x1,0q0,0r1,0r0,0q1,1x2,z2,z3,z4,1x4,0q3,1x5,z5,z6,z7,1x7]
gb-trace iteration=157 resulting id=C1 vertices=[a0,a1,a2,b2,0x2,b1,0x1,0p1,0p2,0r2,0q2,1x3,0p3,0x3,b3,a3,a4,a5,b5,0x0,b0]
gb-trace iteration=157 resulting id=C2 vertices=[b4,0x4,0p4,0r4,0r3,0q4,1x6,0q5,0r5,0p5,0x5]
gb-trace iteration=157 resulting id=C3 vertices=[0p0,1x0,z0,z1,1x1,0q0,0r1,0r0,0q1,1x2,z2,z3,z4,1x4,0q3,1x5,z5,z6,z7,1x7]
cut arcs by clause length (length:number) = {7: 2, 9: 2, 10: 2}
number of added block clauses (this increment) = 6
number of added block clauses (accumulated) = 692
add block clauses time = 31.139us
increment time = 77.845us

CEGAR iteration...
cegar iteration = 158
sat solving time = 42.390us
number of subcycles found = 3
cycle lengths before merge (length:number) = {5: 1, 17: 1, 30: 1}
number of merge operations = 0
number of resulting cycles = 3
cycle lengths after merge (length:number) = {5: 1, 17: 1, 30: 1}
gb-trace iteration=158 subcycle id=C1 vertices=[a0,a1,a2,b2,0x2,b1,0x1,0p1,0p2,0r2,0q2,1x2,0q1,0r0,0r1,0q0,1x1,z1,z2,z3,1x3,0p3,0x3,b3,a3,a4,a5,b5,0x0,b0]
gb-trace iteration=158 subcycle id=C2 vertices=[b4,0x4,0p4,0p5,0x5]
gb-trace iteration=158 subcycle id=C3 vertices=[0p0,1x0,z0,z7,z6,1x6,0q4,1x5,z5,z4,1x4,0q3,0r4,0r3,0r5,0q5,1x7]
gb-trace iteration=158 resulting id=C1 vertices=[a0,a1,a2,b2,0x2,b1,0x1,0p1,0p2,0r2,0q2,1x2,0q1,0r0,0r1,0q0,1x1,z1,z2,z3,1x3,0p3,0x3,b3,a3,a4,a5,b5,0x0,b0]
gb-trace iteration=158 resulting id=C2 vertices=[b4,0x4,0p4,0p5,0x5]
gb-trace iteration=158 resulting id=C3 vertices=[0p0,1x0,z0,z7,z6,1x6,0q4,1x5,z5,z4,1x4,0q3,0r4,0r3,0r5,0q5,1x7]
cut arcs by clause length (length:number) = {5: 2, 7: 2, 8: 2}
number of added block clauses (this increment) = 6
number of added block clauses (accumulated) = 698
add block clauses time = 31.736us
increment time = 74.126us

CEGAR iteration...
cegar iteration = 159
sat solving time = 86.196us
number of subcycles found = 3
cycle lengths before merge (length:number) = {8: 1, 17: 1, 27: 1}
number of merge operations = 0
number of resulting cycles = 3
cycle lengths after merge (length:number) = {8: 1, 17: 1, 27: 1}
gb-trace iteration=159 subcycle id=C1 vertices=[a0,a1,a2,b2,0x2,b1,0x1,0p1,0p2,0r2,0q2,1x3,z3,z4,z5,1x5,0q3,1x4,0p3,0x3,b3,a3,a4,a5,b5,0x0,b0]
gb-trace iteration=159 subcycle id=C2 vertices=[b4,0x4,0p4,0r4,0r3,0q4,1x6,z6,z7,z0,1x0,0p0,1x7,0q5,0r5,0p5,0x5]
gb-trace iteration=159 subcycle id=C3 vertices=[0q0,0r1,0r0,0q1,1x2,z2,z1,1x1]
gb-trace iteration=159 resulting id=C1 vertices=[a0,a1,a2,b2,0x2,b1,0x1,0p1,0p2,0r2,0q2,1x3,z3,z4,z5,1x5,0q3,1x4,0p3,0x3,b3,a3,a4,a5,b5,0x0,b0]
gb-trace iteration=159 resulting id=C2 vertices=[b4,0x4,0p4,0r4,0r3,0q4,1x6,z6,z7,z0,1x0,0p0,1x7,0q5,0r5,0p5,0x5]
gb-trace iteration=159 resulting id=C3 vertices=[0q0,0r1,0r0,0q1,1x2,z2,z1,1x1]
cut arcs by clause length (length:number) = {6: 2, 9: 2, 11: 2}
number of added block clauses (this increment) = 6
number of added block clauses (accumulated) = 704
add block clauses time = 37.608us
increment time = 123.804us

CEGAR iteration...
cegar iteration = 160
sat solving time = 138.709us
number of subcycles found = 3
cycle lengths before merge (length:number) = {11: 1, 14: 1, 27: 1}
number of merge operations = 0
number of resulting cycles = 3
cycle lengths after merge (length:number) = {11: 1, 14: 1, 27: 1}
gb-trace iteration=160 subcycle id=C1 vertices=[a0,a1,a2,a3,b3,0x4,0p4,0r4,0r3,0q4,1x5,0q3,1x4,z4,z5,z6,1x6,0q5,0r5,0p5,0x5,b4,a4,a5,b5,0x0,b0]
gb-trace iteration=160 subcycle id=C2 vertices=[b1,0x1,0p1,0p2,0r2,0q2,1x2,z2,z3,1x3,0p3,0x3,b2,0x2]
gb-trace iteration=160 subcycle id=C3 vertices=[0p0,1x7,z7,z0,z1,1x1,0q1,0r0,0r1,0q0,1x0]
gb-trace iteration=160 resulting id=C1 vertices=[a0,a1,a2,a3,b3,0x4,0p4,0r4,0r3,0q4,1x5,0q3,1x4,z4,z5,z6,1x6,0q5,0r5,0p5,0x5,b4,a4,a5,b5,0x0,b0]
gb-trace iteration=160 resulting id=C2 vertices=[b1,0x1,0p1,0p2,0r2,0q2,1x2,z2,z3,1x3,0p3,0x3,b2,0x2]
gb-trace iteration=160 resulting id=C3 vertices=[0p0,1x7,z7,z0,z1,1x1,0q1,0r0,0r1,0q0,1x0]
cut arcs by clause length (length:number) = {7: 2, 9: 2, 10: 2}
number of added block clauses (this increment) = 6
number of added block clauses (accumulated) = 710
add block clauses time = 42.970us
increment time = 181.679us

CEGAR iteration...
cegar iteration = 161
sat solving time = 129.882us
number of subcycles found = 3
cycle lengths before merge (length:number) = {5: 1, 21: 1, 26: 1}
number of merge operations = 0
number of resulting cycles = 3
cycle lengths after merge (length:number) = {5: 1, 21: 1, 26: 1}
gb-trace iteration=161 subcycle id=C1 vertices=[a0,a1,a2,a3,b3,0x4,0p4,0r4,0r3,0q4,1x6,0q5,0r5,0p5,0x5,b4,a4,a5,b5,0x0,b0]
gb-trace iteration=161 subcycle id=C2 vertices=[b1,0x1,0p1,0p2,0r2,0q2,1x2,z2,z1,z0,1x0,0p0,1x7,z7,z6,z5,1x5,0q3,1x4,z4,z3,1x3,0p3,0x3,b2,0x2]
gb-trace iteration=161 subcycle id=C3 vertices=[0q0,1x1,0q1,0r0,0r1]
gb-trace iteration=161 resulting id=C1 vertices=[a0,a1,a2,a3,b3,0x4,0p4,0r4,0r3,0q4,1x6,0q5,0r5,0p5,0x5,b4,a4,a5,b5,0x0,b0]
gb-trace iteration=161 resulting id=C2 vertices=[b1,0x1,0p1,0p2,0r2,0q2,1x2,z2,z1,z0,1x0,0p0,1x7,z7,z6,z5,1x5,0q3,1x4,z4,z3,1x3,0p3,0x3,b2,0x2]
gb-trace iteration=161 resulting id=C3 vertices=[0q0,1x1,0q1,0r0,0r1]
cut arcs by clause length (length:number) = {5: 2, 9: 2, 14: 2}
number of added block clauses (this increment) = 6
number of added block clauses (accumulated) = 716
add block clauses time = 36.936us
increment time = 166.818us

CEGAR iteration...
cegar iteration = 162
sat solving time = 13.030us
number of subcycles found = 3
cycle lengths before merge (length:number) = {11: 1, 15: 1, 26: 1}
number of merge operations = 0
number of resulting cycles = 3
cycle lengths after merge (length:number) = {11: 1, 15: 1, 26: 1}
gb-trace iteration=162 subcycle id=C1 vertices=[a0,a1,a2,a3,b3,0x4,0p4,0p5,0x5,b4,a4,a5,b5,0x0,b0]
gb-trace iteration=162 subcycle id=C2 vertices=[b1,0x1,0p1,0p2,0r2,0q2,1x3,0p3,0x3,b2,0x2]
gb-trace iteration=162 subcycle id=C3 vertices=[0p0,1x7,z7,z6,z5,1x5,0q4,1x6,0q5,0r5,0r3,0r4,0q3,1x4,z4,z3,z2,1x2,0q1,0r0,0r1,0q0,1x1,z1,z0,1x0]
gb-trace iteration=162 resulting id=C1 vertices=[a0,a1,a2,a3,b3,0x4,0p4,0p5,0x5,b4,a4,a5,b5,0x0,b0]
gb-trace iteration=162 resulting id=C2 vertices=[b1,0x1,0p1,0p2,0r2,0q2,1x3,0p3,0x3,b2,0x2]
gb-trace iteration=162 resulting id=C3 vertices=[0p0,1x7,z7,z6,z5,1x5,0q4,1x6,0q5,0r5,0r3,0r4,0q3,1x4,z4,z3,z2,1x2,0q1,0r0,0r1,0q0,1x1,z1,z0,1x0]
cut arcs by clause length (length:number) = {7: 2, 8: 2, 9: 2}
number of added block clauses (this increment) = 6
number of added block clauses (accumulated) = 722
add block clauses time = 37.141us
increment time = 50.171us

CEGAR iteration...
cegar iteration = 163
sat solving time = 157.606us
number of subcycles found = 2
cycle lengths before merge (length:number) = {8: 1, 44: 1}
number of merge operations = 0
number of resulting cycles = 2
cycle lengths after merge (length:number) = {8: 1, 44: 1}
gb-trace iteration=163 subcycle id=C1 vertices=[a0,a1,b1,0x2,0p2,0p1,0x1,b0]
gb-trace iteration=163 subcycle id=C2 vertices=[a2,a3,b3,0x4,0p4,0r4,0r3,0r5,0p5,0x5,b4,a4,a5,b5,0x0,0p0,1x7,0q5,1x6,0q4,1x5,0q3,1x4,z4,z5,z6,z7,z0,1x0,0q0,0r1,0r0,0r2,0q2,1x2,0q1,1x1,z1,z2,z3,1x3,0p3,0x3,b2]
gb-trace iteration=163 resulting id=C1 vertices=[a0,a1,b1,0x2,0p2,0p1,0x1,b0]
gb-trace iteration=163 resulting id=C2 vertices=[a2,a3,b3,0x4,0p4,0r4,0r3,0r5,0p5,0x5,b4,a4,a5,b5,0x0,0p0,1x7,0q5,1x6,0q4,1x5,0q3,1x4,z4,z5,z6,z7,z0,1x0,0q0,0r1,0r0,0r2,0q2,1x2,0q1,1x1,z1,z2,z3,1x3,0p3,0x3,b2]
cut arcs by clause length (length:number) = {6: 4}
number of added block clauses (this increment) = 4
number of added block clauses (accumulated) = 726
add block clauses time = 31.628us
increment time = 189.234us

CEGAR iteration...
cegar iteration = 164
sat solving time = 201.625us
number of subcycles found = 2
cycle lengths before merge (length:number) = {23: 1, 29: 1}
number of merge operations = 0
number of resulting cycles = 2
cycle lengths after merge (length:number) = {23: 1, 29: 1}
gb-trace iteration=164 subcycle id=C1 vertices=[a0,a1,a2,a3,b3,0x4,0p4,0p5,0x5,b4,a4,a5,b5,0x0,0p0,1x7,0q5,0r5,0r3,0r4,0q3,1x4,0p3,0x3,b2,0x2,b1,0x1,b0]
gb-trace iteration=164 subcycle id=C2 vertices=[0q0,1x0,z0,z7,z6,1x6,0q4,1x5,z5,z4,z3,1x3,0q2,1x2,z2,z1,1x1,0q1,0r0,0r2,0p2,0p1,0r1]
gb-trace iteration=164 resulting id=C1 vertices=[a0,a1,a2,a3,b3,0x4,0p4,0p5,0x5,b4,a4,a5,b5,0x0,0p0,1x7,0q5,0r5,0r3,0r4,0q3,1x4,0p3,0x3,b2,0x2,b1,0x1,b0]
gb-trace iteration=164 resulting id=C2 vertices=[0q0,1x0,z0,z7,z6,1x6,0q4,1x5,z5,z4,z3,1x3,0q2,1x2,z2,z1,1x1,0q1,0r0,0r2,0p2,0p1,0r1]
cut arcs by clause length (length:number) = {9: 4}
number of added block clauses (this increment) = 4
number of added block clauses (accumulated) = 730
add block clauses time = 31.525us
increment time = 233.150us

CEGAR iteration...
cegar iteration = 165
sat solving time = 42.477us
number of subcycles found = 2
cycle lengths before merge (length:number) = {20: 1, 32: 1}
number of merge operations = 0
number of resulting cycles = 2
cycle lengths after merge (length:number) = {20: 1, 32: 1}
gb-trace iteration=165 subcycle id=C1 vertices=[a0,a1,a2,a3,b3,0x4,0p4,0r4,0r3,0r5,0p5,0x5,b4,a4,a5,b5,0x0,0p0,1x7,0q5,1x6,0q4,1x5,0q3,1x4,0p3,0x3,b2,0x2,b1,0x1,b0]
gb-trace iteration=165 subcycle id=C2 vertices=[0q0,1x0,z0,z7,z6,z5,z4,z3,1x3,0q2,1x2,z2,z1,1x1,0q1,0r0,0r2,0p2,0p1,0r1]
gb-trace iteration=165 resulting id=C1 vertices=[a0,a1,a2,a3,b3,0x4,0p4,0r4,0r3,0r5,0p5,0x5,b4,a4,a5,b5,0x0,0p0,1x7,0q5,1x6,0q4,1x5,0q3,1x4,0p3,0x3,b2,0x2,b1,0x1,b0]
gb-trace iteration=165 resulting id=C2 vertices=[0q0,1x0,z0,z7,z6,z5,z4,z3,1x3,0q2,1x2,z2,z1,1x1,0q1,0r0,0r2,0p2,0p1,0r1]
cut arcs by clause length (length:number) = {8: 4}
number of added block clauses (this increment) = 4
number of added block clauses (accumulated) = 734
add block clauses time = 31.120us
increment time = 73.597us

CEGAR iteration...
cegar iteration = 166
sat solving time = 50.581us
number of subcycles found = 2
cycle lengths before merge (length:number) = {14: 1, 38: 1}
number of merge operations = 0
number of resulting cycles = 2
cycle lengths after merge (length:number) = {14: 1, 38: 1}
gb-trace iteration=166 subcycle id=C1 vertices=[a0,a1,a2,a3,b3,0x4,0p4,0r4,0r3,0q4,1x6,z6,z5,1x5,0q3,1x4,z4,z3,z2,z1,1x1,0q0,0r1,0p1,0p2,0r2,0r0,0q1,1x2,0q2,1x3,0p3,0x3,b2,0x2,b1,0x1,b0]
gb-trace iteration=166 subcycle id=C2 vertices=[a4,a5,b5,0x0,0p0,1x0,z0,z7,1x7,0q5,0r5,0p5,0x5,b4]
gb-trace iteration=166 resulting id=C1 vertices=[a0,a1,a2,a3,b3,0x4,0p4,0r4,0r3,0q4,1x6,z6,z5,1x5,0q3,1x4,z4,z3,z2,z1,1x1,0q0,0r1,0p1,0p2,0r2,0r0,0q1,1x2,0q2,1x3,0p3,0x3,b2,0x2,b1,0x1,b0]
gb-trace iteration=166 resulting id=C2 vertices=[a4,a5,b5,0x0,0p0,1x0,z0,z7,1x7,0q5,0r5,0p5,0x5,b4]
cut arcs by clause length (length:number) = {10: 4}
number of added block clauses (this increment) = 4
number of added block clauses (accumulated) = 738
add block clauses time = 47.658us
increment time = 98.239us

CEGAR iteration...
cegar iteration = 167
sat solving time = 11.991us
number of subcycles found = 2
cycle lengths before merge (length:number) = {20: 1, 32: 1}
number of merge operations = 0
number of resulting cycles = 2
cycle lengths after merge (length:number) = {20: 1, 32: 1}
gb-trace iteration=167 subcycle id=C1 vertices=[a0,a1,a2,a3,b3,0x4,0p4,0r4,0q3,1x4,z4,z3,z2,z1,1x1,0q0,0r1,0p1,0p2,0r2,0r0,0q1,1x2,0q2,1x3,0p3,0x3,b2,0x2,b1,0x1,b0]
gb-trace iteration=167 subcycle id=C2 vertices=[a4,a5,b5,0x0,0p0,1x0,z0,z7,1x7,0q5,1x6,z6,z5,1x5,0q4,0r3,0r5,0p5,0x5,b4]
gb-trace iteration=167 resulting id=C1 vertices=[a0,a1,a2,a3,b3,0x4,0p4,0r4,0q3,1x4,z4,z3,z2,z1,1x1,0q0,0r1,0p1,0p2,0r2,0r0,0q1,1x2,0q2,1x3,0p3,0x3,b2,0x2,b1,0x1,b0]
gb-trace iteration=167 resulting id=C2 vertices=[a4,a5,b5,0x0,0p0,1x0,z0,z7,1x7,0q5,1x6,z6,z5,1x5,0q4,0r3,0r5,0p5,0x5,b4]
cut arcs by clause length (length:number) = {10: 4}
number of added block clauses (this increment) = 4
number of added block clauses (accumulated) = 742
add block clauses time = 33.474us
increment time = 45.465us

CEGAR iteration...
cegar iteration = 168
sat solving time = 54.143us
number of subcycles found = 2
cycle lengths before merge (length:number) = {20: 1, 32: 1}
number of merge operations = 0
number of resulting cycles = 2
cycle lengths after merge (length:number) = {20: 1, 32: 1}
gb-trace iteration=168 subcycle id=C1 vertices=[a0,a1,a2,a3,b3,0x4,0p4,0r4,0q3,1x4,z4,z3,1x3,0p3,0x3,b2,0x2,b1,0x1,b0]
gb-trace iteration=168 subcycle id=C2 vertices=[a4,a5,b5,0x0,0p0,1x0,0q0,1x1,0q1,0r0,0r1,0p1,0p2,0r2,0q2,1x2,z2,z1,z0,z7,1x7,0q5,1x6,z6,z5,1x5,0q4,0r3,0r5,0p5,0x5,b4]
gb-trace iteration=168 resulting id=C1 vertices=[a0,a1,a2,a3,b3,0x4,0p4,0r4,0q3,1x4,z4,z3,1x3,0p3,0x3,b2,0x2,b1,0x1,b0]
gb-trace iteration=168 resulting id=C2 vertices=[a4,a5,b5,0x0,0p0,1x0,0q0,1x1,0q1,0r0,0r1,0p1,0p2,0r2,0q2,1x2,z2,z1,z0,z7,1x7,0q5,1x6,z6,z5,1x5,0q4,0r3,0r5,0p5,0x5,b4]
cut arcs by clause length (length:number) = {12: 4}
number of added block clauses (this increment) = 4
number of added block clauses (accumulated) = 746
add block clauses time = 31.365us
increment time = 85.508us

CEGAR iteration...
cegar iteration = 169
sat solving time = 15.567us
number of subcycles found = 2
cycle lengths before merge (length:number) = {23: 1, 29: 1}
number of merge operations = 0
number of resulting cycles = 2
cycle lengths after merge (length:number) = {23: 1, 29: 1}
gb-trace iteration=169 subcycle id=C1 vertices=[a0,a1,a2,a3,b3,0x4,0p4,0r4,0q3,1x4,z4,z3,z2,1x2,0q2,1x3,0p3,0x3,b2,0x2,b1,0x1,b0]
gb-trace iteration=169 subcycle id=C2 vertices=[a4,a5,b5,0x0,0p0,1x0,0q0,0r1,0p1,0p2,0r2,0r0,0q1,1x1,z1,z0,z7,1x7,0q5,1x6,z6,z5,1x5,0q4,0r3,0r5,0p5,0x5,b4]
gb-trace iteration=169 resulting id=C1 vertices=[a0,a1,a2,a3,b3,0x4,0p4,0r4,0q3,1x4,z4,z3,z2,1x2,0q2,1x3,0p3,0x3,b2,0x2,b1,0x1,b0]
gb-trace iteration=169 resulting id=C2 vertices=[a4,a5,b5,0x0,0p0,1x0,0q0,0r1,0p1,0p2,0r2,0r0,0q1,1x1,z1,z0,z7,1x7,0q5,1x6,z6,z5,1x5,0q4,0r3,0r5,0p5,0x5,b4]
cut arcs by clause length (length:number) = {13: 4}
number of added block clauses (this increment) = 4
number of added block clauses (accumulated) = 750
add block clauses time = 31.153us
increment time = 46.720us

CEGAR iteration...
cegar iteration = 170
sat solving time = 17.680us
number of subcycles found = 2
cycle lengths before merge (length:number) = {23: 1, 29: 1}
number of merge operations = 0
number of resulting cycles = 2
cycle lengths after merge (length:number) = {23: 1, 29: 1}
gb-trace iteration=170 subcycle id=C1 vertices=[a0,a1,a2,a3,b3,0x4,0p4,0r4,0r3,0q4,1x6,z6,z5,1x5,0q3,1x4,z4,z3,z2,1x2,0q2,1x3,0p3,0x3,b2,0x2,b1,0x1,b0]
gb-trace iteration=170 subcycle id=C2 vertices=[a4,a5,b5,0x0,0p0,1x0,0q0,0r1,0p1,0p2,0r2,0r0,0q1,1x1,z1,z0,z7,1x7,0q5,0r5,0p5,0x5,b4]
gb-trace iteration=170 resulting id=C1 vertices=[a0,a1,a2,a3,b3,0x4,0p4,0r4,0r3,0q4,1x6,z6,z5,1x5,0q3,1x4,z4,z3,z2,1x2,0q2,1x3,0p3,0x3,b2,0x2,b1,0x1,b0]
gb-trace iteration=170 resulting id=C2 vertices=[a4,a5,b5,0x0,0p0,1x0,0q0,0r1,0p1,0p2,0r2,0r0,0q1,1x1,z1,z0,z7,1x7,0q5,0r5,0p5,0x5,b4]
cut arcs by clause length (length:number) = {13: 4}
number of added block clauses (this increment) = 4
number of added block clauses (accumulated) = 754
add block clauses time = 32.915us
increment time = 50.595us

CEGAR iteration...
cegar iteration = 171
sat solving time = 20.973us
number of subcycles found = 2
cycle lengths before merge (length:number) = {26: 2}
number of merge operations = 0
number of resulting cycles = 2
cycle lengths after merge (length:number) = {26: 2}
gb-trace iteration=171 subcycle id=C1 vertices=[a0,a1,a2,a3,b3,0x4,0p4,0r4,0r3,0q4,1x6,z6,z5,1x5,0q3,1x4,z4,z3,1x3,0p3,0x3,b2,0x2,b1,0x1,b0]
gb-trace iteration=171 subcycle id=C2 vertices=[a4,a5,b5,0x0,0p0,1x0,0q0,1x1,0q1,0r0,0r1,0p1,0p2,0r2,0q2,1x2,z2,z1,z0,z7,1x7,0q5,0r5,0p5,0x5,b4]
gb-trace iteration=171 resulting id=C1 vertices=[a0,a1,a2,a3,b3,0x4,0p4,0r4,0r3,0q4,1x6,z6,z5,1x5,0q3,1x4,z4,z3,1x3,0p3,0x3,b2,0x2,b1,0x1,b0]
gb-trace iteration=171 resulting id=C2 vertices=[a4,a5,b5,0x0,0p0,1x0,0q0,1x1,0q1,0r0,0r1,0p1,0p2,0r2,0q2,1x2,z2,z1,z0,z7,1x7,0q5,0r5,0p5,0x5,b4]
cut arcs by clause length (length:number) = {12: 4}
number of added block clauses (this increment) = 4
number of added block clauses (accumulated) = 758
add block clauses time = 27.377us
increment time = 48.350us

CEGAR iteration...
cegar iteration = 172
sat solving time = 165.852us
number of subcycles found = 3
cycle lengths before merge (length:number) = {9: 1, 20: 1, 23: 1}
number of merge operations = 0
number of resulting cycles = 3
cycle lengths after merge (length:number) = {9: 1, 20: 1, 23: 1}
gb-trace iteration=172 subcycle id=C1 vertices=[a0,b0,0x0,b5,a5,a4,a3,a2,a1]
gb-trace iteration=172 subcycle id=C2 vertices=[b1,0x2,b2,0x3,b3,0x4,b4,0x5,0p5,0p4,0r4,0q3,1x4,0p3,1x3,0q2,0r2,0p2,0p1,0x1]
gb-trace iteration=172 subcycle id=C3 vertices=[0p0,1x7,z7,z6,1x6,0q5,0r5,0r3,0q4,1x5,z5,z4,z3,z2,1x2,0q1,0r0,0r1,0q0,1x1,z1,z0,1x0]
gb-trace iteration=172 resulting id=C1 vertices=[a0,b0,0x0,b5,a5,a4,a3,a2,a1]
gb-trace iteration=172 resulting id=C2 vertices=[b1,0x2,b2,0x3,b3,0x4,b4,0x5,0p5,0p4,0r4,0q3,1x4,0p3,1x3,0q2,0r2,0p2,0p1,0x1]
gb-trace iteration=172 resulting id=C3 vertices=[0p0,1x7,z7,z6,1x6,0q5,0r5,0r3,0q4,1x5,z5,z4,z3,z2,1x2,0q1,0r0,0r1,0q0,1x1,z1,z0,1x0]
cut arcs by clause length (length:number) = {7: 2, 9: 2, 14: 2}
number of added block clauses (this increment) = 6
number of added block clauses (accumulated) = 764
add block clauses time = 35.964us
increment time = 201.816us

CEGAR iteration...
cegar iteration = 173
sat solving time = 187.140us
number of subcycles found = 2
cycle lengths before merge (length:number) = {20: 1, 32: 1}
number of merge operations = 0
number of resulting cycles = 2
cycle lengths after merge (length:number) = {20: 1, 32: 1}
gb-trace iteration=173 subcycle id=C1 vertices=[a0,a1,a2,b2,0x2,b1,0x1,b0,0x0,0p0,1x0,0q0,1x1,0q1,0r0,0r1,0p1,0p2,0r2,0q2,1x2,z2,z1,z0,z7,1x7,0q5,0r5,0p5,0x5,b5,a5]
gb-trace iteration=173 subcycle id=C2 vertices=[a3,b3,0x3,0p3,1x3,z3,z4,1x4,0q3,1x5,z5,z6,1x6,0q4,0r3,0r4,0p4,0x4,b4,a4]
gb-trace iteration=173 resulting id=C1 vertices=[a0,a1,a2,b2,0x2,b1,0x1,b0,0x0,0p0,1x0,0q0,1x1,0q1,0r0,0r1,0p1,0p2,0r2,0q2,1x2,z2,z1,z0,z7,1x7,0q5,0r5,0p5,0x5,b5,a5]
gb-trace iteration=173 resulting id=C2 vertices=[a3,b3,0x3,0p3,1x3,z3,z4,1x4,0q3,1x5,z5,z6,1x6,0q4,0r3,0r4,0p4,0x4,b4,a4]
cut arcs by clause length (length:number) = {10: 4}
number of added block clauses (this increment) = 4
number of added block clauses (accumulated) = 768
add block clauses time = 36.512us
increment time = 223.652us

CEGAR iteration...
cegar iteration = 174
sat solving time = 31.831us
number of subcycles found = 2
cycle lengths before merge (length:number) = {14: 1, 38: 1}
number of merge operations = 0
number of resulting cycles = 2
cycle lengths after merge (length:number) = {14: 1, 38: 1}
gb-trace iteration=174 subcycle id=C1 vertices=[a0,a1,a2,b2,0x2,b1,0x1,b0,0x0,0p0,1x0,0q0,1x1,0q1,0r0,0r1,0p1,0p2,0r2,0q2,1x2,z2,z1,z0,z7,1x7,0q5,1x6,z6,z5,1x5,0q4,0r3,0r5,0p5,0x5,b5,a5]
gb-trace iteration=174 subcycle id=C2 vertices=[a3,b3,0x3,0p3,1x3,z3,z4,1x4,0q3,0r4,0p4,0x4,b4,a4]
gb-trace iteration=174 resulting id=C1 vertices=[a0,a1,a2,b2,0x2,b1,0x1,b0,0x0,0p0,1x0,0q0,1x1,0q1,0r0,0r1,0p1,0p2,0r2,0q2,1x2,z2,z1,z0,z7,1x7,0q5,1x6,z6,z5,1x5,0q4,0r3,0r5,0p5,0x5,b5,a5]
gb-trace iteration=174 resulting id=C2 vertices=[a3,b3,0x3,0p3,1x3,z3,z4,1x4,0q3,0r4,0p4,0x4,b4,a4]
cut arcs by clause length (length:number) = {10: 4}
number of added block clauses (this increment) = 4
number of added block clauses (accumulated) = 772
add block clauses time = 31.088us
increment time = 62.919us

CEGAR iteration...
cegar iteration = 175
sat solving time = 118.914us
number of subcycles found = 2
cycle lengths before merge (length:number) = {17: 1, 35: 1}
number of merge operations = 0
number of resulting cycles = 2
cycle lengths after merge (length:number) = {17: 1, 35: 1}
gb-trace iteration=175 subcycle id=C1 vertices=[a0,a1,a2,b2,0x2,b1,0x1,b0,0x0,0p0,1x0,0q0,0r1,0p1,0p2,0r2,0r0,0q1,1x1,z1,z0,z7,1x7,0q5,1x6,z6,z5,1x5,0q4,0r3,0r5,0p5,0x5,b5,a5]
gb-trace iteration=175 subcycle id=C2 vertices=[a3,b3,0x3,0p3,1x3,0q2,1x2,z2,z3,z4,1x4,0q3,0r4,0p4,0x4,b4,a4]
gb-trace iteration=175 resulting id=C1 vertices=[a0,a1,a2,b2,0x2,b1,0x1,b0,0x0,0p0,1x0,0q0,0r1,0p1,0p2,0r2,0r0,0q1,1x1,z1,z0,z7,1x7,0q5,1x6,z6,z5,1x5,0q4,0r3,0r5,0p5,0x5,b5,a5]
gb-trace iteration=175 resulting id=C2 vertices=[a3,b3,0x3,0p3,1x3,0q2,1x2,z2,z3,z4,1x4,0q3,0r4,0p4,0x4,b4,a4]
cut arcs by clause length (length:number) = {11: 4}
number of added block clauses (this increment) = 4
number of added block clauses (accumulated) = 776
add block clauses time = 30.105us
increment time = 149.019us

CEGAR iteration...
cegar iteration = 176
sat solving time = 7.315us
number of subcycles found = 2
cycle lengths before merge (length:number) = {23: 1, 29: 1}
number of merge operations = 0
number of resulting cycles = 2
cycle lengths after merge (length:number) = {23: 1, 29: 1}
gb-trace iteration=176 subcycle id=C1 vertices=[a0,a1,a2,b2,0x2,b1,0x1,b0,0x0,0p0,1x0,0q0,0r1,0p1,0p2,0r2,0r0,0q1,1x1,z1,z0,z7,1x7,0q5,0r5,0p5,0x5,b5,a5]
gb-trace iteration=176 subcycle id=C2 vertices=[a3,b3,0x3,0p3,1x3,0q2,1x2,z2,z3,z4,1x4,0q3,1x5,z5,z6,1x6,0q4,0r3,0r4,0p4,0x4,b4,a4]
gb-trace iteration=176 resulting id=C1 vertices=[a0,a1,a2,b2,0x2,b1,0x1,b0,0x0,0p0,1x0,0q0,0r1,0p1,0p2,0r2,0r0,0q1,1x1,z1,z0,z7,1x7,0q5,0r5,0p5,0x5,b5,a5]
gb-trace iteration=176 resulting id=C2 vertices=[a3,b3,0x3,0p3,1x3,0q2,1x2,z2,z3,z4,1x4,0q3,1x5,z5,z6,1x6,0q4,0r3,0r4,0p4,0x4,b4,a4]
cut arcs by clause length (length:number) = {11: 4}
number of added block clauses (this increment) = 4
number of added block clauses (accumulated) = 780
add block clauses time = 27.966us
increment time = 35.281us

CEGAR iteration...
cegar iteration = 177
sat solving time = 212.940us
number of subcycles found = 3
cycle lengths before merge (length:number) = {8: 1, 20: 1, 24: 1}
number of merge operations = 0
number of resulting cycles = 3
cycle lengths after merge (length:number) = {8: 1, 20: 1, 24: 1}
gb-trace iteration=177 subcycle id=C1 vertices=[a0,a5,a4,b4,0x4,b3,a3,a2,a1,b1,0x2,b2,0x3,0p3,1x3,z3,z2,1x2,0q2,0r2,0p2,0p1,0x1,b0]
gb-trace iteration=177 subcycle id=C2 vertices=[b5,0x0,0p0,1x7,z7,z6,1x6,0q5,0r5,0r3,0q4,1x5,z5,z4,1x4,0q3,0r4,0p4,0p5,0x5]
gb-trace iteration=177 subcycle id=C3 vertices=[0q0,0r1,0r0,0q1,1x1,z1,z0,1x0]
gb-trace iteration=177 resulting id=C1 vertices=[a0,a5,a4,b4,0x4,b3,a3,a2,a1,b1,0x2,b2,0x3,0p3,1x3,z3,z2,1x2,0q2,0r2,0p2,0p1,0x1,b0]
gb-trace iteration=177 resulting id=C2 vertices=[b5,0x0,0p0,1x7,z7,z6,1x6,0q5,0r5,0r3,0q4,1x5,z5,z4,1x4,0q3,0r4,0p4,0p5,0x5]
gb-trace iteration=177 resulting id=C3 vertices=[0q0,0r1,0r0,0q1,1x1,z1,z0,1x0]
cut arcs by clause length (length:number) = {6: 2, 8: 2, 10: 2}
number of added block clauses (this increment) = 6
number of added block clauses (accumulated) = 786
add block clauses time = 35.771us
increment time = 248.711us

CEGAR iteration...
cegar iteration = 178
sat solving time = 67.612us
number of subcycles found = 2
cycle lengths before merge (length:number) = {20: 1, 32: 1}
number of merge operations = 0
number of resulting cycles = 2
cycle lengths after merge (length:number) = {20: 1, 32: 1}
gb-trace iteration=178 subcycle id=C1 vertices=[a0,a5,b5,0x0,0p0,1x0,0q0,0r1,0r0,0q1,1x1,z1,z0,z7,1x7,0q5,1x6,z6,z5,z4,1x4,0p3,1x3,z3,z2,1x2,0q2,0r2,0p2,0p1,0x1,b0]
gb-trace iteration=178 subcycle id=C2 vertices=[a1,a2,a3,a4,b4,0x5,0p5,0r5,0r3,0q4,1x5,0q3,0r4,0p4,0x4,b3,0x3,b2,0x2,b1]
gb-trace iteration=178 resulting id=C1 vertices=[a0,a5,b5,0x0,0p0,1x0,0q0,0r1,0r0,0q1,1x1,z1,z0,z7,1x7,0q5,1x6,z6,z5,z4,1x4,0p3,1x3,z3,z2,1x2,0q2,0r2,0p2,0p1,0x1,b0]
gb-trace iteration=178 resulting id=C2 vertices=[a1,a2,a3,a4,b4,0x5,0p5,0r5,0r3,0q4,1x5,0q3,0r4,0p4,0x4,b3,0x3,b2,0x2,b1]
cut arcs by clause length (length:number) = {10: 4}
number of added block clauses (this increment) = 4
number of added block clauses (accumulated) = 790
add block clauses time = 30.590us
increment time = 98.202us

CEGAR iteration...
cegar iteration = 179
sat solving time = 8.910us
number of subcycles found = 2
cycle lengths before merge (length:number) = {8: 1, 44: 1}
number of merge operations = 0
number of resulting cycles = 2
cycle lengths after merge (length:number) = {8: 1, 44: 1}
gb-trace iteration=179 subcycle id=C1 vertices=[a0,a5,a4,b4,0x4,0p4,0r4,0q3,1x5,0q4,0r3,0r5,0p5,0x5,b5,0x0,0p0,1x0,0q0,0r1,0r0,0q1,1x1,z1,z0,z7,1x7,0q5,1x6,z6,z5,z4,1x4,0p3,1x3,z3,z2,1x2,0q2,0r2,0p2,0p1,0x1,b0]
gb-trace iteration=179 subcycle id=C2 vertices=[a1,a2,a3,b3,0x3,b2,0x2,b1]
gb-trace iteration=179 resulting id=C1 vertices=[a0,a5,a4,b4,0x4,0p4,0r4,0q3,1x5,0q4,0r3,0r5,0p5,0x5,b5,0x0,0p0,1x0,0q0,0r1,0r0,0q1,1x1,z1,z0,z7,1x7,0q5,1x6,z6,z5,z4,1x4,0p3,1x3,z3,z2,1x2,0q2,0r2,0p2,0p1,0x1,b0]
gb-trace iteration=179 resulting id=C2 vertices=[a1,a2,a3,b3,0x3,b2,0x2,b1]
cut arcs by clause length (length:number) = {6: 4}
number of added block clauses (this increment) = 4
number of added block clauses (accumulated) = 794
add block clauses time = 30.641us
increment time = 39.551us

CEGAR iteration...
cegar iteration = 180
sat solving time = 10.257us
number of subcycles found = 2
cycle lengths before merge (length:number) = {14: 1, 38: 1}
number of merge operations = 0
number of resulting cycles = 2
cycle lengths after merge (length:number) = {14: 1, 38: 1}
gb-trace iteration=180 subcycle id=C1 vertices=[a0,a5,b5,0x0,0p0,1x0,0q0,0r1,0r0,0q1,1x1,z1,z0,z7,1x7,0q5,0r5,0r3,0r4,0q3,1x5,0q4,1x6,z6,z5,z4,1x4,0p3,1x3,z3,z2,1x2,0q2,0r2,0p2,0p1,0x1,b0]
gb-trace iteration=180 subcycle id=C2 vertices=[a1,a2,a3,a4,b4,0x5,0p5,0p4,0x4,b3,0x3,b2,0x2,b1]
gb-trace iteration=180 resulting id=C1 vertices=[a0,a5,b5,0x0,0p0,1x0,0q0,0r1,0r0,0q1,1x1,z1,z0,z7,1x7,0q5,0r5,0r3,0r4,0q3,1x5,0q4,1x6,z6,z5,z4,1x4,0p3,1x3,z3,z2,1x2,0q2,0r2,0p2,0p1,0x1,b0]
gb-trace iteration=180 resulting id=C2 vertices=[a1,a2,a3,a4,b4,0x5,0p5,0p4,0x4,b3,0x3,b2,0x2,b1]
cut arcs by clause length (length:number) = {8: 4}
number of added block clauses (this increment) = 4
number of added block clauses (accumulated) = 798
add block clauses time = 30.227us
increment time = 40.484us

CEGAR iteration...
cegar iteration = 181
sat solving time = 317.378us
number of subcycles found = 2
cycle lengths before merge (length:number) = {14: 1, 38: 1}
number of merge operations = 0
number of resulting cycles = 2
cycle lengths after merge (length:number) = {14: 1, 38: 1}
gb-trace iteration=181 subcycle id=C1 vertices=[a0,b0,0x0,0p0,1x0,0q0,0r1,0r0,0q1,1x1,z1,z0,z7,1x7,0q5,1x6,z6,z5,z4,1x4,0p3,1x3,z3,z2,1x2,0q2,0r2,0p2,0p1,0x1,b1,0x2,b2,0x3,b3,a3,a2,a1]
gb-trace iteration=181 subcycle id=C2 vertices=[a4,b4,0x4,0p4,0r4,0q3,1x5,0q4,0r3,0r5,0p5,0x5,b5,a5]
gb-trace iteration=181 resulting id=C1 vertices=[a0,b0,0x0,0p0,1x0,0q0,0r1,0r0,0q1,1x1,z1,z0,z7,1x7,0q5,1x6,z6,z5,z4,1x4,0p3,1x3,z3,z2,1x2,0q2,0r2,0p2,0p1,0x1,b1,0x2,b2,0x3,b3,a3,a2,a1]
gb-trace iteration=181 resulting id=C2 vertices=[a4,b4,0x4,0p4,0r4,0q3,1x5,0q4,0r3,0r5,0p5,0x5,b5,a5]
cut arcs by clause length (length:number) = {8: 4}
number of added block clauses (this increment) = 4
number of added block clauses (accumulated) = 802
add block clauses time = 28.510us
increment time = 345.888us

CEGAR iteration...
cegar iteration = 182
sat solving time = 446.530us
number of subcycles found = 2
cycle lengths before merge (length:number) = {20: 1, 32: 1}
number of merge operations = 0
number of resulting cycles = 2
cycle lengths after merge (length:number) = {20: 1, 32: 1}
gb-trace iteration=182 subcycle id=C1 vertices=[a0,b0,0x0,0p0,1x7,z7,z6,z5,1x5,0q3,1x4,z4,z3,1x3,0p3,0x3,b3,a3,a4,b4,0x4,0p4,0r4,0r3,0q4,1x6,0q5,0r5,0p5,0x5,b5,a5]
gb-trace iteration=182 subcycle id=C2 vertices=[a1,a2,b2,0x2,0p2,0r2,0q2,1x2,z2,z1,z0,1x0,0q0,1x1,0q1,0r0,0r1,0p1,0x1,b1]
gb-trace iteration=182 resulting id=C1 vertices=[a0,b0,0x0,0p0,1x7,z7,z6,z5,1x5,0q3,1x4,z4,z3,1x3,0p3,0x3,b3,a3,a4,b4,0x4,0p4,0r4,0r3,0q4,1x6,0q5,0r5,0p5,0x5,b5,a5]
gb-trace iteration=182 resulting id=C2 vertices=[a1,a2,b2,0x2,0p2,0r2,0q2,1x2,z2,z1,z0,1x0,0q0,1x1,0q1,0r0,0r1,0p1,0x1,b1]
cut arcs by clause length (length:number) = {8: 4}
number of added block clauses (this increment) = 4
number of added block clauses (accumulated) = 806
add block clauses time = 30.297us
increment time = 476.827us

CEGAR iteration...
cegar iteration = 183
sat solving time = 6.688us
number of subcycles found = 2
cycle lengths before merge (length:number) = {14: 1, 38: 1}
number of merge operations = 0
number of resulting cycles = 2
cycle lengths after merge (length:number) = {14: 1, 38: 1}
gb-trace iteration=183 subcycle id=C1 vertices=[a0,b0,0x0,0p0,1x7,z7,z6,z5,1x5,0q3,1x4,z4,z3,1x3,0p3,0x3,b3,a3,a2,b2,0x2,0p2,0r2,0q2,1x2,z2,z1,z0,1x0,0q0,1x1,0q1,0r0,0r1,0p1,0x1,b1,a1]
gb-trace iteration=183 subcycle id=C2 vertices=[a4,b4,0x4,0p4,0r4,0r3,0q4,1x6,0q5,0r5,0p5,0x5,b5,a5]
gb-trace iteration=183 resulting id=C1 vertices=[a0,b0,0x0,0p0,1x7,z7,z6,z5,1x5,0q3,1x4,z4,z3,1x3,0p3,0x3,b3,a3,a2,b2,0x2,0p2,0r2,0q2,1x2,z2,z1,z0,1x0,0q0,1x1,0q1,0r0,0r1,0p1,0x1,b1,a1]
gb-trace iteration=183 resulting id=C2 vertices=[a4,b4,0x4,0p4,0r4,0r3,0q4,1x6,0q5,0r5,0p5,0x5,b5,a5]
cut arcs by clause length (length:number) = {8: 4}
number of added block clauses (this increment) = 4
number of added block clauses (accumulated) = 810
add block clauses time = 29.580us
increment time = 36.268us

CEGAR iteration...
cegar iteration = 184
sat solving time = 178.099us
number of subcycles found = 3
cycle lengths before merge (length:number) = {8: 1, 14: 1, 30: 1}
number of merge operations = 0
number of resulting cycles = 3
cycle lengths after merge (length:number) = {8: 1, 14: 1, 30: 1}
gb-trace iteration=184 subcycle id=C1 vertices=[a0,b0,0x0,b5,a5,a4,a3,a2,b2,0x2,0p2,0r2,0q2,1x2,z2,z1,z0,z7,1x7,0p0,1x0,0q0,1x1,0q1,0r0,0r1,0p1,0x1,b1,a1]
gb-trace iteration=184 subcycle id=C2 vertices=[b3,0x4,b4,0x5,0p5,0p4,0r4,0q3,1x4,z4,z3,1x3,0p3,0x3]
gb-trace iteration=184 subcycle id=C3 vertices=[0r3,0r5,0q5,1x6,z6,z5,1x5,0q4]
gb-trace iteration=184 resulting id=C1 vertices=[a0,b0,0x0,b5,a5,a4,a3,a2,b2,0x2,0p2,0r2,0q2,1x2,z2,z1,z0,z7,1x7,0p0,1x0,0q0,1x1,0q1,0r0,0r1,0p1,0x1,b1,a1]
gb-trace iteration=184 resulting id=C2 vertices=[b3,0x4,b4,0x5,0p5,0p4,0r4,0q3,1x4,z4,z3,1x3,0p3,0x3]
gb-trace iteration=184 resulting id=C3 vertices=[0r3,0r5,0q5,1x6,z6,z5,1x5,0q4]
cut arcs by clause length (length:number) = {6: 2, 8: 2, 10: 2}
number of added block clauses (this increment) = 6
number of added block clauses (accumulated) = 816
add block clauses time = 38.995us
increment time = 217.094us

CEGAR iteration...
cegar iteration = 185
sat solving time = 52.211us
number of subcycles found = 2
cycle lengths before merge (length:number) = {8: 1, 44: 1}
number of merge operations = 0
number of resulting cycles = 2
cycle lengths after merge (length:number) = {8: 1, 44: 1}
gb-trace iteration=185 subcycle id=C1 vertices=[a0,b0,0x0,b5,0x5,b4,a4,a5]
gb-trace iteration=185 subcycle id=C2 vertices=[a1,a2,a3,b3,0x4,0p4,0p5,0r5,0q5,1x6,z6,z5,1x5,0q4,0r3,0r4,0q3,1x4,z4,z3,1x3,0p3,0x3,b2,0x2,0p2,0r2,0q2,1x2,z2,z1,z0,z7,1x7,0p0,1x0,0q0,1x1,0q1,0r0,0r1,0p1,0x1,b1]
gb-trace iteration=185 resulting id=C1 vertices=[a0,b0,0x0,b5,0x5,b4,a4,a5]
gb-trace iteration=185 resulting id=C2 vertices=[a1,a2,a3,b3,0x4,0p4,0p5,0r5,0q5,1x6,z6,z5,1x5,0q4,0r3,0r4,0q3,1x4,z4,z3,1x3,0p3,0x3,b2,0x2,0p2,0r2,0q2,1x2,z2,z1,z0,z7,1x7,0p0,1x0,0q0,1x1,0q1,0r0,0r1,0p1,0x1,b1]
cut arcs by clause length (length:number) = {6: 4}
number of added block clauses (this increment) = 4
number of added block clauses (accumulated) = 820
add block clauses time = 28.786us
increment time = 80.997us

CEGAR iteration...
cegar iteration = 186
sat solving time = 73.557us
number of subcycles found = 2
cycle lengths before merge (length:number) = {20: 1, 32: 1}
number of merge operations = 0
number of resulting cycles = 2
cycle lengths after merge (length:number) = {20: 1, 32: 1}
gb-trace iteration=186 subcycle id=C1 vertices=[a0,a1,b1,0x2,0p2,0r2,0q2,1x2,z2,z1,z0,1x0,0q0,1x1,0q1,0r0,0r1,0p1,0x1,b0]
gb-trace iteration=186 subcycle id=C2 vertices=[a2,a3,b3,0x4,0p4,0p5,0x5,b4,a4,a5,b5,0x0,0p0,1x7,z7,z6,z5,1x5,0q4,1x6,0q5,0r5,0r3,0r4,0q3,1x4,z4,z3,1x3,0p3,0x3,b2]
gb-trace iteration=186 resulting id=C1 vertices=[a0,a1,b1,0x2,0p2,0r2,0q2,1x2,z2,z1,z0,1x0,0q0,1x1,0q1,0r0,0r1,0p1,0x1,b0]
gb-trace iteration=186 resulting id=C2 vertices=[a2,a3,b3,0x4,0p4,0p5,0x5,b4,a4,a5,b5,0x0,0p0,1x7,z7,z6,z5,1x5,0q4,1x6,0q5,0r5,0r3,0r4,0q3,1x4,z4,z3,1x3,0p3,0x3,b2]
cut arcs by clause length (length:number) = {8: 4}
number of added block clauses (this increment) = 4
number of added block clauses (accumulated) = 824
add block clauses time = 28.474us
increment time = 102.031us

CEGAR iteration...
cegar iteration = 187
sat solving time = 319.248us
number of subcycles found = 2
cycle lengths before merge (length:number) = {20: 1, 32: 1}
number of merge operations = 0
number of resulting cycles = 2
cycle lengths after merge (length:number) = {20: 1, 32: 1}
gb-trace iteration=187 subcycle id=C1 vertices=[a0,a1,b1,0x2,0p2,0r2,0q2,1x2,z2,z1,z0,z7,1x7,0q5,0r5,0p5,0x5,b4,a4,a5,b5,0x0,0p0,1x0,0q0,1x1,0q1,0r0,0r1,0p1,0x1,b0]
gb-trace iteration=187 subcycle id=C2 vertices=[a2,a3,b3,0x4,0p4,0r4,0r3,0q4,1x6,z6,z5,1x5,0q3,1x4,z4,z3,1x3,0p3,0x3,b2]
gb-trace iteration=187 resulting id=C1 vertices=[a0,a1,b1,0x2,0p2,0r2,0q2,1x2,z2,z1,z0,z7,1x7,0q5,0r5,0p5,0x5,b4,a4,a5,b5,0x0,0p0,1x0,0q0,1x1,0q1,0r0,0r1,0p1,0x1,b0]
gb-trace iteration=187 resulting id=C2 vertices=[a2,a3,b3,0x4,0p4,0r4,0r3,0q4,1x6,z6,z5,1x5,0q3,1x4,z4,z3,1x3,0p3,0x3,b2]
cut arcs by clause length (length:number) = {10: 4}
number of added block clauses (this increment) = 4
number of added block clauses (accumulated) = 828
add block clauses time = 36.391us
increment time = 355.639us

CEGAR iteration...
cegar iteration = 188
sat solving time = 4.481us
number of subcycles found = 2
cycle lengths before merge (length:number) = {14: 1, 38: 1}
number of merge operations = 0
number of resulting cycles = 2
cycle lengths after merge (length:number) = {14: 1, 38: 1}
gb-trace iteration=188 subcycle id=C1 vertices=[a0,a1,b1,0x2,0p2,0r2,0q2,1x2,z2,z1,z0,z7,1x7,0q5,1x6,z6,z5,1x5,0q4,0r3,0r5,0p5,0x5,b4,a4,a5,b5,0x0,0p0,1x0,0q0,1x1,0q1,0r0,0r1,0p1,0x1,b0]
gb-trace iteration=188 subcycle id=C2 vertices=[a2,a3,b3,0x4,0p4,0r4,0q3,1x4,z4,z3,1x3,0p3,0x3,b2]
gb-trace iteration=188 resulting id=C1 vertices=[a0,a1,b1,0x2,0p2,0r2,0q2,1x2,z2,z1,z0,z7,1x7,0q5,1x6,z6,z5,1x5,0q4,0r3,0r5,0p5,0x5,b4,a4,a5,b5,0x0,0p0,1x0,0q0,1x1,0q1,0r0,0r1,0p1,0x1,b0]
gb-trace iteration=188 resulting id=C2 vertices=[a2,a3,b3,0x4,0p4,0r4,0q3,1x4,z4,z3,1x3,0p3,0x3,b2]
cut arcs by clause length (length:number) = {10: 4}
number of added block clauses (this increment) = 4
number of added block clauses (accumulated) = 832
add block clauses time = 29.768us
increment time = 34.249us

CEGAR iteration...
cegar iteration = 189
sat solving time = 203.253us
number of subcycles found = 3
cycle lengths before merge (length:number) = {12: 1, 20: 2}
number of merge operations = 0
number of resulting cycles = 3
cycle lengths after merge (length:number) = {12: 1, 20: 2}
gb-trace iteration=189 subcycle id=C1 vertices=[a0,a1,a2,b2,0x3,b3,a3,a4,a5,b5,0x0,b0]
gb-trace iteration=189 subcycle id=C2 vertices=[b1,0x2,0p2,0r2,0q2,1x2,z2,z1,z0,z7,1x7,0p0,1x0,0q0,1x1,0q1,0r0,0r1,0p1,0x1]
gb-trace iteration=189 subcycle id=C3 vertices=[b4,0x5,0p5,0r5,0q5,1x6,z6,z5,z4,z3,1x3,0p3,1x4,0q3,1x5,0q4,0r3,0r4,0p4,0x4]
gb-trace iteration=189 resulting id=C1 vertices=[a0,a1,a2,b2,0x3,b3,a3,a4,a5,b5,0x0,b0]
gb-trace iteration=189 resulting id=C2 vertices=[b1,0x2,0p2,0r2,0q2,1x2,z2,z1,z0,z7,1x7,0p0,1x0,0q0,1x1,0q1,0r0,0r1,0p1,0x1]
gb-trace iteration=189 resulting id=C3 vertices=[b4,0x5,0p5,0r5,0q5,1x6,z6,z5,z4,z3,1x3,0p3,1x4,0q3,1x5,0q4,0r3,0r4,0p4,0x4]
cut arcs by clause length (length:number) = {8: 6}
number of added block clauses (this increment) = 6
number of added block clauses (accumulated) = 838
add block clauses time = 33.230us
increment time = 236.483us

CEGAR iteration...
cegar iteration = 190
sat solving time = 95.205us
number of subcycles found = 2
cycle lengths before merge (length:number) = {26: 2}
number of merge operations = 0
number of resulting cycles = 2
cycle lengths after merge (length:number) = {26: 2}
gb-trace iteration=190 subcycle id=C1 vertices=[a0,b0,0x0,0p0,1x7,z7,z6,z5,z4,z3,1x3,0p3,1x4,0q3,1x5,0q4,1x6,0q5,0r5,0r3,0r4,0p4,0p5,0x5,b5,a5]
gb-trace iteration=190 subcycle id=C2 vertices=[a1,a2,a3,a4,b4,0x4,b3,0x3,b2,0x2,0p2,0r2,0q2,1x2,z2,z1,z0,1x0,0q0,1x1,0q1,0r0,0r1,0p1,0x1,b1]
gb-trace iteration=190 resulting id=C1 vertices=[a0,b0,0x0,0p0,1x7,z7,z6,z5,z4,z3,1x3,0p3,1x4,0q3,1x5,0q4,1x6,0q5,0r5,0r3,0r4,0p4,0p5,0x5,b5,a5]
gb-trace iteration=190 resulting id=C2 vertices=[a1,a2,a3,a4,b4,0x4,b3,0x3,b2,0x2,0p2,0r2,0q2,1x2,z2,z1,z0,1x0,0q0,1x1,0q1,0r0,0r1,0p1,0x1,b1]
cut arcs by clause length (length:number) = {10: 4}
number of added block clauses (this increment) = 4
number of added block clauses (accumulated) = 842
add block clauses time = 29.788us
increment time = 124.993us

CEGAR iteration...
cegar iteration = 191
sat solving time = 34.528us
number of subcycles found = 2
cycle lengths before merge (length:number) = {5: 1, 47: 1}
number of merge operations = 0
number of resulting cycles = 2
cycle lengths after merge (length:number) = {5: 1, 47: 1}
gb-trace iteration=191 subcycle id=C1 vertices=[a0,a5,b5,0x0,b0]
gb-trace iteration=191 subcycle id=C2 vertices=[a1,a2,a3,a4,b4,0x5,0p5,0r5,0q5,1x6,z6,z5,z4,z3,1x3,0p3,1x4,0q3,1x5,0q4,0r3,0r4,0p4,0x4,b3,0x3,b2,0x2,0p2,0r2,0q2,1x2,z2,z1,z0,z7,1x7,0p0,1x0,0q0,1x1,0q1,0r0,0r1,0p1,0x1,b1]
gb-trace iteration=191 resulting id=C1 vertices=[a0,a5,b5,0x0,b0]
gb-trace iteration=191 resulting id=C2 vertices=[a1,a2,a3,a4,b4,0x5,0p5,0r5,0q5,1x6,z6,z5,z4,z3,1x3,0p3,1x4,0q3,1x5,0q4,0r3,0r4,0p4,0x4,b3,0x3,b2,0x2,0p2,0r2,0q2,1x2,z2,z1,z0,z7,1x7,0p0,1x0,0q0,1x1,0q1,0r0,0r1,0p1,0x1,b1]
cut arcs by clause length (length:number) = {5: 4}
number of added block clauses (this increment) = 4
number of added block clauses (accumulated) = 846
add block clauses time = 27.664us
increment time = 62.192us

CEGAR iteration...
cegar iteration = 192
sat solving time = 8.338us
number of subcycles found = 2
cycle lengths before merge (length:number) = {26: 2}
number of merge operations = 0
number of resulting cycles = 2
cycle lengths after merge (length:number) = {26: 2}
gb-trace iteration=192 subcycle id=C1 vertices=[a0,a1,b1,0x2,0p2,0r2,0q2,1x2,z2,z1,z0,z7,1x7,0p0,1x0,0q0,1x1,0q1,0r0,0r1,0p1,0x1,b0,0x0,b5,a5]
gb-trace iteration=192 subcycle id=C2 vertices=[a2,a3,a4,b4,0x5,0p5,0r5,0q5,1x6,z6,z5,z4,z3,1x3,0p3,1x4,0q3,1x5,0q4,0r3,0r4,0p4,0x4,b3,0x3,b2]
gb-trace iteration=192 resulting id=C1 vertices=[a0,a1,b1,0x2,0p2,0r2,0q2,1x2,z2,z1,z0,z7,1x7,0p0,1x0,0q0,1x1,0q1,0r0,0r1,0p1,0x1,b0,0x0,b5,a5]
gb-trace iteration=192 resulting id=C2 vertices=[a2,a3,a4,b4,0x5,0p5,0r5,0q5,1x6,z6,z5,z4,z3,1x3,0p3,1x4,0q3,1x5,0q4,0r3,0r4,0p4,0x4,b3,0x3,b2]
cut arcs by clause length (length:number) = {8: 4}
number of added block clauses (this increment) = 4
number of added block clauses (accumulated) = 850
add block clauses time = 27.676us
increment time = 36.014us

CEGAR iteration...
cegar iteration = 193
sat solving time = 15.700us
number of subcycles found = 2
cycle lengths before merge (length:number) = {26: 2}
number of merge operations = 0
number of resulting cycles = 2
cycle lengths after merge (length:number) = {26: 2}
gb-trace iteration=193 subcycle id=C1 vertices=[a0,b0,0x0,b5,0x5,0p5,0r5,0q5,1x6,z6,z5,z4,z3,1x3,0p3,1x4,0q3,1x5,0q4,0r3,0r4,0p4,0x4,b4,a4,a5]
gb-trace iteration=193 subcycle id=C2 vertices=[a1,a2,a3,b3,0x3,b2,0x2,0p2,0r2,0q2,1x2,z2,z1,z0,z7,1x7,0p0,1x0,0q0,1x1,0q1,0r0,0r1,0p1,0x1,b1]
gb-trace iteration=193 resulting id=C1 vertices=[a0,b0,0x0,b5,0x5,0p5,0r5,0q5,1x6,z6,z5,z4,z3,1x3,0p3,1x4,0q3,1x5,0q4,0r3,0r4,0p4,0x4,b4,a4,a5]
gb-trace iteration=193 resulting id=C2 vertices=[a1,a2,a3,b3,0x3,b2,0x2,0p2,0r2,0q2,1x2,z2,z1,z0,z7,1x7,0p0,1x0,0q0,1x1,0q1,0r0,0r1,0p1,0x1,b1]
cut arcs by clause length (length:number) = {10: 4}
number of added block clauses (this increment) = 4
number of added block clauses (accumulated) = 854
add block clauses time = 26.958us
increment time = 42.658us

CEGAR iteration...
cegar iteration = 194
sat solving time = 527.237us
number of subcycles found = 3
cycle lengths before merge (length:number) = {5: 1, 21: 1, 26: 1}
number of merge operations = 0
number of resulting cycles = 3
cycle lengths after merge (length:number) = {5: 1, 21: 1, 26: 1}
gb-trace iteration=194 subcycle id=C1 vertices=[a0,a1,b1,0x1,0p1,0r1,0q0,1x1,0q1,0r0,0r2,0p2,0x2,b2,a2,a3,a4,a5,b5,0x0,b0]
gb-trace iteration=194 subcycle id=C2 vertices=[b3,0x3,0p3,1x4,z4,z3,1x3,0q2,1x2,z2,z1,z0,1x0,0p0,1x7,z7,z6,z5,1x5,0q3,0r4,0p4,0p5,0x5,b4,0x4]
gb-trace iteration=194 subcycle id=C3 vertices=[0r3,0r5,0q5,1x6,0q4]
gb-trace iteration=194 resulting id=C1 vertices=[a0,a1,b1,0x1,0p1,0r1,0q0,1x1,0q1,0r0,0r2,0p2,0x2,b2,a2,a3,a4,a5,b5,0x0,b0]
gb-trace iteration=194 resulting id=C2 vertices=[b3,0x3,0p3,1x4,z4,z3,1x3,0q2,1x2,z2,z1,z0,1x0,0p0,1x7,z7,z6,z5,1x5,0q3,0r4,0p4,0p5,0x5,b4,0x4]
gb-trace iteration=194 resulting id=C3 vertices=[0r3,0r5,0q5,1x6,0q4]
cut arcs by clause length (length:number) = {5: 2, 9: 2, 14: 2}
number of added block clauses (this increment) = 6
number of added block clauses (accumulated) = 860
add block clauses time = 37.953us
increment time = 565.190us

CEGAR iteration...
cegar iteration = 195
sat solving time = 21.410us
number of subcycles found = 3
cycle lengths before merge (length:number) = {11: 1, 14: 1, 27: 1}
number of merge operations = 0
number of resulting cycles = 3
cycle lengths after merge (length:number) = {11: 1, 14: 1, 27: 1}
gb-trace iteration=195 subcycle id=C1 vertices=[a0,a1,a2,b2,0x3,0p3,1x4,0q3,1x5,0q4,1x6,0q5,0r5,0r3,0r4,0p4,0p5,0x5,b4,0x4,b3,a3,a4,a5,b5,0x0,b0]
gb-trace iteration=195 subcycle id=C2 vertices=[b1,0x1,0p1,0r1,0q0,1x1,0q1,0r0,0r2,0p2,0x2]
gb-trace iteration=195 subcycle id=C3 vertices=[0p0,1x7,z7,z6,z5,z4,z3,1x3,0q2,1x2,z2,z1,z0,1x0]
gb-trace iteration=195 resulting id=C1 vertices=[a0,a1,a2,b2,0x3,0p3,1x4,0q3,1x5,0q4,1x6,0q5,0r5,0r3,0r4,0p4,0p5,0x5,b4,0x4,b3,a3,a4,a5,b5,0x0,b0]
gb-trace iteration=195 resulting id=C2 vertices=[b1,0x1,0p1,0r1,0q0,1x1,0q1,0r0,0r2,0p2,0x2]
gb-trace iteration=195 resulting id=C3 vertices=[0p0,1x7,z7,z6,z5,z4,z3,1x3,0q2,1x2,z2,z1,z0,1x0]
cut arcs by clause length (length:number) = {7: 2, 9: 2, 10: 2}
number of added block clauses (this increment) = 6
number of added block clauses (accumulated) = 866
add block clauses time = 36.912us
increment time = 58.322us

CEGAR iteration...
cegar iteration = 196
sat solving time = 48.821us
number of subcycles found = 2
cycle lengths before merge (length:number) = {20: 1, 32: 1}
number of merge operations = 0
number of resulting cycles = 2
cycle lengths after merge (length:number) = {20: 1, 32: 1}
gb-trace iteration=196 subcycle id=C1 vertices=[a0,a5,a4,b4,0x4,b3,a3,a2,a1,b1,0x1,0p1,0r1,0q0,1x1,0q1,0r0,0r2,0p2,0x2,b2,0x3,0p3,1x4,0q3,0r4,0p4,0p5,0x5,b5,0x0,b0]
gb-trace iteration=196 subcycle id=C2 vertices=[0p0,1x7,z7,z6,1x6,0q5,0r5,0r3,0q4,1x5,z5,z4,z3,1x3,0q2,1x2,z2,z1,z0,1x0]
gb-trace iteration=196 resulting id=C1 vertices=[a0,a5,a4,b4,0x4,b3,a3,a2,a1,b1,0x1,0p1,0r1,0q0,1x1,0q1,0r0,0r2,0p2,0x2,b2,0x3,0p3,1x4,0q3,0r4,0p4,0p5,0x5,b5,0x0,b0]
gb-trace iteration=196 resulting id=C2 vertices=[0p0,1x7,z7,z6,1x6,0q5,0r5,0r3,0q4,1x5,z5,z4,z3,1x3,0q2,1x2,z2,z1,z0,1x0]
cut arcs by clause length (length:number) = {10: 4}
number of added block clauses (this increment) = 4
number of added block clauses (accumulated) = 870
add block clauses time = 30.233us
increment time = 79.054us

CEGAR iteration...
cegar iteration = 197
sat solving time = 78.857us
number of subcycles found = 2
cycle lengths before merge (length:number) = {26: 2}
number of merge operations = 0
number of resulting cycles = 2
cycle lengths after merge (length:number) = {26: 2}
gb-trace iteration=197 subcycle id=C1 vertices=[a0,a1,b1,0x1,0p1,0r1,0r0,0r2,0p2,0x2,b2,a2,a3,b3,0x3,0p3,1x3,0q2,1x2,0q1,1x1,0q0,1x0,0p0,0x0,b0]
gb-trace iteration=197 subcycle id=C2 vertices=[a4,b4,0x4,0p4,0r4,0r3,0q4,1x6,z6,z5,1x5,0q3,1x4,z4,z3,z2,z1,z0,z7,1x7,0q5,0r5,0p5,0x5,b5,a5]
gb-trace iteration=197 resulting id=C1 vertices=[a0,a1,b1,0x1,0p1,0r1,0r0,0r2,0p2,0x2,b2,a2,a3,b3,0x3,0p3,1x3,0q2,1x2,0q1,1x1,0q0,1x0,0p0,0x0,b0]
gb-trace iteration=197 resulting id=C2 vertices=[a4,b4,0x4,0p4,0r4,0r3,0q4,1x6,z6,z5,1x5,0q3,1x4,z4,z3,z2,z1,z0,z7,1x7,0q5,0r5,0p5,0x5,b5,a5]
cut arcs by clause length (length:number) = {10: 4}
number of added block clauses (this increment) = 4
number of added block clauses (accumulated) = 874
add block clauses time = 29.970us
increment time = 108.827us

CEGAR iteration...
cegar iteration = 198
sat solving time = 56.836us
number of subcycles found = 2
cycle lengths before merge (length:number) = {20: 1, 32: 1}
number of merge operations = 0
number of resulting cycles = 2
cycle lengths after merge (length:number) = {20: 1, 32: 1}
gb-trace iteration=198 subcycle id=C1 vertices=[a0,a1,b1,0x1,0p1,0r1,0q0,1x1,0q1,0r0,0r2,0p2,0x2,b2,a2,a3,b3,0x3,0p3,1x4,z4,z3,1x3,0q2,1x2,z2,z1,z0,1x0,0p0,0x0,b0]
gb-trace iteration=198 subcycle id=C2 vertices=[a4,b4,0x4,0p4,0r4,0q3,1x5,z5,z6,z7,1x7,0q5,1x6,0q4,0r3,0r5,0p5,0x5,b5,a5]
gb-trace iteration=198 resulting id=C1 vertices=[a0,a1,b1,0x1,0p1,0r1,0q0,1x1,0q1,0r0,0r2,0p2,0x2,b2,a2,a3,b3,0x3,0p3,1x4,z4,z3,1x3,0q2,1x2,z2,z1,z0,1x0,0p0,0x0,b0]
gb-trace iteration=198 resulting id=C2 vertices=[a4,b4,0x4,0p4,0r4,0q3,1x5,z5,z6,z7,1x7,0q5,1x6,0q4,0r3,0r5,0p5,0x5,b5,a5]
cut arcs by clause length (length:number) = {8: 4}
number of added block clauses (this increment) = 4
number of added block clauses (accumulated) = 878
add block clauses time = 28.829us
increment time = 85.665us

CEGAR iteration...
cegar iteration = 199
sat solving time = 19.973us
number of subcycles found = 2
cycle lengths before merge (length:number) = {17: 1, 35: 1}
number of merge operations = 0
number of resulting cycles = 2
cycle lengths after merge (length:number) = {17: 1, 35: 1}
gb-trace iteration=199 subcycle id=C1 vertices=[a0,a1,b1,0x1,0p1,0r1,0q0,1x1,0q1,0r0,0r2,0p2,0x2,b2,a2,a3,b3,0x3,0p3,1x4,0q3,1x5,z5,z4,z3,1x3,0q2,1x2,z2,z1,z0,1x0,0p0,0x0,b0]
gb-trace iteration=199 subcycle id=C2 vertices=[a4,b4,0x4,0p4,0r4,0r3,0q4,1x6,z6,z7,1x7,0q5,0r5,0p5,0x5,b5,a5]
gb-trace iteration=199 resulting id=C1 vertices=[a0,a1,b1,0x1,0p1,0r1,0q0,1x1,0q1,0r0,0r2,0p2,0x2,b2,a2,a3,b3,0x3,0p3,1x4,0q3,1x5,z5,z4,z3,1x3,0q2,1x2,z2,z1,z0,1x0,0p0,0x0,b0]
gb-trace iteration=199 resulting id=C2 vertices=[a4,b4,0x4,0p4,0r4,0r3,0q4,1x6,z6,z7,1x7,0q5,0r5,0p5,0x5,b5,a5]
cut arcs by clause length (length:number) = {9: 4}
number of added block clauses (this increment) = 4
number of added block clauses (accumulated) = 882
add block clauses time = 30.205us
increment time = 50.178us

CEGAR iteration...
cegar iteration = 200
sat solving time = 103.791us
number of subcycles found = 2
cycle lengths before merge (length:number) = {20: 1, 32: 1}
number of merge operations = 0
number of resulting cycles = 2
cycle lengths after merge (length:number) = {20: 1, 32: 1}
gb-trace iteration=200 subcycle id=C1 vertices=[a0,b0,0x1,0p1,0r1,0q0,1x1,0q1,0r0,0r2,0p2,0x2,b1,a1,a2,b2,0x3,0p3,1x4,z4,z3,1x3,0q2,1x2,z2,z1,z0,1x0,0p0,0x0,b5,a5]
gb-trace iteration=200 subcycle id=C2 vertices=[a3,b3,0x4,0p4,0r4,0q3,1x5,z5,z6,z7,1x7,0q5,1x6,0q4,0r3,0r5,0p5,0x5,b4,a4]
gb-trace iteration=200 resulting id=C1 vertices=[a0,b0,0x1,0p1,0r1,0q0,1x1,0q1,0r0,0r2,0p2,0x2,b1,a1,a2,b2,0x3,0p3,1x4,z4,z3,1x3,0q2,1x2,z2,z1,z0,1x0,0p0,0x0,b5,a5]
gb-trace iteration=200 resulting id=C2 vertices=[a3,b3,0x4,0p4,0r4,0q3,1x5,z5,z6,z7,1x7,0q5,1x6,0q4,0r3,0r5,0p5,0x5,b4,a4]
cut arcs by clause length (length:number) = {8: 4}
number of added block clauses (this increment) = 4
number of added block clauses (accumulated) = 886
add block clauses time = 28.190us
increment time = 131.981us

CEGAR iteration...
cegar iteration = 201
sat solving time = 16.146us
number of subcycles found = 2
cycle lengths before merge (length:number) = {17: 1, 35: 1}
number of merge operations = 0
number of resulting cycles = 2
cycle lengths after merge (length:number) = {17: 1, 35: 1}
gb-trace iteration=201 subcycle id=C1 vertices=[a0,b0,0x1,0p1,0r1,0q0,1x1,0q1,0r0,0r2,0p2,0x2,b1,a1,a2,b2,0x3,0p3,1x4,0q3,1x5,z5,z4,z3,1x3,0q2,1x2,z2,z1,z0,1x0,0p0,0x0,b5,a5]
gb-trace iteration=201 subcycle id=C2 vertices=[a3,b3,0x4,0p4,0r4,0r3,0q4,1x6,z6,z7,1x7,0q5,0r5,0p5,0x5,b4,a4]
gb-trace iteration=201 resulting id=C1 vertices=[a0,b0,0x1,0p1,0r1,0q0,1x1,0q1,0r0,0r2,0p2,0x2,b1,a1,a2,b2,0x3,0p3,1x4,0q3,1x5,z5,z4,z3,1x3,0q2,1x2,z2,z1,z0,1x0,0p0,0x0,b5,a5]
gb-trace iteration=201 resulting id=C2 vertices=[a3,b3,0x4,0p4,0r4,0r3,0q4,1x6,z6,z7,1x7,0q5,0r5,0p5,0x5,b4,a4]
cut arcs by clause length (length:number) = {9: 4}
number of added block clauses (this increment) = 4
number of added block clauses (accumulated) = 890
add block clauses time = 27.914us
increment time = 44.060us

CEGAR iteration...
cegar iteration = 202
sat solving time = 35.206us
number of subcycles found = 2
cycle lengths before merge (length:number) = {26: 2}
number of merge operations = 0
number of resulting cycles = 2
cycle lengths after merge (length:number) = {26: 2}
gb-trace iteration=202 subcycle id=C1 vertices=[a0,b0,0x1,0p1,0r1,0r0,0r2,0p2,0x2,b1,a1,a2,b2,0x3,0p3,1x3,0q2,1x2,0q1,1x1,0q0,1x0,0p0,0x0,b5,a5]
gb-trace iteration=202 subcycle id=C2 vertices=[a3,b3,0x4,0p4,0r4,0r3,0q4,1x6,z6,z5,1x5,0q3,1x4,z4,z3,z2,z1,z0,z7,1x7,0q5,0r5,0p5,0x5,b4,a4]
gb-trace iteration=202 resulting id=C1 vertices=[a0,b0,0x1,0p1,0r1,0r0,0r2,0p2,0x2,b1,a1,a2,b2,0x3,0p3,1x3,0q2,1x2,0q1,1x1,0q0,1x0,0p0,0x0,b5,a5]
gb-trace iteration=202 resulting id=C2 vertices=[a3,b3,0x4,0p4,0r4,0r3,0q4,1x6,z6,z5,1x5,0q3,1x4,z4,z3,z2,z1,z0,z7,1x7,0q5,0r5,0p5,0x5,b4,a4]
cut arcs by clause length (length:number) = {10: 4}
number of added block clauses (this increment) = 4
number of added block clauses (accumulated) = 894
add block clauses time = 28.667us
increment time = 63.873us

CEGAR iteration...
cegar iteration = 203
sat solving time = 100.686us
number of subcycles found = 3
cycle lengths before merge (length:number) = {14: 1, 17: 1, 21: 1}
number of merge operations = 0
number of resulting cycles = 3
cycle lengths after merge (length:number) = {14: 1, 17: 1, 21: 1}
gb-trace iteration=203 subcycle id=C1 vertices=[a0,a1,a2,b2,0x3,b3,a3,a4,b4,0x4,0p4,0r4,0q3,1x5,0q4,0r3,0r5,0p5,0x5,b5,a5]
gb-trace iteration=203 subcycle id=C2 vertices=[b0,0x1,b1,0x2,0p2,0p1,0r1,0r0,0r2,0q2,1x2,0q1,1x1,0q0,1x0,0p0,0x0]
gb-trace iteration=203 subcycle id=C3 vertices=[0p3,1x3,z3,z2,z1,z0,z7,1x7,0q5,1x6,z6,z5,z4,1x4]
gb-trace iteration=203 resulting id=C1 vertices=[a0,a1,a2,b2,0x3,b3,a3,a4,b4,0x4,0p4,0r4,0q3,1x5,0q4,0r3,0r5,0p5,0x5,b5,a5]
gb-trace iteration=203 resulting id=C2 vertices=[b0,0x1,b1,0x2,0p2,0p1,0r1,0r0,0r2,0q2,1x2,0q1,1x1,0q0,1x0,0p0,0x0]
gb-trace iteration=203 resulting id=C3 vertices=[0p3,1x3,z3,z2,z1,z0,z7,1x7,0q5,1x6,z6,z5,z4,1x4]
cut arcs by clause length (length:number) = {9: 4, 10: 2}
number of added block clauses (this increment) = 6
number of added block clauses (accumulated) = 900
add block clauses time = 37.074us
increment time = 137.760us

CEGAR iteration...
cegar iteration = 204
sat solving time = 23.888us
number of subcycles found = 3
cycle lengths before merge (length:number) = {14: 1, 18: 1, 20: 1}
number of merge operations = 0
number of resulting cycles = 3
cycle lengths after merge (length:number) = {14: 1, 18: 1, 20: 1}
gb-trace iteration=204 subcycle id=C1 vertices=[a0,a1,a2,b2,0x3,b3,a3,a4,b4,0x4,0p4,0r4,0r3,0r5,0p5,0x5,b5,a5]
gb-trace iteration=204 subcycle id=C2 vertices=[b0,0x1,b1,0x2,0p2,0p1,0r1,0q0,1x1,0q1,0r0,0r2,0q2,1x2,z2,z1,z0,1x0,0p0,0x0]
gb-trace iteration=204 subcycle id=C3 vertices=[0p3,1x3,z3,z4,z5,z6,z7,1x7,0q5,1x6,0q4,1x5,0q3,1x4]
gb-trace iteration=204 resulting id=C1 vertices=[a0,a1,a2,b2,0x3,b3,a3,a4,b4,0x4,0p4,0r4,0r3,0r5,0p5,0x5,b5,a5]
gb-trace iteration=204 resulting id=C2 vertices=[b0,0x1,b1,0x2,0p2,0p1,0r1,0q0,1x1,0q1,0r0,0r2,0q2,1x2,z2,z1,z0,1x0,0p0,0x0]
gb-trace iteration=204 resulting id=C3 vertices=[0p3,1x3,z3,z4,z5,z6,z7,1x7,0q5,1x6,0q4,1x5,0q3,1x4]
cut arcs by clause length (length:number) = {8: 6}
number of added block clauses (this increment) = 6
number of added block clauses (accumulated) = 906
add block clauses time = 32.257us
increment time = 56.145us

CEGAR iteration...
cegar iteration = 205
sat solving time = 219.941us
number of subcycles found = 2
cycle lengths before merge (length:number) = {20: 1, 32: 1}
number of merge operations = 0
number of resulting cycles = 2
cycle lengths after merge (length:number) = {20: 1, 32: 1}
gb-trace iteration=205 subcycle id=C1 vertices=[a0,b0,0x1,b1,a1,a2,a3,a4,b4,0x5,0p5,0p4,0x4,b3,0x3,b2,0x2,0p2,0p1,0r1,0r0,0r2,0q2,1x2,0q1,1x1,0q0,1x0,0p0,0x0,b5,a5]
gb-trace iteration=205 subcycle id=C2 vertices=[0p3,1x3,z3,z2,z1,z0,z7,1x7,0q5,0r5,0r3,0r4,0q3,1x5,0q4,1x6,z6,z5,z4,1x4]
gb-trace iteration=205 resulting id=C1 vertices=[a0,b0,0x1,b1,a1,a2,a3,a4,b4,0x5,0p5,0p4,0x4,b3,0x3,b2,0x2,0p2,0p1,0r1,0r0,0r2,0q2,1x2,0q1,1x1,0q0,1x0,0p0,0x0,b5,a5]
gb-trace iteration=205 resulting id=C2 vertices=[0p3,1x3,z3,z2,z1,z0,z7,1x7,0q5,0r5,0r3,0r4,0q3,1x5,0q4,1x6,z6,z5,z4,1x4]
cut arcs by clause length (length:number) = {8: 4}
number of added block clauses (this increment) = 4
number of added block clauses (accumulated) = 910
add block clauses time = 30.822us
increment time = 250.763us

CEGAR iteration...
cegar iteration = 206
sat solving time = 19.337us
number of subcycles found = 2
cycle lengths before merge (length:number) = {17: 1, 35: 1}
number of merge operations = 0
number of resulting cycles = 2
cycle lengths after merge (length:number) = {17: 1, 35: 1}
gb-trace iteration=206 subcycle id=C1 vertices=[a0,b0,0x1,b1,a1,a2,a3,a4,b4,0x5,0p5,0p4,0x4,b3,0x3,b2,0x2,0p2,0p1,0r1,0q0,1x1,0q1,0r0,0r2,0q2,1x2,z2,z1,z0,1x0,0p0,0x0,b5,a5]
gb-trace iteration=206 subcycle id=C2 vertices=[0p3,1x3,z3,z4,z5,1x5,0q4,1x6,z6,z7,1x7,0q5,0r5,0r3,0r4,0q3,1x4]
gb-trace iteration=206 resulting id=C1 vertices=[a0,b0,0x1,b1,a1,a2,a3,a4,b4,0x5,0p5,0p4,0x4,b3,0x3,b2,0x2,0p2,0p1,0r1,0q0,1x1,0q1,0r0,0r2,0q2,1x2,z2,z1,z0,1x0,0p0,0x0,b5,a5]
gb-trace iteration=206 resulting id=C2 vertices=[0p3,1x3,z3,z4,z5,1x5,0q4,1x6,z6,z7,1x7,0q5,0r5,0r3,0r4,0q3,1x4]
cut arcs by clause length (length:number) = {7: 4}
number of added block clauses (this increment) = 4
number of added block clauses (accumulated) = 914
add block clauses time = 28.169us
increment time = 47.506us

CEGAR iteration...
cegar iteration = 207
sat solving time = 181.975us
number of subcycles found = 2
cycle lengths before merge (length:number) = {8: 1, 44: 1}
number of merge operations = 0
number of resulting cycles = 2
cycle lengths after merge (length:number) = {8: 1, 44: 1}
gb-trace iteration=207 subcycle id=C1 vertices=[a0,a1,b1,0x1,b0,0x0,b5,a5]
gb-trace iteration=207 subcycle id=C2 vertices=[a2,b2,0x2,0p2,0p1,0r1,0q0,1x1,0q1,0r0,0r2,0q2,1x2,z2,z1,z0,1x0,0p0,1x7,z7,z6,z5,1x5,0q4,1x6,0q5,0r5,0r3,0r4,0q3,1x4,z4,z3,1x3,0p3,0x3,b3,0x4,0p4,0p5,0x5,b4,a4,a3]
gb-trace iteration=207 resulting id=C1 vertices=[a0,a1,b1,0x1,b0,0x0,b5,a5]
gb-trace iteration=207 resulting id=C2 vertices=[a2,b2,0x2,0p2,0p1,0r1,0q0,1x1,0q1,0r0,0r2,0q2,1x2,z2,z1,z0,1x0,0p0,1x7,z7,z6,z5,1x5,0q4,1x6,0q5,0r5,0r3,0r4,0q3,1x4,z4,z3,1x3,0p3,0x3,b3,0x4,0p4,0p5,0x5,b4,a4,a3]
cut arcs by clause length (length:number) = {6: 4}
number of added block clauses (this increment) = 4
number of added block clauses (accumulated) = 918
add block clauses time = 30.944us
increment time = 212.919us

CEGAR iteration...
cegar iteration = 208
sat solving time = 19.631us
number of subcycles found = 2
cycle lengths before merge (length:number) = {14: 1, 38: 1}
number of merge operations = 0
number of resulting cycles = 2
cycle lengths after merge (length:number) = {14: 1, 38: 1}
gb-trace iteration=208 subcycle id=C1 vertices=[a0,a1,b1,0x1,b0,0x0,b5,0x5,0p5,0p4,0x4,b4,a4,a5]
gb-trace iteration=208 subcycle id=C2 vertices=[a2,b2,0x2,0p2,0p1,0r1,0q0,1x1,0q1,0r0,0r2,0q2,1x2,z2,z1,z0,1x0,0p0,1x7,z7,z6,z5,1x5,0q4,1x6,0q5,0r5,0r3,0r4,0q3,1x4,z4,z3,1x3,0p3,0x3,b3,a3]
gb-trace iteration=208 resulting id=C1 vertices=[a0,a1,b1,0x1,b0,0x0,b5,0x5,0p5,0p4,0x4,b4,a4,a5]
gb-trace iteration=208 resulting id=C2 vertices=[a2,b2,0x2,0p2,0p1,0r1,0q0,1x1,0q1,0r0,0r2,0q2,1x2,z2,z1,z0,1x0,0p0,1x7,z7,z6,z5,1x5,0q4,1x6,0q5,0r5,0r3,0r4,0q3,1x4,z4,z3,1x3,0p3,0x3,b3,a3]
cut arcs by clause length (length:number) = {8: 4}
number of added block clauses (this increment) = 4
number of added block clauses (accumulated) = 922
add block clauses time = 30.952us
increment time = 50.583us

CEGAR iteration...
cegar iteration = 209
sat solving time = 14.225us
number of subcycles found = 2
cycle lengths before merge (length:number) = {20: 1, 32: 1}
number of merge operations = 0
number of resulting cycles = 2
cycle lengths after merge (length:number) = {20: 1, 32: 1}
gb-trace iteration=209 subcycle id=C1 vertices=[a0,a1,b1,0x1,b0,0x0,b5,0x5,0p5,0r5,0q5,1x6,0q4,0r3,0r4,0p4,0x4,b4,a4,a5]
gb-trace iteration=209 subcycle id=C2 vertices=[a2,b2,0x2,0p2,0p1,0r1,0q0,1x1,0q1,0r0,0r2,0q2,1x2,z2,z1,z0,1x0,0p0,1x7,z7,z6,z5,1x5,0q3,1x4,z4,z3,1x3,0p3,0x3,b3,a3]
gb-trace iteration=209 resulting id=C1 vertices=[a0,a1,b1,0x1,b0,0x0,b5,0x5,0p5,0r5,0q5,1x6,0q4,0r3,0r4,0p4,0x4,b4,a4,a5]
gb-trace iteration=209 resulting id=C2 vertices=[a2,b2,0x2,0p2,0p1,0r1,0q0,1x1,0q1,0r0,0r2,0q2,1x2,z2,z1,z0,1x0,0p0,1x7,z7,z6,z5,1x5,0q3,1x4,z4,z3,1x3,0p3,0x3,b3,a3]
cut arcs by clause length (length:number) = {10: 4}
number of added block clauses (this increment) = 4
number of added block clauses (accumulated) = 926
add block clauses time = 27.676us
increment time = 41.901us

CEGAR iteration...
cegar iteration = 210
sat solving time = 584.264us
number of subcycles found = 3
cycle lengths before merge (length:number) = {5: 1, 21: 1, 26: 1}
number of merge operations = 0
number of resulting cycles = 3
cycle lengths after merge (length:number) = {5: 1, 21: 1, 26: 1}
gb-trace iteration=210 subcycle id=C1 vertices=[a0,a5,a4,a3,b3,0x3,b2,a2,a1,b1,0x2,0p2,0r2,0q2,1x2,0q1,0r0,0r1,0p1,0x1,b0]
gb-trace iteration=210 subcycle id=C2 vertices=[b4,0x5,b5,0x0,0p0,1x7,z7,z0,1x0,0q0,1x1,z1,z2,z3,1x3,0p3,1x4,z4,z5,z6,1x6,0q5,0r5,0p5,0p4,0x4]
gb-trace iteration=210 subcycle id=C3 vertices=[0q3,0r4,0r3,0q4,1x5]
gb-trace iteration=210 resulting id=C1 vertices=[a0,a5,a4,a3,b3,0x3,b2,a2,a1,b1,0x2,0p2,0r2,0q2,1x2,0q1,0r0,0r1,0p1,0x1,b0]
gb-trace iteration=210 resulting id=C2 vertices=[b4,0x5,b5,0x0,0p0,1x7,z7,z0,1x0,0q0,1x1,z1,z2,z3,1x3,0p3,1x4,z4,z5,z6,1x6,0q5,0r5,0p5,0p4,0x4]
gb-trace iteration=210 resulting id=C3 vertices=[0q3,0r4,0r3,0q4,1x5]
cut arcs by clause length (length:number) = {5: 2, 9: 2, 14: 2}
number of added block clauses (this increment) = 6
number of added block clauses (accumulated) = 932
add block clauses time = 40.724us
increment time = 624.988us

CEGAR iteration...
cegar iteration = 211
sat solving time = 166.986us
number of subcycles found = 2
cycle lengths before merge (length:number) = {26: 2}
number of merge operations = 0
number of resulting cycles = 2
cycle lengths after merge (length:number) = {26: 2}
gb-trace iteration=211 subcycle id=C1 vertices=[a0,b0,0x1,b1,0x2,0p2,0p1,0r1,0r0,0r2,0q2,1x2,0q1,1x1,0q0,1x0,z0,z1,z2,z3,1x3,0p3,0x3,b2,a2,a1]
gb-trace iteration=211 subcycle id=C2 vertices=[a3,a4,a5,b5,0x0,0p0,1x7,z7,z6,z5,z4,1x4,0q3,1x5,0q4,1x6,0q5,0r5,0r3,0r4,0p4,0p5,0x5,b4,0x4,b3]
gb-trace iteration=211 resulting id=C1 vertices=[a0,b0,0x1,b1,0x2,0p2,0p1,0r1,0r0,0r2,0q2,1x2,0q1,1x1,0q0,1x0,z0,z1,z2,z3,1x3,0p3,0x3,b2,a2,a1]
gb-trace iteration=211 resulting id=C2 vertices=[a3,a4,a5,b5,0x0,0p0,1x7,z7,z6,z5,z4,1x4,0q3,1x5,0q4,1x6,0q5,0r5,0r3,0r4,0p4,0p5,0x5,b4,0x4,b3]
cut arcs by clause length (length:number) = {8: 4}
number of added block clauses (this increment) = 4
number of added block clauses (accumulated) = 936
add block clauses time = 31.614us
increment time = 198.600us

CEGAR iteration...
cegar iteration = 212
sat solving time = 564.436us
number of subcycles found = 2
cycle lengths before merge (length:number) = {14: 1, 38: 1}
number of merge operations = 0
number of resulting cycles = 2
cycle lengths after merge (length:number) = {14: 1, 38: 1}
gb-trace iteration=212 subcycle id=C1 vertices=[a0,a1,b1,0x2,0p2,0r2,0q2,1x2,0q1,0r0,0r1,0p1,0x1,b0]
gb-trace iteration=212 subcycle id=C2 vertices=[a2,a3,a4,a5,b5,0x0,0p0,1x7,z7,z0,1x0,0q0,1x1,z1,z2,z3,1x3,0p3,1x4,z4,z5,z6,1x6,0q5,0r5,0r3,0q4,1x5,0q3,0r4,0p4,0p5,0x5,b4,0x4,b3,0x3,b2]
gb-trace iteration=212 resulting id=C1 vertices=[a0,a1,b1,0x2,0p2,0r2,0q2,1x2,0q1,0r0,0r1,0p1,0x1,b0]
gb-trace iteration=212 resulting id=C2 vertices=[a2,a3,a4,a5,b5,0x0,0p0,1x7,z7,z0,1x0,0q0,1x1,z1,z2,z3,1x3,0p3,1x4,z4,z5,z6,1x6,0q5,0r5,0r3,0q4,1x5,0q3,0r4,0p4,0p5,0x5,b4,0x4,b3,0x3,b2]
cut arcs by clause length (length:number) = {8: 4}
number of added block clauses (this increment) = 4
number of added block clauses (accumulated) = 940
add block clauses time = 32.568us
increment time = 597.004us

CEGAR iteration...
cegar iteration = 213
sat solving time = 196.900us
number of subcycles found = 2
cycle lengths before merge (length:number) = {20: 1, 32: 1}
number of merge operations = 0
number of resulting cycles = 2
cycle lengths after merge (length:number) = {20: 1, 32: 1}
gb-trace iteration=213 subcycle id=C1 vertices=[a0,a1,b1,0x2,0p2,0p1,0x1,b0,0x0,0p0,1x7,0q5,1x6,0q4,1x5,0q3,0r4,0r3,0r5,0p5,0p4,0x4,b3,0x3,b2,a2,a3,a4,b4,0x5,b5,a5]
gb-trace iteration=213 subcycle id=C2 vertices=[0q0,0r1,0r0,0r2,0q2,1x2,0q1,1x1,z1,z2,z3,1x3,0p3,1x4,z4,z5,z6,z7,z0,1x0]
gb-trace iteration=213 resulting id=C1 vertices=[a0,a1,b1,0x2,0p2,0p1,0x1,b0,0x0,0p0,1x7,0q5,1x6,0q4,1x5,0q3,0r4,0r3,0r5,0p5,0p4,0x4,b3,0x3,b2,a2,a3,a4,b4,0x5,b5,a5]
gb-trace iteration=213 resulting id=C2 vertices=[0q0,0r1,0r0,0r2,0q2,1x2,0q1,1x1,z1,z2,z3,1x3,0p3,1x4,z4,z5,z6,z7,z0,1x0]
cut arcs by clause length (length:number) = {8: 4}
number of added block clauses (this increment) = 4
number of added block clauses (accumulated) = 944
add block clauses time = 33.785us
increment time = 230.685us

CEGAR iteration...
cegar iteration = 214
sat solving time = 11.363us
number of subcycles found = 2
cycle lengths before merge (length:number) = {26: 2}
number of merge operations = 0
number of resulting cycles = 2
cycle lengths after merge (length:number) = {26: 2}
gb-trace iteration=214 subcycle id=C1 vertices=[a0,a1,b1,0x2,0p2,0p1,0x1,b0,0x0,0p0,1x7,0q5,0r5,0p5,0p4,0x4,b3,0x3,b2,a2,a3,a4,b4,0x5,b5,a5]
gb-trace iteration=214 subcycle id=C2 vertices=[0q0,0r1,0r0,0r2,0q2,1x2,0q1,1x1,z1,z2,z3,1x3,0p3,1x4,z4,z5,1x5,0q3,0r4,0r3,0q4,1x6,z6,z7,z0,1x0]
gb-trace iteration=214 resulting id=C1 vertices=[a0,a1,b1,0x2,0p2,0p1,0x1,b0,0x0,0p0,1x7,0q5,0r5,0p5,0p4,0x4,b3,0x3,b2,a2,a3,a4,b4,0x5,b5,a5]
gb-trace iteration=214 resulting id=C2 vertices=[0q0,0r1,0r0,0r2,0q2,1x2,0q1,1x1,z1,z2,z3,1x3,0p3,1x4,z4,z5,1x5,0q3,0r4,0r3,0q4,1x6,z6,z7,z0,1x0]
cut arcs by clause length (length:number) = {8: 4}
number of added block clauses (this increment) = 4
number of added block clauses (accumulated) = 948
add block clauses time = 30.635us
increment time = 41.998us

CEGAR iteration...
cegar iteration = 215
sat solving time = 166.710us
number of subcycles found = 2
cycle lengths before merge (length:number) = {17: 1, 35: 1}
number of merge operations = 0
number of resulting cycles = 2
cycle lengths after merge (length:number) = {17: 1, 35: 1}
gb-trace iteration=215 subcycle id=C1 vertices=[a0,a5,b5,0x0,0p0,1x7,z7,z0,1x0,0q0,0r1,0r0,0r2,0p2,0p1,0x1,b0]
gb-trace iteration=215 subcycle id=C2 vertices=[a1,b1,0x2,b2,0x3,b3,0x4,0p4,0r4,0r3,0q4,1x5,0q3,1x4,0p3,1x3,0q2,1x2,0q1,1x1,z1,z2,z3,z4,z5,z6,1x6,0q5,0r5,0p5,0x5,b4,a4,a3,a2]
gb-trace iteration=215 resulting id=C1 vertices=[a0,a5,b5,0x0,0p0,1x7,z7,z0,1x0,0q0,0r1,0r0,0r2,0p2,0p1,0x1,b0]
gb-trace iteration=215 resulting id=C2 vertices=[a1,b1,0x2,b2,0x3,b3,0x4,0p4,0r4,0r3,0q4,1x5,0q3,1x4,0p3,1x3,0q2,1x2,0q1,1x1,z1,z2,z3,z4,z5,z6,1x6,0q5,0r5,0p5,0x5,b4,a4,a3,a2]
cut arcs by clause length (length:number) = {11: 4}
number of added block clauses (this increment) = 4
number of added block clauses (accumulated) = 952
add block clauses time = 31.505us
increment time = 198.215us

CEGAR iteration...
cegar iteration = 216
sat solving time = 13.933us
number of subcycles found = 2
cycle lengths before merge (length:number) = {23: 1, 29: 1}
number of merge operations = 0
number of resulting cycles = 2
cycle lengths after merge (length:number) = {23: 1, 29: 1}
gb-trace iteration=216 subcycle id=C1 vertices=[a0,b0,0x0,0p0,1x7,z7,z0,1x0,0q0,0r1,0r0,0r2,0p2,0p1,0x1,b1,0x2,b2,0x3,b3,a3,a2,a1]
gb-trace iteration=216 subcycle id=C2 vertices=[a4,b4,0x4,0p4,0r4,0r3,0q4,1x5,0q3,1x4,0p3,1x3,0q2,1x2,0q1,1x1,z1,z2,z3,z4,z5,z6,1x6,0q5,0r5,0p5,0x5,b5,a5]
gb-trace iteration=216 resulting id=C1 vertices=[a0,b0,0x0,0p0,1x7,z7,z0,1x0,0q0,0r1,0r0,0r2,0p2,0p1,0x1,b1,0x2,b2,0x3,b3,a3,a2,a1]
gb-trace iteration=216 resulting id=C2 vertices=[a4,b4,0x4,0p4,0r4,0r3,0q4,1x5,0q3,1x4,0p3,1x3,0q2,1x2,0q1,1x1,z1,z2,z3,z4,z5,z6,1x6,0q5,0r5,0p5,0x5,b5,a5]
cut arcs by clause length (length:number) = {11: 4}
number of added block clauses (this increment) = 4
number of added block clauses (accumulated) = 956
add block clauses time = 31.212us
increment time = 45.145us

CEGAR iteration...
cegar iteration = 217
sat solving time = 31.683us
number of subcycles found = 2
cycle lengths before merge (length:number) = {26: 2}
number of merge operations = 0
number of resulting cycles = 2
cycle lengths after merge (length:number) = {26: 2}
gb-trace iteration=217 subcycle id=C1 vertices=[a0,b0,0x0,0p0,1x7,0q5,1x6,z6,z7,z0,1x0,0q0,0r1,0r0,0r2,0p2,0p1,0x1,b1,0x2,b2,0x3,b3,a3,a2,a1]
gb-trace iteration=217 subcycle id=C2 vertices=[a4,b4,0x4,0p4,0r4,0q3,1x4,0p3,1x3,0q2,1x2,0q1,1x1,z1,z2,z3,z4,z5,1x5,0q4,0r3,0r5,0p5,0x5,b5,a5]
gb-trace iteration=217 resulting id=C1 vertices=[a0,b0,0x0,0p0,1x7,0q5,1x6,z6,z7,z0,1x0,0q0,0r1,0r0,0r2,0p2,0p1,0x1,b1,0x2,b2,0x3,b3,a3,a2,a1]
gb-trace iteration=217 resulting id=C2 vertices=[a4,b4,0x4,0p4,0r4,0q3,1x4,0p3,1x3,0q2,1x2,0q1,1x1,z1,z2,z3,z4,z5,1x5,0q4,0r3,0r5,0p5,0x5,b5,a5]
cut arcs by clause length (length:number) = {12: 4}
number of added block clauses (this increment) = 4
number of added block clauses (accumulated) = 960
add block clauses time = 30.312us
increment time = 61.995us

CEGAR iteration...
cegar iteration = 218
sat solving time = 46.768us
number of subcycles found = 2
cycle lengths before merge (length:number) = {20: 1, 32: 1}
number of merge operations = 0
number of resulting cycles = 2
cycle lengths after merge (length:number) = {20: 1, 32: 1}
gb-trace iteration=218 subcycle id=C1 vertices=[a0,a5,b5,0x0,0p0,1x7,0q5,1x6,z6,z7,z0,1x0,0q0,0r1,0r0,0r2,0p2,0p1,0x1,b0]
gb-trace iteration=218 subcycle id=C2 vertices=[a1,b1,0x2,b2,0x3,b3,0x4,0p4,0r4,0q3,1x4,0p3,1x3,0q2,1x2,0q1,1x1,z1,z2,z3,z4,z5,1x5,0q4,0r3,0r5,0p5,0x5,b4,a4,a3,a2]
gb-trace iteration=218 resulting id=C1 vertices=[a0,a5,b5,0x0,0p0,1x7,0q5,1x6,z6,z7,z0,1x0,0q0,0r1,0r0,0r2,0p2,0p1,0x1,b0]
gb-trace iteration=218 resulting id=C2 vertices=[a1,b1,0x2,b2,0x3,b3,0x4,0p4,0r4,0q3,1x4,0p3,1x3,0q2,1x2,0q1,1x1,z1,z2,z3,z4,z5,1x5,0q4,0r3,0r5,0p5,0x5,b4,a4,a3,a2]
cut arcs by clause length (length:number) = {12: 4}
number of added block clauses (this increment) = 4
number of added block clauses (accumulated) = 964
add block clauses time = 32.615us
increment time = 79.383us

CEGAR iteration...
cegar iteration = 219
sat solving time = 103.675us
number of subcycles found = 2
cycle lengths before merge (length:number) = {20: 1, 32: 1}
number of merge operations = 0
number of resulting cycles = 2
cycle lengths after merge (length:number) = {20: 1, 32: 1}
gb-trace iteration=219 subcycle id=C1 vertices=[a0,b0,0x0,0p0,1x7,0q5,1x6,z6,z7,z0,1x0,0q0,0r1,0r0,0q1,1x1,z1,z2,1x2,0q2,0r2,0p2,0p1,0x1,b1,0x2,b2,0x3,b3,a3,a2,a1]
gb-trace iteration=219 subcycle id=C2 vertices=[a4,b4,0x4,0p4,0r4,0q3,1x4,0p3,1x3,z3,z4,z5,1x5,0q4,0r3,0r5,0p5,0x5,b5,a5]
gb-trace iteration=219 resulting id=C1 vertices=[a0,b0,0x0,0p0,1x7,0q5,1x6,z6,z7,z0,1x0,0q0,0r1,0r0,0q1,1x1,z1,z2,1x2,0q2,0r2,0p2,0p1,0x1,b1,0x2,b2,0x3,b3,a3,a2,a1]
gb-trace iteration=219 resulting id=C2 vertices=[a4,b4,0x4,0p4,0r4,0q3,1x4,0p3,1x3,z3,z4,z5,1x5,0q4,0r3,0r5,0p5,0x5,b5,a5]
cut arcs by clause length (length:number) = {10: 4}
number of added block clauses (this increment) = 4
number of added block clauses (accumulated) = 968
add block clauses time = 29.278us
increment time = 132.953us

CEGAR iteration...
cegar iteration = 220
sat solving time = 33.724us
number of subcycles found = 2
cycle lengths before merge (length:number) = {23: 1, 29: 1}
number of merge operations = 0
number of resulting cycles = 2
cycle lengths after merge (length:number) = {23: 1, 29: 1}
gb-trace iteration=220 subcycle id=C1 vertices=[a0,b0,0x0,0p0,1x7,z7,z0,1x0,0q0,0r1,0r0,0q1,1x1,z1,z2,1x2,0q2,0r2,0p2,0p1,0x1,b1,0x2,b2,0x3,b3,a3,a2,a1]
gb-trace iteration=220 subcycle id=C2 vertices=[a4,b4,0x4,0p4,0r4,0r3,0q4,1x5,0q3,1x4,0p3,1x3,z3,z4,z5,z6,1x6,0q5,0r5,0p5,0x5,b5,a5]
gb-trace iteration=220 resulting id=C1 vertices=[a0,b0,0x0,0p0,1x7,z7,z0,1x0,0q0,0r1,0r0,0q1,1x1,z1,z2,1x2,0q2,0r2,0p2,0p1,0x1,b1,0x2,b2,0x3,b3,a3,a2,a1]
gb-trace iteration=220 resulting id=C2 vertices=[a4,b4,0x4,0p4,0r4,0r3,0q4,1x5,0q3,1x4,0p3,1x3,z3,z4,z5,z6,1x6,0q5,0r5,0p5,0x5,b5,a5]
cut arcs by clause length (length:number) = {9: 4}
number of added block clauses (this increment) = 4
number of added block clauses (accumulated) = 972
add block clauses time = 29.537us
increment time = 63.261us

CEGAR iteration...
cegar iteration = 221
sat solving time = 23.511us
number of subcycles found = 2
cycle lengths before merge (length:number) = {23: 1, 29: 1}
number of merge operations = 0
number of resulting cycles = 2
cycle lengths after merge (length:number) = {23: 1, 29: 1}
gb-trace iteration=221 subcycle id=C1 vertices=[a0,a5,b5,0x0,0p0,1x7,z7,z0,1x0,0q0,0r1,0r0,0q1,1x1,z1,z2,1x2,0q2,0r2,0p2,0p1,0x1,b0]
gb-trace iteration=221 subcycle id=C2 vertices=[a1,b1,0x2,b2,0x3,b3,0x4,0p4,0r4,0r3,0q4,1x5,0q3,1x4,0p3,1x3,z3,z4,z5,z6,1x6,0q5,0r5,0p5,0x5,b4,a4,a3,a2]
gb-trace iteration=221 resulting id=C1 vertices=[a0,a5,b5,0x0,0p0,1x7,z7,z0,1x0,0q0,0r1,0r0,0q1,1x1,z1,z2,1x2,0q2,0r2,0p2,0p1,0x1,b0]
gb-trace iteration=221 resulting id=C2 vertices=[a1,b1,0x2,b2,0x3,b3,0x4,0p4,0r4,0r3,0q4,1x5,0q3,1x4,0p3,1x3,z3,z4,z5,z6,1x6,0q5,0r5,0p5,0x5,b4,a4,a3,a2]
cut arcs by clause length (length:number) = {9: 4}
number of added block clauses (this increment) = 4
number of added block clauses (accumulated) = 976
add block clauses time = 28.390us
increment time = 51.901us

CEGAR iteration...
cegar iteration = 222
sat solving time = 52.967us
number of subcycles found = 2
cycle lengths before merge (length:number) = {26: 2}
number of merge operations = 0
number of resulting cycles = 2
cycle lengths after merge (length:number) = {26: 2}
gb-trace iteration=222 subcycle id=C1 vertices=[a0,a5,b5,0x0,0p0,1x7,0q5,1x6,z6,z7,z0,1x0,0q0,0r1,0r0,0q1,1x1,z1,z2,1x2,0q2,0r2,0p2,0p1,0x1,b0]
gb-trace iteration=222 subcycle id=C2 vertices=[a1,b1,0x2,b2,0x3,b3,0x4,0p4,0r4,0q3,1x4,0p3,1x3,z3,z4,z5,1x5,0q4,0r3,0r5,0p5,0x5,b4,a4,a3,a2]
gb-trace iteration=222 resulting id=C1 vertices=[a0,a5,b5,0x0,0p0,1x7,0q5,1x6,z6,z7,z0,1x0,0q0,0r1,0r0,0q1,1x1,z1,z2,1x2,0q2,0r2,0p2,0p1,0x1,b0]
gb-trace iteration=222 resulting id=C2 vertices=[a1,b1,0x2,b2,0x3,b3,0x4,0p4,0r4,0q3,1x4,0p3,1x3,z3,z4,z5,1x5,0q4,0r3,0r5,0p5,0x5,b4,a4,a3,a2]
cut arcs by clause length (length:number) = {10: 4}
number of added block clauses (this increment) = 4
number of added block clauses (accumulated) = 980
add block clauses time = 31.080us
increment time = 84.047us

CEGAR iteration...
cegar iteration = 223
sat solving time = 227.077us
number of subcycles found = 2
cycle lengths before merge (length:number) = {23: 1, 29: 1}
number of merge operations = 0
number of resulting cycles = 2
cycle lengths after merge (length:number) = {23: 1, 29: 1}
gb-trace iteration=223 subcycle id=C1 vertices=[a0,a5,a4,b4,0x4,0p4,0r4,0q3,1x4,0p3,1x3,z3,z4,z5,1x5,0q4,0r3,0r5,0p5,0x5,b5,0x0,b0]
gb-trace iteration=223 subcycle id=C2 vertices=[a1,b1,0x1,0p1,0r1,0r0,0q1,1x1,0q0,1x0,0p0,1x7,0q5,1x6,z6,z7,z0,z1,z2,1x2,0q2,0r2,0p2,0x2,b2,0x3,b3,a3,a2]
gb-trace iteration=223 resulting id=C1 vertices=[a0,a5,a4,b4,0x4,0p4,0r4,0q3,1x4,0p3,1x3,z3,z4,z5,1x5,0q4,0r3,0r5,0p5,0x5,b5,0x0,b0]
gb-trace iteration=223 resulting id=C2 vertices=[a1,b1,0x1,0p1,0r1,0r0,0q1,1x1,0q0,1x0,0p0,1x7,0q5,1x6,z6,z7,z0,z1,z2,1x2,0q2,0r2,0p2,0x2,b2,0x3,b3,a3,a2]
cut arcs by clause length (length:number) = {11: 4}
number of added block clauses (this increment) = 4
number of added block clauses (accumulated) = 984
add block clauses time = 32.660us
increment time = 259.737us

CEGAR iteration...
cegar iteration = 224
sat solving time = 42.686us
number of subcycles found = 2
cycle lengths before merge (length:number) = {23: 1, 29: 1}
number of merge operations = 0
number of resulting cycles = 2
cycle lengths after merge (length:number) = {23: 1, 29: 1}
gb-trace iteration=224 subcycle id=C1 vertices=[a0,a5,b5,0x0,b0,0x1,0p1,0r1,0r0,0q1,1x1,0q0,1x0,0p0,1x7,0q5,1x6,z6,z7,z0,z1,z2,1x2,0q2,0r2,0p2,0x2,b1,a1]
gb-trace iteration=224 subcycle id=C2 vertices=[a2,b2,0x3,b3,0x4,0p4,0r4,0q3,1x4,0p3,1x3,z3,z4,z5,1x5,0q4,0r3,0r5,0p5,0x5,b4,a4,a3]
gb-trace iteration=224 resulting id=C1 vertices=[a0,a5,b5,0x0,b0,0x1,0p1,0r1,0r0,0q1,1x1,0q0,1x0,0p0,1x7,0q5,1x6,z6,z7,z0,z1,z2,1x2,0q2,0r2,0p2,0x2,b1,a1]
gb-trace iteration=224 resulting id=C2 vertices=[a2,b2,0x3,b3,0x4,0p4,0r4,0q3,1x4,0p3,1x3,z3,z4,z5,1x5,0q4,0r3,0r5,0p5,0x5,b4,a4,a3]
cut arcs by clause length (length:number) = {9: 4}
number of added block clauses (this increment) = 4
number of added block clauses (accumulated) = 988
add block clauses time = 29.980us
increment time = 72.666us

CEGAR iteration...
cegar iteration = 225
sat solving time = 513.555us
number of subcycles found = 2
cycle lengths before merge (length:number) = {20: 1, 32: 1}
number of merge operations = 0
number of resulting cycles = 2
cycle lengths after merge (length:number) = {20: 1, 32: 1}
gb-trace iteration=225 subcycle id=C1 vertices=[a0,a1,b1,0x2,0p2,0r2,0q2,1x3,0p3,1x4,z4,z3,z2,1x2,0q1,0r0,0r1,0p1,0x1,b0,0x0,b5,0x5,b4,0x4,b3,0x3,b2,a2,a3,a4,a5]
gb-trace iteration=225 subcycle id=C2 vertices=[0p0,1x7,0q5,1x6,0q4,0r3,0r5,0p5,0p4,0r4,0q3,1x5,z5,z6,z7,z0,z1,1x1,0q0,1x0]
gb-trace iteration=225 resulting id=C1 vertices=[a0,a1,b1,0x2,0p2,0r2,0q2,1x3,0p3,1x4,z4,z3,z2,1x2,0q1,0r0,0r1,0p1,0x1,b0,0x0,b5,0x5,b4,0x4,b3,0x3,b2,a2,a3,a4,a5]
gb-trace iteration=225 resulting id=C2 vertices=[0p0,1x7,0q5,1x6,0q4,0r3,0r5,0p5,0p4,0r4,0q3,1x5,z5,z6,z7,z0,z1,1x1,0q0,1x0]
cut arcs by clause length (length:number) = {8: 4}
number of added block clauses (this increment) = 4
number of added block clauses (accumulated) = 992
add block clauses time = 30.968us
increment time = 544.523us

CEGAR iteration...
cegar iteration = 226
sat solving time = 14.740us
number of subcycles found = 2
cycle lengths before merge (length:number) = {17: 1, 35: 1}
number of merge operations = 0
number of resulting cycles = 2
cycle lengths after merge (length:number) = {17: 1, 35: 1}
gb-trace iteration=226 subcycle id=C1 vertices=[a0,a1,b1,0x2,0p2,0r2,0q2,1x3,0p3,1x4,0q3,1x5,z5,z4,z3,z2,1x2,0q1,0r0,0r1,0p1,0x1,b0,0x0,b5,0x5,b4,0x4,b3,0x3,b2,a2,a3,a4,a5]
gb-trace iteration=226 subcycle id=C2 vertices=[0p0,1x7,0q5,0r5,0p5,0p4,0r4,0r3,0q4,1x6,z6,z7,z0,z1,1x1,0q0,1x0]
gb-trace iteration=226 resulting id=C1 vertices=[a0,a1,b1,0x2,0p2,0r2,0q2,1x3,0p3,1x4,0q3,1x5,z5,z4,z3,z2,1x2,0q1,0r0,0r1,0p1,0x1,b0,0x0,b5,0x5,b4,0x4,b3,0x3,b2,a2,a3,a4,a5]
gb-trace iteration=226 resulting id=C2 vertices=[0p0,1x7,0q5,0r5,0p5,0p4,0r4,0r3,0q4,1x6,z6,z7,z0,z1,1x1,0q0,1x0]
cut arcs by clause length (length:number) = {9: 4}
number of added block clauses (this increment) = 4
number of added block clauses (accumulated) = 996
add block clauses time = 30.109us
increment time = 44.849us

CEGAR iteration...
cegar iteration = 227
sat solving time = 186.561us
number of subcycles found = 2
cycle lengths before merge (length:number) = {20: 1, 32: 1}
number of merge operations = 0
number of resulting cycles = 2
cycle lengths after merge (length:number) = {20: 1, 32: 1}
gb-trace iteration=227 subcycle id=C1 vertices=[a0,a5,a4,a3,a2,a1,b1,0x1,0p1,0r1,0q0,1x0,0p0,1x7,z7,z0,z1,1x1,0q1,0r0,0r2,0p2,0x2,b2,0x3,b3,0x4,b4,0x5,b5,0x0,b0]
gb-trace iteration=227 subcycle id=C2 vertices=[0q2,1x2,z2,z3,z4,z5,z6,1x6,0q5,0r5,0p5,0p4,0r4,0r3,0q4,1x5,0q3,1x4,0p3,1x3]
gb-trace iteration=227 resulting id=C1 vertices=[a0,a5,a4,a3,a2,a1,b1,0x1,0p1,0r1,0q0,1x0,0p0,1x7,z7,z0,z1,1x1,0q1,0r0,0r2,0p2,0x2,b2,0x3,b3,0x4,b4,0x5,b5,0x0,b0]
gb-trace iteration=227 resulting id=C2 vertices=[0q2,1x2,z2,z3,z4,z5,z6,1x6,0q5,0r5,0p5,0p4,0r4,0r3,0q4,1x5,0q3,1x4,0p3,1x3]
cut arcs by clause length (length:number) = {8: 4}
number of added block clauses (this increment) = 4
number of added block clauses (accumulated) = 1000
add block clauses time = 30.980us
increment time = 217.541us

CEGAR iteration...
cegar iteration = 228
sat solving time = 463.760us
number of subcycles found = 2
cycle lengths before merge (length:number) = {26: 2}
number of merge operations = 0
number of resulting cycles = 2
cycle lengths after merge (length:number) = {26: 2}
gb-trace iteration=228 subcycle id=C1 vertices=[a0,a5,a4,b4,0x5,b5,0x0,0p0,1x7,z7,z0,1x0,0q0,0r1,0r0,0q1,1x1,z1,z2,1x2,0q2,0r2,0p2,0p1,0x1,b0]
gb-trace iteration=228 subcycle id=C2 vertices=[a1,a2,a3,b3,0x4,0p4,0p5,0r5,0q5,1x6,z6,z5,1x5,0q4,0r3,0r4,0q3,1x4,z4,z3,1x3,0p3,0x3,b2,0x2,b1]
gb-trace iteration=228 resulting id=C1 vertices=[a0,a5,a4,b4,0x5,b5,0x0,0p0,1x7,z7,z0,1x0,0q0,0r1,0r0,0q1,1x1,z1,z2,1x2,0q2,0r2,0p2,0p1,0x1,b0]
gb-trace iteration=228 resulting id=C2 vertices=[a1,a2,a3,b3,0x4,0p4,0p5,0r5,0q5,1x6,z6,z5,1x5,0q4,0r3,0r4,0q3,1x4,z4,z3,1x3,0p3,0x3,b2,0x2,b1]
cut arcs by clause length (length:number) = {10: 4}
number of added block clauses (this increment) = 4
number of added block clauses (accumulated) = 1004
add block clauses time = 33.245us
increment time = 497.005us

CEGAR iteration...
cegar iteration = 229
sat solving time = 737.444us
number of subcycles found = 2
cycle lengths before merge (length:number) = {14: 1, 38: 1}
number of merge operations = 0
number of resulting cycles = 2
cycle lengths after merge (length:number) = {14: 1, 38: 1}
gb-trace iteration=229 subcycle id=C1 vertices=[a0,a5,b5,0x0,b0,0x1,0p1,0p2,0r2,0q2,1x2,z2,z3,1x3,0p3,0x3,b3,0x4,0p4,0r4,0q3,1x4,z4,z5,1x5,0q4,0r3,0r5,0p5,0x5,b4,a4,a3,a2,b2,0x2,b1,a1]
gb-trace iteration=229 subcycle id=C2 vertices=[0p0,1x0,0q0,0r1,0r0,0q1,1x1,z1,z0,z7,z6,1x6,0q5,1x7]
gb-trace iteration=229 resulting id=C1 vertices=[a0,a5,b5,0x0,b0,0x1,0p1,0p2,0r2,0q2,1x2,z2,z3,1x3,0p3,0x3,b3,0x4,0p4,0r4,0q3,1x4,z4,z5,1x5,0q4,0r3,0r5,0p5,0x5,b4,a4,a3,a2,b2,0x2,b1,a1]
gb-trace iteration=229 resulting id=C2 vertices=[0p0,1x0,0q0,0r1,0r0,0q1,1x1,z1,z0,z7,z6,1x6,0q5,1x7]
cut arcs by clause length (length:number) = {8: 4}
number of added block clauses (this increment) = 4
number of added block clauses (accumulated) = 1008
add block clauses time = 34.378us
increment time = 771.822us

CEGAR iteration...
cegar iteration = 230
sat solving time = 200.435us
number of subcycles found = 2
cycle lengths before merge (length:number) = {23: 1, 29: 1}
number of merge operations = 0
number of resulting cycles = 2
cycle lengths after merge (length:number) = {23: 1, 29: 1}
gb-trace iteration=230 subcycle id=C1 vertices=[a0,a5,a4,a3,b3,0x4,b4,0x5,b5,0x0,b0,0x1,b1,0x2,0p2,0p1,0r1,0r0,0r2,0q2,1x3,z3,z4,1x4,0p3,0x3,b2,a2,a1]
gb-trace iteration=230 subcycle id=C2 vertices=[0p0,1x0,0q0,1x1,0q1,1x2,z2,z1,z0,z7,z6,z5,1x5,0q3,0r4,0p4,0p5,0r5,0r3,0q4,1x6,0q5,1x7]
gb-trace iteration=230 resulting id=C1 vertices=[a0,a5,a4,a3,b3,0x4,b4,0x5,b5,0x0,b0,0x1,b1,0x2,0p2,0p1,0r1,0r0,0r2,0q2,1x3,z3,z4,1x4,0p3,0x3,b2,a2,a1]
gb-trace iteration=230 resulting id=C2 vertices=[0p0,1x0,0q0,1x1,0q1,1x2,z2,z1,z0,z7,z6,z5,1x5,0q3,0r4,0p4,0p5,0r5,0r3,0q4,1x6,0q5,1x7]
cut arcs by clause length (length:number) = {9: 4}
number of added block clauses (this increment) = 4
number of added block clauses (accumulated) = 1012
add block clauses time = 33.230us
increment time = 233.665us

CEGAR iteration...
cegar iteration = 231
sat solving time = 236.869us
number of subcycles found = 2
cycle lengths before merge (length:number) = {26: 2}
number of merge operations = 0
number of resulting cycles = 2
cycle lengths after merge (length:number) = {26: 2}
gb-trace iteration=231 subcycle id=C1 vertices=[a0,b0,0x1,0p1,0p2,0r2,0r0,0r1,0q0,1x1,0q1,1x2,0q2,1x3,z3,z2,z1,z0,1x0,0p0,0x0,b5,0x5,b4,a4,a5]
gb-trace iteration=231 subcycle id=C2 vertices=[a1,b1,0x2,b2,0x3,0p3,1x4,z4,z5,z6,z7,1x7,0q5,1x6,0q4,1x5,0q3,0r4,0r3,0r5,0p5,0p4,0x4,b3,a3,a2]
gb-trace iteration=231 resulting id=C1 vertices=[a0,b0,0x1,0p1,0p2,0r2,0r0,0r1,0q0,1x1,0q1,1x2,0q2,1x3,z3,z2,z1,z0,1x0,0p0,0x0,b5,0x5,b4,a4,a5]
gb-trace iteration=231 resulting id=C2 vertices=[a1,b1,0x2,b2,0x3,0p3,1x4,z4,z5,z6,z7,1x7,0q5,1x6,0q4,1x5,0q3,0r4,0r3,0r5,0p5,0p4,0x4,b3,a3,a2]
cut arcs by clause length (length:number) = {10: 4}
number of added block clauses (this increment) = 4
number of added block clauses (accumulated) = 1016
add block clauses time = 31.616us
increment time = 268.485us

CEGAR iteration...
cegar iteration = 232
sat solving time = 41.130us
number of subcycles found = 2
cycle lengths before merge (length:number) = {20: 1, 32: 1}
number of merge operations = 0
number of resulting cycles = 2
cycle lengths after merge (length:number) = {20: 1, 32: 1}
gb-trace iteration=232 subcycle id=C1 vertices=[a0,b0,0x1,0p1,0p2,0r2,0q2,1x2,z2,z1,1x1,0q1,0r0,0r1,0q0,1x0,z0,z7,z6,z5,1x5,0q4,1x6,0q5,1x7,0p0,0x0,b5,0x5,b4,a4,a5]
gb-trace iteration=232 subcycle id=C2 vertices=[a1,b1,0x2,b2,0x3,0p3,1x3,z3,z4,1x4,0q3,0r4,0r3,0r5,0p5,0p4,0x4,b3,a3,a2]
gb-trace iteration=232 resulting id=C1 vertices=[a0,b0,0x1,0p1,0p2,0r2,0q2,1x2,z2,z1,1x1,0q1,0r0,0r1,0q0,1x0,z0,z7,z6,z5,1x5,0q4,1x6,0q5,1x7,0p0,0x0,b5,0x5,b4,a4,a5]
gb-trace iteration=232 resulting id=C2 vertices=[a1,b1,0x2,b2,0x3,0p3,1x3,z3,z4,1x4,0q3,0r4,0r3,0r5,0p5,0p4,0x4,b3,a3,a2]
cut arcs by clause length (length:number) = {12: 4}
number of added block clauses (this increment) = 4
number of added block clauses (accumulated) = 1020
add block clauses time = 33.774us
increment time = 74.904us

CEGAR iteration...
cegar iteration = 233
sat solving time = 67.512us
number of subcycles found = 2
cycle lengths before merge (length:number) = {26: 2}
number of merge operations = 0
number of resulting cycles = 2
cycle lengths after merge (length:number) = {26: 2}
gb-trace iteration=233 subcycle id=C1 vertices=[a0,b0,0x1,0p1,0p2,0r2,0r0,0r1,0q0,1x0,z0,z7,z6,z5,1x5,0q4,1x6,0q5,1x7,0p0,0x0,b5,0x5,b4,a4,a5]
gb-trace iteration=233 subcycle id=C2 vertices=[a1,b1,0x2,b2,0x3,0p3,1x3,0q2,1x2,0q1,1x1,z1,z2,z3,z4,1x4,0q3,0r4,0r3,0r5,0p5,0p4,0x4,b3,a3,a2]
gb-trace iteration=233 resulting id=C1 vertices=[a0,b0,0x1,0p1,0p2,0r2,0r0,0r1,0q0,1x0,z0,z7,z6,z5,1x5,0q4,1x6,0q5,1x7,0p0,0x0,b5,0x5,b4,a4,a5]
gb-trace iteration=233 resulting id=C2 vertices=[a1,b1,0x2,b2,0x3,0p3,1x3,0q2,1x2,0q1,1x1,z1,z2,z3,z4,1x4,0q3,0r4,0r3,0r5,0p5,0p4,0x4,b3,a3,a2]
cut arcs by clause length (length:number) = {14: 4}
number of added block clauses (this increment) = 4
number of added block clauses (accumulated) = 1024
add block clauses time = 34.305us
increment time = 101.817us

CEGAR iteration...
cegar iteration = 234
sat solving time = 17.396us
number of subcycles found = 2
cycle lengths before merge (length:number) = {20: 1, 32: 1}
number of merge operations = 0
number of resulting cycles = 2
cycle lengths after merge (length:number) = {20: 1, 32: 1}
gb-trace iteration=234 subcycle id=C1 vertices=[a0,b0,0x1,0p1,0p2,0r2,0r0,0r1,0q0,1x0,z0,z7,1x7,0p0,0x0,b5,0x5,b4,a4,a5]
gb-trace iteration=234 subcycle id=C2 vertices=[a1,b1,0x2,b2,0x3,0p3,1x3,0q2,1x2,0q1,1x1,z1,z2,z3,z4,1x4,0q3,0r4,0r3,0q4,1x5,z5,z6,1x6,0q5,0r5,0p5,0p4,0x4,b3,a3,a2]
gb-trace iteration=234 resulting id=C1 vertices=[a0,b0,0x1,0p1,0p2,0r2,0r0,0r1,0q0,1x0,z0,z7,1x7,0p0,0x0,b5,0x5,b4,a4,a5]
gb-trace iteration=234 resulting id=C2 vertices=[a1,b1,0x2,b2,0x3,0p3,1x3,0q2,1x2,0q1,1x1,z1,z2,z3,z4,1x4,0q3,0r4,0r3,0q4,1x5,z5,z6,1x6,0q5,0r5,0p5,0p4,0x4,b3,a3,a2]
cut arcs by clause length (length:number) = {12: 4}
number of added block clauses (this increment) = 4
number of added block clauses (accumulated) = 1028
add block clauses time = 30.761us
increment time = 48.157us

CEGAR iteration...
cegar iteration = 235
sat solving time = 185.394us
number of subcycles found = 2
cycle lengths before merge (length:number) = {14: 1, 38: 1}
number of merge operations = 0
number of resulting cycles = 2
cycle lengths after merge (length:number) = {14: 1, 38: 1}
gb-trace iteration=235 subcycle id=C1 vertices=[a0,b0,0x1,b1,0x2,b2,0x3,0p3,1x4,z4,z3,1x3,0q2,0r2,0p2,0p1,0r1,0r0,0q1,1x2,z2,z1,1x1,0q0,1x0,z0,z7,z6,z5,1x5,0q3,0r4,0p4,0x4,b3,a3,a2,a1]
gb-trace iteration=235 subcycle id=C2 vertices=[a4,b4,0x5,0p5,0r5,0r3,0q4,1x6,0q5,1x7,0p0,0x0,b5,a5]
gb-trace iteration=235 resulting id=C1 vertices=[a0,b0,0x1,b1,0x2,b2,0x3,0p3,1x4,z4,z3,1x3,0q2,0r2,0p2,0p1,0r1,0r0,0q1,1x2,z2,z1,1x1,0q0,1x0,z0,z7,z6,z5,1x5,0q3,0r4,0p4,0x4,b3,a3,a2,a1]
gb-trace iteration=235 resulting id=C2 vertices=[a4,b4,0x5,0p5,0r5,0r3,0q4,1x6,0q5,1x7,0p0,0x0,b5,a5]
cut arcs by clause length (length:number) = {10: 4}
number of added block clauses (this increment) = 4
number of added block clauses (accumulated) = 1032
add block clauses time = 31.091us
increment time = 216.485us

CEGAR iteration...
cegar iteration = 236
sat solving time = 18.011us
number of subcycles found = 2
cycle lengths before merge (length:number) = {11: 1, 41: 1}
number of merge operations = 0
number of resulting cycles = 2
cycle lengths after merge (length:number) = {11: 1, 41: 1}
gb-trace iteration=236 subcycle id=C1 vertices=[a0,b0,0x1,b1,0x2,b2,0x3,0p3,1x4,0q3,1x5,z5,z4,z3,1x3,0q2,0r2,0p2,0p1,0r1,0r0,0q1,1x2,z2,z1,1x1,0q0,1x0,z0,z7,z6,1x6,0q4,0r3,0r4,0p4,0x4,b3,a3,a2,a1]
gb-trace iteration=236 subcycle id=C2 vertices=[a4,b4,0x5,0p5,0r5,0q5,1x7,0p0,0x0,b5,a5]
gb-trace iteration=236 resulting id=C1 vertices=[a0,b0,0x1,b1,0x2,b2,0x3,0p3,1x4,0q3,1x5,z5,z4,z3,1x3,0q2,0r2,0p2,0p1,0r1,0r0,0q1,1x2,z2,z1,1x1,0q0,1x0,z0,z7,z6,1x6,0q4,0r3,0r4,0p4,0x4,b3,a3,a2,a1]
gb-trace iteration=236 resulting id=C2 vertices=[a4,b4,0x5,0p5,0r5,0q5,1x7,0p0,0x0,b5,a5]
cut arcs by clause length (length:number) = {9: 4}
number of added block clauses (this increment) = 4
number of added block clauses (accumulated) = 1036
add block clauses time = 29.795us
increment time = 47.806us

CEGAR iteration...
cegar iteration = 237
sat solving time = 11.761us
number of subcycles found = 2
cycle lengths before merge (length:number) = {20: 1, 32: 1}
number of merge operations = 0
number of resulting cycles = 2
cycle lengths after merge (length:number) = {20: 1, 32: 1}
gb-trace iteration=237 subcycle id=C1 vertices=[a0,b0,0x1,b1,0x2,b2,0x3,0p3,1x4,0q3,1x5,0q4,0r3,0r4,0p4,0x4,b3,a3,a2,a1]
gb-trace iteration=237 subcycle id=C2 vertices=[a4,b4,0x5,0p5,0r5,0q5,1x6,z6,z5,z4,z3,1x3,0q2,0r2,0p2,0p1,0r1,0r0,0q1,1x2,z2,z1,1x1,0q0,1x0,z0,z7,1x7,0p0,0x0,b5,a5]
gb-trace iteration=237 resulting id=C1 vertices=[a0,b0,0x1,b1,0x2,b2,0x3,0p3,1x4,0q3,1x5,0q4,0r3,0r4,0p4,0x4,b3,a3,a2,a1]
gb-trace iteration=237 resulting id=C2 vertices=[a4,b4,0x5,0p5,0r5,0q5,1x6,z6,z5,z4,z3,1x3,0q2,0r2,0p2,0p1,0r1,0r0,0q1,1x2,z2,z1,1x1,0q0,1x0,z0,z7,1x7,0p0,0x0,b5,a5]
cut arcs by clause length (length:number) = {12: 4}
number of added block clauses (this increment) = 4
number of added block clauses (accumulated) = 1040
add block clauses time = 34.389us
increment time = 46.150us

CEGAR iteration...
cegar iteration = 238
sat solving time = 11.801us
number of subcycles found = 2
cycle lengths before merge (length:number) = {17: 1, 35: 1}
number of merge operations = 0
number of resulting cycles = 2
cycle lengths after merge (length:number) = {17: 1, 35: 1}
gb-trace iteration=238 subcycle id=C1 vertices=[a0,b0,0x1,b1,0x2,b2,0x3,0p3,1x4,0q3,0r4,0p4,0x4,b3,a3,a2,a1]
gb-trace iteration=238 subcycle id=C2 vertices=[a4,b4,0x5,0p5,0r5,0r3,0q4,1x5,z5,z4,z3,1x3,0q2,0r2,0p2,0p1,0r1,0r0,0q1,1x2,z2,z1,1x1,0q0,1x0,z0,z7,z6,1x6,0q5,1x7,0p0,0x0,b5,a5]
gb-trace iteration=238 resulting id=C1 vertices=[a0,b0,0x1,b1,0x2,b2,0x3,0p3,1x4,0q3,0r4,0p4,0x4,b3,a3,a2,a1]
gb-trace iteration=238 resulting id=C2 vertices=[a4,b4,0x5,0p5,0r5,0r3,0q4,1x5,z5,z4,z3,1x3,0q2,0r2,0p2,0p1,0r1,0r0,0q1,1x2,z2,z1,1x1,0q0,1x0,z0,z7,z6,1x6,0q5,1x7,0p0,0x0,b5,a5]
cut arcs by clause length (length:number) = {11: 4}
number of added block clauses (this increment) = 4
number of added block clauses (accumulated) = 1044
add block clauses time = 27.904us
increment time = 39.705us

CEGAR iteration...
cegar iteration = 239
sat solving time = 295.413us
number of subcycles found = 2
cycle lengths before merge (length:number) = {20: 1, 32: 1}
number of merge operations = 0
number of resulting cycles = 2
cycle lengths after merge (length:number) = {20: 1, 32: 1}
gb-trace iteration=239 subcycle id=C1 vertices=[a0,b0,0x1,b1,0x2,0p2,0p1,0r1,0r0,0r2,0q2,1x3,z3,z4,1x4,0p3,0x3,b2,a2,a1]
gb-trace iteration=239 subcycle id=C2 vertices=[a3,b3,0x4,b4,0x5,0p5,0p4,0r4,0q3,1x5,z5,z6,1x6,0q4,0r3,0r5,0q5,1x7,z7,z0,z1,z2,1x2,0q1,1x1,0q0,1x0,0p0,0x0,b5,a5,a4]
gb-trace iteration=239 resulting id=C1 vertices=[a0,b0,0x1,b1,0x2,0p2,0p1,0r1,0r0,0r2,0q2,1x3,z3,z4,1x4,0p3,0x3,b2,a2,a1]
gb-trace iteration=239 resulting id=C2 vertices=[a3,b3,0x4,b4,0x5,0p5,0p4,0r4,0q3,1x5,z5,z6,1x6,0q4,0r3,0r5,0q5,1x7,z7,z0,z1,z2,1x2,0q1,1x1,0q0,1x0,0p0,0x0,b5,a5,a4]
cut arcs by clause length (length:number) = {10: 4}
number of added block clauses (this increment) = 4
number of added block clauses (accumulated) = 1048
add block clauses time = 29.064us
increment time = 324.477us

CEGAR iteration...
cegar iteration = 240
sat solving time = 162.311us
number of subcycles found = 3
cycle lengths before merge (length:number) = {11: 1, 20: 1, 21: 1}
number of merge operations = 0
number of resulting cycles = 3
cycle lengths after merge (length:number) = {11: 1, 20: 1, 21: 1}
gb-trace iteration=240 subcycle id=C1 vertices=[a0,b0,0x1,b1,0x2,0p2,0p1,0r1,0q0,1x0,0p0,0x0,b5,a5,a4,a3,b3,0x3,b2,a2,a1]
gb-trace iteration=240 subcycle id=C2 vertices=[b4,0x4,0p4,0r4,0q3,1x5,0q4,0r3,0r5,0p5,0x5]
gb-trace iteration=240 subcycle id=C3 vertices=[0r0,0q1,1x1,z1,z0,z7,1x7,0q5,1x6,z6,z5,z4,1x4,0p3,1x3,z3,z2,1x2,0q2,0r2]
gb-trace iteration=240 resulting id=C1 vertices=[a0,b0,0x1,b1,0x2,0p2,0p1,0r1,0q0,1x0,0p0,0x0,b5,a5,a4,a3,b3,0x3,b2,a2,a1]
gb-trace iteration=240 resulting id=C2 vertices=[b4,0x4,0p4,0r4,0q3,1x5,0q4,0r3,0r5,0p5,0x5]
gb-trace iteration=240 resulting id=C3 vertices=[0r0,0q1,1x1,z1,z0,z7,1x7,0q5,1x6,z6,z5,z4,1x4,0p3,1x3,z3,z2,1x2,0q2,0r2]
cut arcs by clause length (length:number) = {7: 2, 9: 2, 10: 2}
number of added block clauses (this increment) = 6
number of added block clauses (accumulated) = 1054
add block clauses time = 34.253us
increment time = 196.564us

CEGAR iteration...
cegar iteration = 241
sat solving time = 150.388us
number of subcycles found = 3
cycle lengths before merge (length:number) = {11: 1, 17: 1, 24: 1}
number of merge operations = 0
number of resulting cycles = 3
cycle lengths after merge (length:number) = {11: 1, 17: 1, 24: 1}
gb-trace iteration=241 subcycle id=C1 vertices=[a0,b0,0x1,b1,0x2,0p2,0p1,0r1,0q0,1x1,z1,z0,1x0,0p0,0x0,b5,a5,a4,a3,b3,0x3,b2,a2,a1]
gb-trace iteration=241 subcycle id=C2 vertices=[b4,0x4,0p4,0r4,0q3,1x5,z5,z6,z7,1x7,0q5,1x6,0q4,0r3,0r5,0p5,0x5]
gb-trace iteration=241 subcycle id=C3 vertices=[0r0,0r2,0q2,1x3,0p3,1x4,z4,z3,z2,1x2,0q1]
gb-trace iteration=241 resulting id=C1 vertices=[a0,b0,0x1,b1,0x2,0p2,0p1,0r1,0q0,1x1,z1,z0,1x0,0p0,0x0,b5,a5,a4,a3,b3,0x3,b2,a2,a1]
gb-trace iteration=241 resulting id=C2 vertices=[b4,0x4,0p4,0r4,0q3,1x5,z5,z6,z7,1x7,0q5,1x6,0q4,0r3,0r5,0p5,0x5]
gb-trace iteration=241 resulting id=C3 vertices=[0r0,0r2,0q2,1x3,0p3,1x4,z4,z3,z2,1x2,0q1]
cut arcs by clause length (length:number) = {7: 4, 10: 2}
number of added block clauses (this increment) = 6
number of added block clauses (accumulated) = 1060
add block clauses time = 40.296us
increment time = 190.684us

CEGAR iteration...
cegar iteration = 242
sat solving time = 37.882us
number of subcycles found = 2
cycle lengths before merge (length:number) = {26: 2}
number of merge operations = 0
number of resulting cycles = 2
cycle lengths after merge (length:number) = {26: 2}
gb-trace iteration=242 subcycle id=C1 vertices=[a0,b0,0x1,0p1,0p2,0r2,0q2,1x3,0p3,1x4,z4,z3,z2,1x2,0q1,0r0,0r1,0q0,1x1,z1,z0,1x0,0p0,0x0,b5,a5]
gb-trace iteration=242 subcycle id=C2 vertices=[a1,b1,0x2,b2,0x3,b3,0x4,0p4,0r4,0q3,1x5,z5,z6,z7,1x7,0q5,1x6,0q4,0r3,0r5,0p5,0x5,b4,a4,a3,a2]
gb-trace iteration=242 resulting id=C1 vertices=[a0,b0,0x1,0p1,0p2,0r2,0q2,1x3,0p3,1x4,z4,z3,z2,1x2,0q1,0r0,0r1,0q0,1x1,z1,z0,1x0,0p0,0x0,b5,a5]
gb-trace iteration=242 resulting id=C2 vertices=[a1,b1,0x2,b2,0x3,b3,0x4,0p4,0r4,0q3,1x5,z5,z6,z7,1x7,0q5,1x6,0q4,0r3,0r5,0p5,0x5,b4,a4,a3,a2]
cut arcs by clause length (length:number) = {10: 4}
number of added block clauses (this increment) = 4
number of added block clauses (accumulated) = 1064
add block clauses time = 31.423us
increment time = 69.305us

CEGAR iteration...
cegar iteration = 243
sat solving time = 183.890us
number of subcycles found = 2
cycle lengths before merge (length:number) = {26: 2}
number of merge operations = 0
number of resulting cycles = 2
cycle lengths after merge (length:number) = {26: 2}
gb-trace iteration=243 subcycle id=C1 vertices=[a0,b0,0x1,b1,0x2,0p2,0p1,0r1,0q0,1x1,z1,z2,1x2,0q1,0r0,0r2,0q2,1x3,z3,z4,1x4,0p3,0x3,b2,a2,a1]
gb-trace iteration=243 subcycle id=C2 vertices=[a3,b3,0x4,b4,0x5,0p5,0p4,0r4,0q3,1x5,z5,z6,1x6,0q4,0r3,0r5,0q5,1x7,z7,z0,1x0,0p0,0x0,b5,a5,a4]
gb-trace iteration=243 resulting id=C1 vertices=[a0,b0,0x1,b1,0x2,0p2,0p1,0r1,0q0,1x1,z1,z2,1x2,0q1,0r0,0r2,0q2,1x3,z3,z4,1x4,0p3,0x3,b2,a2,a1]
gb-trace iteration=243 resulting id=C2 vertices=[a3,b3,0x4,b4,0x5,0p5,0p4,0r4,0q3,1x5,z5,z6,1x6,0q4,0r3,0r5,0q5,1x7,z7,z0,1x0,0p0,0x0,b5,a5,a4]
cut arcs by clause length (length:number) = {8: 4}
number of added block clauses (this increment) = 4
number of added block clauses (accumulated) = 1068
add block clauses time = 30.821us
increment time = 214.711us

CEGAR iteration...
cegar iteration = 244
sat solving time = 150.009us
number of subcycles found = 2
cycle lengths before merge (length:number) = {14: 1, 38: 1}
number of merge operations = 0
number of resulting cycles = 2
cycle lengths after merge (length:number) = {14: 1, 38: 1}
gb-trace iteration=244 subcycle id=C1 vertices=[a0,b0,0x1,0p1,0p2,0x2,b1,a1,a2,b2,0x3,0p3,1x4,z4,z5,z6,1x6,0q5,1x7,z7,z0,z1,1x1,0q1,1x2,z2,z3,1x3,0q2,0r2,0r0,0r1,0q0,1x0,0p0,0x0,b5,a5]
gb-trace iteration=244 subcycle id=C2 vertices=[a3,b3,0x4,0p4,0r4,0q3,1x5,0q4,0r3,0r5,0p5,0x5,b4,a4]
gb-trace iteration=244 resulting id=C1 vertices=[a0,b0,0x1,0p1,0p2,0x2,b1,a1,a2,b2,0x3,0p3,1x4,z4,z5,z6,1x6,0q5,1x7,z7,z0,z1,1x1,0q1,1x2,z2,z3,1x3,0q2,0r2,0r0,0r1,0q0,1x0,0p0,0x0,b5,a5]
gb-trace iteration=244 resulting id=C2 vertices=[a3,b3,0x4,0p4,0r4,0q3,1x5,0q4,0r3,0r5,0p5,0x5,b4,a4]
cut arcs by clause length (length:number) = {8: 4}
number of added block clauses (this increment) = 4
number of added block clauses (accumulated) = 1072
add block clauses time = 31.063us
increment time = 181.072us

CEGAR iteration...
cegar iteration = 245
sat solving time = 916.624us
number of subcycles found = 2
cycle lengths before merge (length:number) = {11: 1, 41: 1}
number of merge operations = 0
number of resulting cycles = 2
cycle lengths after merge (length:number) = {11: 1, 41: 1}
gb-trace iteration=245 subcycle id=C1 vertices=[a0,b0,0x0,0p0,1x7,0q5,0r5,0p5,0x5,b5,a5]
gb-trace iteration=245 subcycle id=C2 vertices=[a1,b1,0x1,0p1,0r1,0r0,0q1,1x2,z2,z1,1x1,0q0,1x0,z0,z7,z6,1x6,0q4,0r3,0r4,0p4,0x4,b4,a4,a3,b3,0x3,0p3,1x4,0q3,1x5,z5,z4,z3,1x3,0q2,0r2,0p2,0x2,b2,a2]
gb-trace iteration=245 resulting id=C1 vertices=[a0,b0,0x0,0p0,1x7,0q5,0r5,0p5,0x5,b5,a5]
gb-trace iteration=245 resulting id=C2 vertices=[a1,b1,0x1,0p1,0r1,0r0,0q1,1x2,z2,z1,1x1,0q0,1x0,z0,z7,z6,1x6,0q4,0r3,0r4,0p4,0x4,b4,a4,a3,b3,0x3,0p3,1x4,0q3,1x5,z5,z4,z3,1x3,0q2,0r2,0p2,0x2,b2,a2]
cut arcs by clause length (length:number) = {9: 4}
number of added block clauses (this increment) = 4
number of added block clauses (accumulated) = 1076
add block clauses time = 33.317us
increment time = 949.941us

CEGAR iteration...
cegar iteration = 246
sat solving time = 16.476us
number of subcycles found = 2
cycle lengths before merge (length:number) = {14: 1, 38: 1}
number of merge operations = 0
number of resulting cycles = 2
cycle lengths after merge (length:number) = {14: 1, 38: 1}
gb-trace iteration=246 subcycle id=C1 vertices=[a0,b0,0x0,0p0,1x0,z0,z7,1x7,0q5,0r5,0p5,0x5,b5,a5]
gb-trace iteration=246 subcycle id=C2 vertices=[a1,b1,0x1,0p1,0r1,0q0,1x1,z1,z2,z3,z4,1x4,0q3,1x5,z5,z6,1x6,0q4,0r3,0r4,0p4,0x4,b4,a4,a3,b3,0x3,0p3,1x3,0q2,1x2,0q1,0r0,0r2,0p2,0x2,b2,a2]
gb-trace iteration=246 resulting id=C1 vertices=[a0,b0,0x0,0p0,1x0,z0,z7,1x7,0q5,0r5,0p5,0x5,b5,a5]
gb-trace iteration=246 resulting id=C2 vertices=[a1,b1,0x1,0p1,0r1,0q0,1x1,z1,z2,z3,z4,1x4,0q3,1x5,z5,z6,1x6,0q4,0r3,0r4,0p4,0x4,b4,a4,a3,b3,0x3,0p3,1x3,0q2,1x2,0q1,0r0,0r2,0p2,0x2,b2,a2]
cut arcs by clause length (length:number) = {10: 4}
number of added block clauses (this increment) = 4
number of added block clauses (accumulated) = 1080
add block clauses time = 30.403us
increment time = 46.879us

CEGAR iteration...
cegar iteration = 247
sat solving time = 27.081us
number of subcycles found = 2
cycle lengths before merge (length:number) = {14: 1, 38: 1}
number of merge operations = 0
number of resulting cycles = 2
cycle lengths after merge (length:number) = {14: 1, 38: 1}
gb-trace iteration=247 subcycle id=C1 vertices=[a0,b0,0x0,0p0,1x7,0q5,1x6,0q4,0r3,0r5,0p5,0x5,b5,a5]
gb-trace iteration=247 subcycle id=C2 vertices=[a1,b1,0x1,0p1,0r1,0r0,0q1,1x2,z2,z1,1x1,0q0,1x0,z0,z7,z6,z5,1x5,0q3,0r4,0p4,0x4,b4,a4,a3,b3,0x3,0p3,1x4,z4,z3,1x3,0q2,0r2,0p2,0x2,b2,a2]
gb-trace iteration=247 resulting id=C1 vertices=[a0,b0,0x0,0p0,1x7,0q5,1x6,0q4,0r3,0r5,0p5,0x5,b5,a5]
gb-trace iteration=247 resulting id=C2 vertices=[a1,b1,0x1,0p1,0r1,0r0,0q1,1x2,z2,z1,1x1,0q0,1x0,z0,z7,z6,z5,1x5,0q3,0r4,0p4,0x4,b4,a4,a3,b3,0x3,0p3,1x4,z4,z3,1x3,0q2,0r2,0p2,0x2,b2,a2]
cut arcs by clause length (length:number) = {10: 4}
number of added block clauses (this increment) = 4
number of added block clauses (accumulated) = 1084
add block clauses time = 31.021us
increment time = 58.102us

CEGAR iteration...
cegar iteration = 248
sat solving time = 13.368us
number of subcycles found = 2
cycle lengths before merge (length:number) = {20: 1, 32: 1}
number of merge operations = 0
number of resulting cycles = 2
cycle lengths after merge (length:number) = {20: 1, 32: 1}
gb-trace iteration=248 subcycle id=C1 vertices=[a0,b0,0x0,0p0,1x0,z0,z7,1x7,0q5,1x6,z6,z5,1x5,0q4,0r3,0r5,0p5,0x5,b5,a5]
gb-trace iteration=248 subcycle id=C2 vertices=[a1,b1,0x1,0p1,0r1,0q0,1x1,z1,z2,z3,z4,1x4,0q3,0r4,0p4,0x4,b4,a4,a3,b3,0x3,0p3,1x3,0q2,1x2,0q1,0r0,0r2,0p2,0x2,b2,a2]
gb-trace iteration=248 resulting id=C1 vertices=[a0,b0,0x0,0p0,1x0,z0,z7,1x7,0q5,1x6,z6,z5,1x5,0q4,0r3,0r5,0p5,0x5,b5,a5]
gb-trace iteration=248 resulting id=C2 vertices=[a1,b1,0x1,0p1,0r1,0q0,1x1,z1,z2,z3,z4,1x4,0q3,0r4,0p4,0x4,b4,a4,a3,b3,0x3,0p3,1x3,0q2,1x2,0q1,0r0,0r2,0p2,0x2,b2,a2]
cut arcs by clause length (length:number) = {10: 4}
number of added block clauses (this increment) = 4
number of added block clauses (accumulated) = 1088
add block clauses time = 30.149us
increment time = 43.517us

CEGAR iteration...
cegar iteration = 249
sat solving time = 393.558us
number of subcycles found = 2
cycle lengths before merge (length:number) = {26: 2}
number of merge operations = 0
number of resulting cycles = 2
cycle lengths after merge (length:number) = {26: 2}
gb-trace iteration=249 subcycle id=C1 vertices=[a0,a5,a4,a3,b3,0x3,0p3,1x3,0q2,1x2,z2,z3,z4,1x4,0q3,0r4,0r3,0r5,0p5,0p4,0x4,b4,0x5,b5,0x0,b0]
gb-trace iteration=249 subcycle id=C2 vertices=[a1,b1,0x1,0p1,0r1,0q0,1x0,0p0,1x7,0q5,1x6,0q4,1x5,z5,z6,z7,z0,z1,1x1,0q1,0r0,0r2,0p2,0x2,b2,a2]
gb-trace iteration=249 resulting id=C1 vertices=[a0,a5,a4,a3,b3,0x3,0p3,1x3,0q2,1x2,z2,z3,z4,1x4,0q3,0r4,0r3,0r5,0p5,0p4,0x4,b4,0x5,b5,0x0,b0]
gb-trace iteration=249 resulting id=C2 vertices=[a1,b1,0x1,0p1,0r1,0q0,1x0,0p0,1x7,0q5,1x6,0q4,1x5,z5,z6,z7,z0,z1,1x1,0q1,0r0,0r2,0p2,0x2,b2,a2]
cut arcs by clause length (length:number) = {12: 4}
number of added block clauses (this increment) = 4
number of added block clauses (accumulated) = 1092
add block clauses time = 31.288us
increment time = 424.846us

CEGAR iteration...
cegar iteration = 250
sat solving time = 20.278us
number of subcycles found = 2
cycle lengths before merge (length:number) = {23: 1, 29: 1}
number of merge operations = 0
number of resulting cycles = 2
cycle lengths after merge (length:number) = {23: 1, 29: 1}
gb-trace iteration=250 subcycle id=C1 vertices=[a0,a5,a4,a3,b3,0x3,0p3,1x3,z3,z4,1x4,0q3,0r4,0r3,0r5,0p5,0p4,0x4,b4,0x5,b5,0x0,b0]
gb-trace iteration=250 subcycle id=C2 vertices=[a1,b1,0x1,0p1,0r1,0r0,0q1,1x1,0q0,1x0,0p0,1x7,0q5,1x6,0q4,1x5,z5,z6,z7,z0,z1,z2,1x2,0q2,0r2,0p2,0x2,b2,a2]
gb-trace iteration=250 resulting id=C1 vertices=[a0,a5,a4,a3,b3,0x3,0p3,1x3,z3,z4,1x4,0q3,0r4,0r3,0r5,0p5,0p4,0x4,b4,0x5,b5,0x0,b0]
gb-trace iteration=250 resulting id=C2 vertices=[a1,b1,0x1,0p1,0r1,0r0,0q1,1x1,0q0,1x0,0p0,1x7,0q5,1x6,0q4,1x5,z5,z6,z7,z0,z1,z2,1x2,0q2,0r2,0p2,0x2,b2,a2]
cut arcs by clause length (length:number) = {11: 4}
number of added block clauses (this increment) = 4
number of added block clauses (accumulated) = 1096
add block clauses time = 30.174us
increment time = 50.452us

CEGAR iteration...
cegar iteration = 251
sat solving time = 87.377us
number of subcycles found = 2
cycle lengths before merge (length:number) = {17: 1, 35: 1}
number of merge operations = 0
number of resulting cycles = 2
cycle lengths after merge (length:number) = {17: 1, 35: 1}
gb-trace iteration=251 subcycle id=C1 vertices=[a0,a5,a4,a3,b3,0x3,0p3,1x4,z4,z5,1x5,0q3,0r4,0r3,0q4,1x6,z6,z7,z0,z1,1x1,0q0,1x0,0p0,1x7,0q5,0r5,0p5,0p4,0x4,b4,0x5,b5,0x0,b0]
gb-trace iteration=251 subcycle id=C2 vertices=[a1,b1,0x1,0p1,0r1,0r0,0q1,1x2,z2,z3,1x3,0q2,0r2,0p2,0x2,b2,a2]
gb-trace iteration=251 resulting id=C1 vertices=[a0,a5,a4,a3,b3,0x3,0p3,1x4,z4,z5,1x5,0q3,0r4,0r3,0q4,1x6,z6,z7,z0,z1,1x1,0q0,1x0,0p0,1x7,0q5,0r5,0p5,0p4,0x4,b4,0x5,b5,0x0,b0]
gb-trace iteration=251 resulting id=C2 vertices=[a1,b1,0x1,0p1,0r1,0r0,0q1,1x2,z2,z3,1x3,0q2,0r2,0p2,0x2,b2,a2]
cut arcs by clause length (length:number) = {9: 4}
number of added block clauses (this increment) = 4
number of added block clauses (accumulated) = 1100
add block clauses time = 29.103us
increment time = 116.480us

CEGAR iteration...
cegar iteration = 252
sat solving time = 15.365us
number of subcycles found = 2
cycle lengths before merge (length:number) = {20: 1, 32: 1}
number of merge operations = 0
number of resulting cycles = 2
cycle lengths after merge (length:number) = {20: 1, 32: 1}
gb-trace iteration=252 subcycle id=C1 vertices=[a0,a5,a4,a3,b3,0x3,0p3,1x4,z4,z5,1x5,0q3,0r4,0r3,0q4,1x6,z6,z7,z0,1x0,0p0,1x7,0q5,0r5,0p5,0p4,0x4,b4,0x5,b5,0x0,b0]
gb-trace iteration=252 subcycle id=C2 vertices=[a1,b1,0x1,0p1,0r1,0q0,1x1,z1,z2,z3,1x3,0q2,1x2,0q1,0r0,0r2,0p2,0x2,b2,a2]
gb-trace iteration=252 resulting id=C1 vertices=[a0,a5,a4,a3,b3,0x3,0p3,1x4,z4,z5,1x5,0q3,0r4,0r3,0q4,1x6,z6,z7,z0,1x0,0p0,1x7,0q5,0r5,0p5,0p4,0x4,b4,0x5,b5,0x0,b0]
gb-trace iteration=252 resulting id=C2 vertices=[a1,b1,0x1,0p1,0r1,0q0,1x1,z1,z2,z3,1x3,0q2,1x2,0q1,0r0,0r2,0p2,0x2,b2,a2]
cut arcs by clause length (length:number) = {8: 4}
number of added block clauses (this increment) = 4
number of added block clauses (accumulated) = 1104
add block clauses time = 28.609us
increment time = 43.974us

CEGAR iteration...
cegar iteration = 253
sat solving time = 392.428us
number of subcycles found = 2
cycle lengths before merge (length:number) = {26: 2}
number of merge operations = 0
number of resulting cycles = 2
cycle lengths after merge (length:number) = {26: 2}
gb-trace iteration=253 subcycle id=C1 vertices=[a0,a1,a2,b2,0x2,b1,0x1,b0,0x0,0p0,1x0,z0,z7,1x7,0q5,1x6,z6,z5,1x5,0q4,0r3,0r5,0p5,0x5,b5,a5]
gb-trace iteration=253 subcycle id=C2 vertices=[a3,b3,0x3,0p3,1x3,0q2,1x2,0q1,0r0,0r2,0p2,0p1,0r1,0q0,1x1,z1,z2,z3,z4,1x4,0q3,0r4,0p4,0x4,b4,a4]
gb-trace iteration=253 resulting id=C1 vertices=[a0,a1,a2,b2,0x2,b1,0x1,b0,0x0,0p0,1x0,z0,z7,1x7,0q5,1x6,z6,z5,1x5,0q4,0r3,0r5,0p5,0x5,b5,a5]
gb-trace iteration=253 resulting id=C2 vertices=[a3,b3,0x3,0p3,1x3,0q2,1x2,0q1,0r0,0r2,0p2,0p1,0r1,0q0,1x1,z1,z2,z3,z4,1x4,0q3,0r4,0p4,0x4,b4,a4]
cut arcs by clause length (length:number) = {12: 4}
number of added block clauses (this increment) = 4
number of added block clauses (accumulated) = 1108
add block clauses time = 32.982us
increment time = 425.410us

CEGAR iteration...
cegar iteration = 254
sat solving time = 11.245us
number of subcycles found = 2
cycle lengths before merge (length:number) = {20: 1, 32: 1}
number of merge operations = 0
number of resulting cycles = 2
cycle lengths after merge (length:number) = {20: 1, 32: 1}
gb-trace iteration=254 subcycle id=C1 vertices=[a0,a1,a2,b2,0x2,b1,0x1,b0,0x0,0p0,1x0,z0,z7,1x7,0q5,0r5,0p5,0x5,b5,a5]
gb-trace iteration=254 subcycle id=C2 vertices=[a3,b3,0x3,0p3,1x3,0q2,1x2,0q1,0r0,0r2,0p2,0p1,0r1,0q0,1x1,z1,z2,z3,z4,1x4,0q3,1x5,z5,z6,1x6,0q4,0r3,0r4,0p4,0x4,b4,a4]
gb-trace iteration=254 resulting id=C1 vertices=[a0,a1,a2,b2,0x2,b1,0x1,b0,0x0,0p0,1x0,z0,z7,1x7,0q5,0r5,0p5,0x5,b5,a5]
gb-trace iteration=254 resulting id=C2 vertices=[a3,b3,0x3,0p3,1x3,0q2,1x2,0q1,0r0,0r2,0p2,0p1,0r1,0q0,1x1,z1,z2,z3,z4,1x4,0q3,1x5,z5,z6,1x6,0q4,0r3,0r4,0p4,0x4,b4,a4]
cut arcs by clause length (length:number) = {12: 4}
number of added block clauses (this increment) = 4
number of added block clauses (accumulated) = 1112
add block clauses time = 29.565us
increment time = 40.810us

CEGAR iteration...
cegar iteration = 255
sat solving time = 32.094us
number of subcycles found = 2
cycle lengths before merge (length:number) = {11: 1, 41: 1}
number of merge operations = 0
number of resulting cycles = 2
cycle lengths after merge (length:number) = {11: 1, 41: 1}
gb-trace iteration=255 subcycle id=C1 vertices=[a0,a1,a2,b2,0x2,b1,0x1,b0,0x0,0p0,1x7,0q5,1x6,z6,z7,z0,1x0,0q0,1x1,z1,z2,1x2,0q1,0r0,0r1,0p1,0p2,0r2,0q2,1x3,z3,z4,z5,1x5,0q4,0r3,0r5,0p5,0x5,b5,a5]
gb-trace iteration=255 subcycle id=C2 vertices=[a3,b3,0x3,0p3,1x4,0q3,0r4,0p4,0x4,b4,a4]
gb-trace iteration=255 resulting id=C1 vertices=[a0,a1,a2,b2,0x2,b1,0x1,b0,0x0,0p0,1x7,0q5,1x6,z6,z7,z0,1x0,0q0,1x1,z1,z2,1x2,0q1,0r0,0r1,0p1,0p2,0r2,0q2,1x3,z3,z4,z5,1x5,0q4,0r3,0r5,0p5,0x5,b5,a5]
gb-trace iteration=255 resulting id=C2 vertices=[a3,b3,0x3,0p3,1x4,0q3,0r4,0p4,0x4,b4,a4]
cut arcs by clause length (length:number) = {9: 4}
number of added block clauses (this increment) = 4
number of added block clauses (accumulated) = 1116
add block clauses time = 29.981us
increment time = 62.075us

CEGAR iteration...
cegar iteration = 256
sat solving time = 11.199us
number of subcycles found = 2
cycle lengths before merge (length:number) = {14: 1, 38: 1}
number of merge operations = 0
number of resulting cycles = 2
cycle lengths after merge (length:number) = {14: 1, 38: 1}
gb-trace iteration=256 subcycle id=C1 vertices=[a0,a1,a2,b2,0x2,b1,0x1,b0,0x0,0p0,1x7,z7,z0,1x0,0q0,1x1,z1,z2,1x2,0q1,0r0,0r1,0p1,0p2,0r2,0q2,1x3,z3,z4,z5,z6,1x6,0q5,0r5,0p5,0x5,b5,a5]
gb-trace iteration=256 subcycle id=C2 vertices=[a3,b3,0x3,0p3,1x4,0q3,1x5,0q4,0r3,0r4,0p4,0x4,b4,a4]
gb-trace iteration=256 resulting id=C1 vertices=[a0,a1,a2,b2,0x2,b1,0x1,b0,0x0,0p0,1x7,z7,z0,1x0,0q0,1x1,z1,z2,1x2,0q1,0r0,0r1,0p1,0p2,0r2,0q2,1x3,z3,z4,z5,z6,1x6,0q5,0r5,0p5,0x5,b5,a5]
gb-trace iteration=256 resulting id=C2 vertices=[a3,b3,0x3,0p3,1x4,0q3,1x5,0q4,0r3,0r4,0p4,0x4,b4,a4]
cut arcs by clause length (length:number) = {10: 4}
number of added block clauses (this increment) = 4
number of added block clauses (accumulated) = 1120
add block clauses time = 30.489us
increment time = 41.688us

CEGAR iteration...
cegar iteration = 257
sat solving time = 149.897us
number of subcycles found = 2
cycle lengths before merge (length:number) = {17: 1, 35: 1}
number of merge operations = 0
number of resulting cycles = 2
cycle lengths after merge (length:number) = {17: 1, 35: 1}
gb-trace iteration=257 subcycle id=C1 vertices=[a0,a1,a2,b2,0x2,b1,0x1,b0,0x0,0p0,1x7,0q5,0r5,0p5,0x5,b5,a5]
gb-trace iteration=257 subcycle id=C2 vertices=[a3,b3,0x3,0p3,1x4,0q3,1x5,z5,z4,z3,1x3,0q2,1x2,z2,z1,1x1,0q1,0r0,0r2,0p2,0p1,0r1,0q0,1x0,z0,z7,z6,1x6,0q4,0r3,0r4,0p4,0x4,b4,a4]
gb-trace iteration=257 resulting id=C1 vertices=[a0,a1,a2,b2,0x2,b1,0x1,b0,0x0,0p0,1x7,0q5,0r5,0p5,0x5,b5,a5]
gb-trace iteration=257 resulting id=C2 vertices=[a3,b3,0x3,0p3,1x4,0q3,1x5,z5,z4,z3,1x3,0q2,1x2,z2,z1,1x1,0q1,0r0,0r2,0p2,0p1,0r1,0q0,1x0,z0,z7,z6,1x6,0q4,0r3,0r4,0p4,0x4,b4,a4]
cut arcs by clause length (length:number) = {11: 4}
number of added block clauses (this increment) = 4
number of added block clauses (accumulated) = 1124
add block clauses time = 29.748us
increment time = 179.645us

CEGAR iteration...
cegar iteration = 258
sat solving time = 12.011us
number of subcycles found = 2
cycle lengths before merge (length:number) = {20: 1, 32: 1}
number of merge operations = 0
number of resulting cycles = 2
cycle lengths after merge (length:number) = {20: 1, 32: 1}
gb-trace iteration=258 subcycle id=C1 vertices=[a0,a1,a2,b2,0x2,b1,0x1,b0,0x0,0p0,1x7,0q5,1x6,0q4,0r3,0r5,0p5,0x5,b5,a5]
gb-trace iteration=258 subcycle id=C2 vertices=[a3,b3,0x3,0p3,1x4,z4,z3,1x3,0q2,1x2,z2,z1,1x1,0q1,0r0,0r2,0p2,0p1,0r1,0q0,1x0,z0,z7,z6,z5,1x5,0q3,0r4,0p4,0x4,b4,a4]
gb-trace iteration=258 resulting id=C1 vertices=[a0,a1,a2,b2,0x2,b1,0x1,b0,0x0,0p0,1x7,0q5,1x6,0q4,0r3,0r5,0p5,0x5,b5,a5]
gb-trace iteration=258 resulting id=C2 vertices=[a3,b3,0x3,0p3,1x4,z4,z3,1x3,0q2,1x2,z2,z1,1x1,0q1,0r0,0r2,0p2,0p1,0r1,0q0,1x0,z0,z7,z6,z5,1x5,0q3,0r4,0p4,0x4,b4,a4]
cut arcs by clause length (length:number) = {12: 4}
number of added block clauses (this increment) = 4
number of added block clauses (accumulated) = 1128
add block clauses time = 27.945us
increment time = 39.956us

CEGAR iteration...
cegar iteration = 259
sat solving time = 491.351us
number of subcycles found = 2
cycle lengths before merge (length:number) = {20: 1, 32: 1}
number of merge operations = 0
number of resulting cycles = 2
cycle lengths after merge (length:number) = {20: 1, 32: 1}
gb-trace iteration=259 subcycle id=C1 vertices=[a0,a5,a4,a3,b3,0x4,b4,0x5,b5,0x0,b0,0x1,b1,0x2,0p2,0p1,0r1,0r0,0r2,0q2,1x3,z3,z4,z5,1x5,0q3,1x4,0p3,0x3,b2,a2,a1]
gb-trace iteration=259 subcycle id=C2 vertices=[0p0,1x7,0q5,0r5,0p5,0p4,0r4,0r3,0q4,1x6,z6,z7,z0,z1,z2,1x2,0q1,1x1,0q0,1x0]
gb-trace iteration=259 resulting id=C1 vertices=[a0,a5,a4,a3,b3,0x4,b4,0x5,b5,0x0,b0,0x1,b1,0x2,0p2,0p1,0r1,0r0,0r2,0q2,1x3,z3,z4,z5,1x5,0q3,1x4,0p3,0x3,b2,a2,a1]
gb-trace iteration=259 resulting id=C2 vertices=[0p0,1x7,0q5,0r5,0p5,0p4,0r4,0r3,0q4,1x6,z6,z7,z0,z1,z2,1x2,0q1,1x1,0q0,1x0]
cut arcs by clause length (length:number) = {10: 4}
number of added block clauses (this increment) = 4
number of added block clauses (accumulated) = 1132
add block clauses time = 34.010us
increment time = 525.361us

CEGAR iteration...
cegar iteration = 260
sat solving time = 18.769us
number of subcycles found = 2
cycle lengths before merge (length:number) = {11: 1, 41: 1}
number of merge operations = 0
number of resulting cycles = 2
cycle lengths after merge (length:number) = {11: 1, 41: 1}
gb-trace iteration=260 subcycle id=C1 vertices=[a0,a5,a4,a3,b3,0x4,b4,0x5,b5,0x0,b0,0x1,b1,0x2,0p2,0p1,0r1,0r0,0r2,0q2,1x3,z3,z4,z5,z6,1x6,0q5,0r5,0p5,0p4,0r4,0r3,0q4,1x5,0q3,1x4,0p3,0x3,b2,a2,a1]
gb-trace iteration=260 subcycle id=C2 vertices=[0p0,1x7,z7,z0,z1,z2,1x2,0q1,1x1,0q0,1x0]
gb-trace iteration=260 resulting id=C1 vertices=[a0,a5,a4,a3,b3,0x4,b4,0x5,b5,0x0,b0,0x1,b1,0x2,0p2,0p1,0r1,0r0,0r2,0q2,1x3,z3,z4,z5,z6,1x6,0q5,0r5,0p5,0p4,0r4,0r3,0q4,1x5,0q3,1x4,0p3,0x3,b2,a2,a1]
gb-trace iteration=260 resulting id=C2 vertices=[0p0,1x7,z7,z0,z1,z2,1x2,0q1,1x1,0q0,1x0]
cut arcs by clause length (length:number) = {7: 4}
number of added block clauses (this increment) = 4
number of added block clauses (accumulated) = 1136
add block clauses time = 32.233us
increment time = 51.002us

CEGAR iteration...
cegar iteration = 261
sat solving time = 653.113us
number of subcycles found = 3
cycle lengths before merge (length:number) = {15: 1, 17: 1, 20: 1}
number of merge operations = 0
number of resulting cycles = 3
cycle lengths after merge (length:number) = {15: 1, 17: 1, 20: 1}
gb-trace iteration=261 subcycle id=C1 vertices=[a0,a5,a4,a3,b3,0x3,b2,a2,a1,b1,0x2,0p2,0p1,0x1,b0]
gb-trace iteration=261 subcycle id=C2 vertices=[b4,0x5,b5,0x0,0p0,1x7,z7,z6,z5,1x5,0q3,0r4,0r3,0q4,1x6,0q5,0r5,0p5,0p4,0x4]
gb-trace iteration=261 subcycle id=C3 vertices=[0q0,1x0,z0,z1,1x1,0q1,1x2,z2,z3,z4,1x4,0p3,1x3,0q2,0r2,0r0,0r1]
gb-trace iteration=261 resulting id=C1 vertices=[a0,a5,a4,a3,b3,0x3,b2,a2,a1,b1,0x2,0p2,0p1,0x1,b0]
gb-trace iteration=261 resulting id=C2 vertices=[b4,0x5,b5,0x0,0p0,1x7,z7,z6,z5,1x5,0q3,0r4,0r3,0q4,1x6,0q5,0r5,0p5,0p4,0x4]
gb-trace iteration=261 resulting id=C3 vertices=[0q0,1x0,z0,z1,1x1,0q1,1x2,z2,z3,z4,1x4,0p3,1x3,0q2,0r2,0r0,0r1]
cut arcs by clause length (length:number) = {7: 4, 8: 2}
number of added block clauses (this increment) = 6
number of added block clauses (accumulated) = 1142
add block clauses time = 38.833us
increment time = 691.946us

CEGAR iteration...
cegar iteration = 262
sat solving time = 1.092992ms
number of subcycles found = 2
cycle lengths before merge (length:number) = {26: 2}
number of merge operations = 0
number of resulting cycles = 2
cycle lengths after merge (length:number) = {26: 2}
gb-trace iteration=262 subcycle id=C1 vertices=[a0,b0,0x0,0p0,1x7,0q5,1x6,0q4,1x5,0q3,1x4,0p3,0x3,b3,a3,a4,b4,0x4,0p4,0r4,0r3,0r5,0p5,0x5,b5,a5]
gb-trace iteration=262 subcycle id=C2 vertices=[a1,b1,0x1,0p1,0r1,0r0,0q1,1x2,z2,z1,1x1,0q0,1x0,z0,z7,z6,z5,z4,z3,1x3,0q2,0r2,0p2,0x2,b2,a2]
gb-trace iteration=262 resulting id=C1 vertices=[a0,b0,0x0,0p0,1x7,0q5,1x6,0q4,1x5,0q3,1x4,0p3,0x3,b3,a3,a4,b4,0x4,0p4,0r4,0r3,0r5,0p5,0x5,b5,a5]
gb-trace iteration=262 resulting id=C2 vertices=[a1,b1,0x1,0p1,0r1,0r0,0q1,1x2,z2,z1,1x1,0q0,1x0,z0,z7,z6,z5,z4,z3,1x3,0q2,0r2,0p2,0x2,b2,a2]
cut arcs by clause length (length:number) = {10: 4}
number of added block clauses (this increment) = 4
number of added block clauses (accumulated) = 1146
add block clauses time = 42.091us
increment time = 1.135083ms

CEGAR iteration...
cegar iteration = 263
sat solving time = 14.448us
number of subcycles found = 2
cycle lengths before merge (length:number) = {23: 1, 29: 1}
number of merge operations = 0
number of resulting cycles = 2
cycle lengths after merge (length:number) = {23: 1, 29: 1}
gb-trace iteration=263 subcycle id=C1 vertices=[a0,b0,0x0,0p0,1x7,0q5,0r5,0r3,0r4,0q3,1x4,0p3,0x3,b3,a3,a4,b4,0x4,0p4,0p5,0x5,b5,a5]
gb-trace iteration=263 subcycle id=C2 vertices=[a1,b1,0x1,0p1,0r1,0r0,0q1,1x2,z2,z1,1x1,0q0,1x0,z0,z7,z6,1x6,0q4,1x5,z5,z4,z3,1x3,0q2,0r2,0p2,0x2,b2,a2]
gb-trace iteration=263 resulting id=C1 vertices=[a0,b0,0x0,0p0,1x7,0q5,0r5,0r3,0r4,0q3,1x4,0p3,0x3,b3,a3,a4,b4,0x4,0p4,0p5,0x5,b5,a5]
gb-trace iteration=263 resulting id=C2 vertices=[a1,b1,0x1,0p1,0r1,0r0,0q1,1x2,z2,z1,1x1,0q0,1x0,z0,z7,z6,1x6,0q4,1x5,z5,z4,z3,1x3,0q2,0r2,0p2,0x2,b2,a2]
cut arcs by clause length (length:number) = {11: 4}
number of added block clauses (this increment) = 4
number of added block clauses (accumulated) = 1150
add block clauses time = 30.695us
increment time = 45.143us

CEGAR iteration...
cegar iteration = 264
sat solving time = 84.962us
number of subcycles found = 2
cycle lengths before merge (length:number) = {17: 1, 35: 1}
number of merge operations = 0
number of resulting cycles = 2
cycle lengths after merge (length:number) = {17: 1, 35: 1}
gb-trace iteration=264 subcycle id=C1 vertices=[a0,b0,0x0,0p0,1x7,z7,z6,z5,1x5,0q3,1x4,z4,z3,z2,1x2,0q2,1x3,0p3,0x3,b3,a3,a4,b4,0x4,0p4,0r4,0r3,0q4,1x6,0q5,0r5,0p5,0x5,b5,a5]
gb-trace iteration=264 subcycle id=C2 vertices=[a1,b1,0x1,0p1,0r1,0q0,1x0,z0,z1,1x1,0q1,0r0,0r2,0p2,0x2,b2,a2]
gb-trace iteration=264 resulting id=C1 vertices=[a0,b0,0x0,0p0,1x7,z7,z6,z5,1x5,0q3,1x4,z4,z3,z2,1x2,0q2,1x3,0p3,0x3,b3,a3,a4,b4,0x4,0p4,0r4,0r3,0q4,1x6,0q5,0r5,0p5,0x5,b5,a5]
gb-trace iteration=264 resulting id=C2 vertices=[a1,b1,0x1,0p1,0r1,0q0,1x0,z0,z1,1x1,0q1,0r0,0r2,0p2,0x2,b2,a2]
cut arcs by clause length (length:number) = {9: 4}
number of added block clauses (this increment) = 4
number of added block clauses (accumulated) = 1154
add block clauses time = 33.136us
increment time = 118.098us

CEGAR iteration...
cegar iteration = 265
sat solving time = 38.566us
number of subcycles found = 2
cycle lengths before merge (length:number) = {14: 1, 38: 1}
number of merge operations = 0
number of resulting cycles = 2
cycle lengths after merge (length:number) = {14: 1, 38: 1}
gb-trace iteration=265 subcycle id=C1 vertices=[a0,b0,0x0,0p0,1x7,z7,z0,1x0,0q0,1x1,z1,z2,z3,1x3,0p3,0x3,b3,a3,a4,b4,0x4,0p4,0r4,0r3,0q4,1x5,0q3,1x4,z4,z5,z6,1x6,0q5,0r5,0p5,0x5,b5,a5]
gb-trace iteration=265 subcycle id=C2 vertices=[a1,b1,0x1,0p1,0r1,0r0,0q1,1x2,0q2,0r2,0p2,0x2,b2,a2]
gb-trace iteration=265 resulting id=C1 vertices=[a0,b0,0x0,0p0,1x7,z7,z0,1x0,0q0,1x1,z1,z2,z3,1x3,0p3,0x3,b3,a3,a4,b4,0x4,0p4,0r4,0r3,0q4,1x5,0q3,1x4,z4,z5,z6,1x6,0q5,0r5,0p5,0x5,b5,a5]
gb-trace iteration=265 resulting id=C2 vertices=[a1,b1,0x1,0p1,0r1,0r0,0q1,1x2,0q2,0r2,0p2,0x2,b2,a2]
cut arcs by clause length (length:number) = {8: 4}
number of added block clauses (this increment) = 4
number of added block clauses (accumulated) = 1158
add block clauses time = 31.105us
increment time = 69.671us

CEGAR iteration...
cegar iteration = 266
sat solving time = 3.133897ms
number of subcycles found = 2
cycle lengths before merge (length:number) = {23: 1, 29: 1}
number of merge operations = 0
number of resulting cycles = 2
cycle lengths after merge (length:number) = {23: 1, 29: 1}
gb-trace iteration=266 subcycle id=C1 vertices=[a0,a1,b1,0x2,0p2,0r2,0r0,0q1,1x1,z1,z0,z7,1x7,0q5,0r5,0p5,0x5,b4,a4,a5,b5,0x0,0p0,1x0,0q0,0r1,0p1,0x1,b0]
gb-trace iteration=266 subcycle id=C2 vertices=[a2,b2,0x3,0p3,1x3,0q2,1x2,z2,z3,z4,1x4,0q3,1x5,z5,z6,1x6,0q4,0r3,0r4,0p4,0x4,b3,a3]
gb-trace iteration=266 resulting id=C1 vertices=[a0,a1,b1,0x2,0p2,0r2,0r0,0q1,1x1,z1,z0,z7,1x7,0q5,0r5,0p5,0x5,b4,a4,a5,b5,0x0,0p0,1x0,0q0,0r1,0p1,0x1,b0]
gb-trace iteration=266 resulting id=C2 vertices=[a2,b2,0x3,0p3,1x3,0q2,1x2,z2,z3,z4,1x4,0q3,1x5,z5,z6,1x6,0q4,0r3,0r4,0p4,0x4,b3,a3]
cut arcs by clause length (length:number) = {11: 4}
number of added block clauses (this increment) = 4
number of added block clauses (accumulated) = 1162
add block clauses time = 52.185us
increment time = 3.186082ms

CEGAR iteration...
cegar iteration = 267
sat solving time = 35.445us
number of subcycles found = 2
cycle lengths before merge (length:number) = {17: 1, 35: 1}
number of merge operations = 0
number of resulting cycles = 2
cycle lengths after merge (length:number) = {17: 1, 35: 1}
gb-trace iteration=267 subcycle id=C1 vertices=[a0,a1,b1,0x2,0p2,0r2,0r0,0q1,1x1,z1,z0,z7,1x7,0q5,1x6,z6,z5,1x5,0q4,0r3,0r5,0p5,0x5,b4,a4,a5,b5,0x0,0p0,1x0,0q0,0r1,0p1,0x1,b0]
gb-trace iteration=267 subcycle id=C2 vertices=[a2,b2,0x3,0p3,1x3,0q2,1x2,z2,z3,z4,1x4,0q3,0r4,0p4,0x4,b3,a3]
gb-trace iteration=267 resulting id=C1 vertices=[a0,a1,b1,0x2,0p2,0r2,0r0,0q1,1x1,z1,z0,z7,1x7,0q5,1x6,z6,z5,1x5,0q4,0r3,0r5,0p5,0x5,b4,a4,a5,b5,0x0,0p0,1x0,0q0,0r1,0p1,0x1,b0]
gb-trace iteration=267 resulting id=C2 vertices=[a2,b2,0x3,0p3,1x3,0q2,1x2,z2,z3,z4,1x4,0q3,0r4,0p4,0x4,b3,a3]
cut arcs by clause length (length:number) = {11: 4}
number of added block clauses (this increment) = 4
number of added block clauses (accumulated) = 1166
add block clauses time = 33.499us
increment time = 68.944us

CEGAR iteration...
cegar iteration = 268
sat solving time = 1.143106ms
number of subcycles found = 2
cycle lengths before merge (length:number) = {14: 1, 38: 1}
number of merge operations = 0
number of resulting cycles = 2
cycle lengths after merge (length:number) = {14: 1, 38: 1}
gb-trace iteration=268 subcycle id=C1 vertices=[a0,b0,0x0,0p0,1x7,z7,z6,1x6,0q5,0r5,0p5,0p4,0x4,b3,0x3,b2,0x2,0p2,0r2,0r0,0q1,1x1,z1,z0,1x0,0q0,0r1,0p1,0x1,b1,a1,a2,a3,a4,b4,0x5,b5,a5]
gb-trace iteration=268 subcycle id=C2 vertices=[0q2,1x2,z2,z3,z4,z5,1x5,0q4,0r3,0r4,0q3,1x4,0p3,1x3]
gb-trace iteration=268 resulting id=C1 vertices=[a0,b0,0x0,0p0,1x7,z7,z6,1x6,0q5,0r5,0p5,0p4,0x4,b3,0x3,b2,0x2,0p2,0r2,0r0,0q1,1x1,z1,z0,1x0,0q0,0r1,0p1,0x1,b1,a1,a2,a3,a4,b4,0x5,b5,a5]
gb-trace iteration=268 resulting id=C2 vertices=[0q2,1x2,z2,z3,z4,z5,1x5,0q4,0r3,0r4,0q3,1x4,0p3,1x3]
cut arcs by clause length (length:number) = {8: 4}
number of added block clauses (this increment) = 4
number of added block clauses (accumulated) = 1170
add block clauses time = 38.918us
increment time = 1.182024ms

CEGAR iteration...
cegar iteration = 269
sat solving time = 29.306us
number of subcycles found = 2
cycle lengths before merge (length:number) = {23: 1, 29: 1}
number of merge operations = 0
number of resulting cycles = 2
cycle lengths after merge (length:number) = {23: 1, 29: 1}
gb-trace iteration=269 subcycle id=C1 vertices=[a0,b0,0x0,0p0,1x7,z7,z6,1x6,0q5,0r5,0p5,0p4,0x4,b3,0x3,b2,0x2,0p2,0p1,0x1,b1,a1,a2,a3,a4,b4,0x5,b5,a5]
gb-trace iteration=269 subcycle id=C2 vertices=[0q0,1x0,z0,z1,1x1,0q1,1x2,z2,z3,z4,z5,1x5,0q4,0r3,0r4,0q3,1x4,0p3,1x3,0q2,0r2,0r0,0r1]
gb-trace iteration=269 resulting id=C1 vertices=[a0,b0,0x0,0p0,1x7,z7,z6,1x6,0q5,0r5,0p5,0p4,0x4,b3,0x3,b2,0x2,0p2,0p1,0x1,b1,a1,a2,a3,a4,b4,0x5,b5,a5]
gb-trace iteration=269 resulting id=C2 vertices=[0q0,1x0,z0,z1,1x1,0q1,1x2,z2,z3,z4,z5,1x5,0q4,0r3,0r4,0q3,1x4,0p3,1x3,0q2,0r2,0r0,0r1]
cut arcs by clause length (length:number) = {9: 4}
number of added block clauses (this increment) = 4
number of added block clauses (accumulated) = 1174
add block clauses time = 30.868us
increment time = 60.174us

CEGAR iteration...
cegar iteration = 270
sat solving time = 612.292us
number of subcycles found = 2
cycle lengths before merge (length:number) = {14: 1, 38: 1}
number of merge operations = 0
number of resulting cycles = 2
cycle lengths after merge (length:number) = {14: 1, 38: 1}
gb-trace iteration=270 subcycle id=C1 vertices=[a0,a1,b1,0x2,0p2,0r2,0r0,0q1,1x1,z1,z2,1x2,0q2,1x3,z3,z4,z5,z6,1x6,0q5,0r5,0p5,0x5,b4,a4,a5,b5,0x0,0p0,1x7,z7,z0,1x0,0q0,0r1,0p1,0x1,b0]
gb-trace iteration=270 subcycle id=C2 vertices=[a2,b2,0x3,0p3,1x4,0q3,1x5,0q4,0r3,0r4,0p4,0x4,b3,a3]
gb-trace iteration=270 resulting id=C1 vertices=[a0,a1,b1,0x2,0p2,0r2,0r0,0q1,1x1,z1,z2,1x2,0q2,1x3,z3,z4,z5,z6,1x6,0q5,0r5,0p5,0x5,b4,a4,a5,b5,0x0,0p0,1x7,z7,z0,1x0,0q0,0r1,0p1,0x1,b0]
gb-trace iteration=270 resulting id=C2 vertices=[a2,b2,0x3,0p3,1x4,0q3,1x5,0q4,0r3,0r4,0p4,0x4,b3,a3]
cut arcs by clause length (length:number) = {10: 4}
number of added block clauses (this increment) = 4
number of added block clauses (accumulated) = 1178
add block clauses time = 32.943us
increment time = 645.235us

CEGAR iteration...
cegar iteration = 271
sat solving time = 6.680048ms
number of subcycles found = 2
cycle lengths before merge (length:number) = {17: 1, 35: 1}
number of merge operations = 0
number of resulting cycles = 2
cycle lengths after merge (length:number) = {17: 1, 35: 1}
gb-trace iteration=271 subcycle id=C1 vertices=[a0,a1,b1,0x2,0p2,0r2,0r0,0q1,1x1,z1,z0,1x0,0q0,0r1,0p1,0x1,b0]
gb-trace iteration=271 subcycle id=C2 vertices=[a2,a3,a4,a5,b5,0x0,0p0,1x7,z7,z6,1x6,0q5,0r5,0r3,0q4,1x5,z5,z4,z3,z2,1x2,0q2,1x3,0p3,1x4,0q3,0r4,0p4,0p5,0x5,b4,0x4,b3,0x3,b2]
gb-trace iteration=271 resulting id=C1 vertices=[a0,a1,b1,0x2,0p2,0r2,0r0,0q1,1x1,z1,z0,1x0,0q0,0r1,0p1,0x1,b0]
gb-trace iteration=271 resulting id=C2 vertices=[a2,a3,a4,a5,b5,0x0,0p0,1x7,z7,z6,1x6,0q5,0r5,0r3,0q4,1x5,z5,z4,z3,z2,1x2,0q2,1x3,0p3,1x4,0q3,0r4,0p4,0p5,0x5,b4,0x4,b3,0x3,b2]
cut arcs by clause length (length:number) = {9: 4}
number of added block clauses (this increment) = 4
number of added block clauses (accumulated) = 1182
add block clauses time = 56.610us
increment time = 6.736658ms

CEGAR iteration...
cegar iteration = 272
sat solving time = 179.536us
number of subcycles found = 2
cycle lengths before merge (length:number) = {23: 1, 29: 1}
number of merge operations = 0
number of resulting cycles = 2
cycle lengths after merge (length:number) = {23: 1, 29: 1}
gb-trace iteration=272 subcycle id=C1 vertices=[a0,b0,0x1,0p1,0p2,0r2,0r0,0r1,0q0,1x1,0q1,1x2,0q2,1x3,0p3,1x4,0q3,1x5,z5,z4,z3,z2,z1,z0,1x0,0p0,0x0,b5,a5]
gb-trace iteration=272 subcycle id=C2 vertices=[a1,b1,0x2,b2,0x3,b3,0x4,0p4,0r4,0r3,0q4,1x6,z6,z7,1x7,0q5,0r5,0p5,0x5,b4,a4,a3,a2]
gb-trace iteration=272 resulting id=C1 vertices=[a0,b0,0x1,0p1,0p2,0r2,0r0,0r1,0q0,1x1,0q1,1x2,0q2,1x3,0p3,1x4,0q3,1x5,z5,z4,z3,z2,z1,z0,1x0,0p0,0x0,b5,a5]
gb-trace iteration=272 resulting id=C2 vertices=[a1,b1,0x2,b2,0x3,b3,0x4,0p4,0r4,0r3,0q4,1x6,z6,z7,1x7,0q5,0r5,0p5,0x5,b4,a4,a3,a2]
cut arcs by clause length (length:number) = {11: 4}
number of added block clauses (this increment) = 4
number of added block clauses (accumulated) = 1186
add block clauses time = 37.177us
increment time = 216.713us

CEGAR iteration...
cegar iteration = 273
sat solving time = 220.757us
number of subcycles found = 2
cycle lengths before merge (length:number) = {26: 2}
number of merge operations = 0
number of resulting cycles = 2
cycle lengths after merge (length:number) = {26: 2}
gb-trace iteration=273 subcycle id=C1 vertices=[a0,a1,b1,0x2,0p2,0r2,0r0,0q1,1x2,0q2,1x3,0p3,1x4,z4,z3,z2,z1,1x1,0q0,0r1,0p1,0x1,b0,0x0,b5,a5]
gb-trace iteration=273 subcycle id=C2 vertices=[a2,b2,0x3,b3,0x4,0p4,0r4,0q3,1x5,z5,z6,z7,z0,1x0,0p0,1x7,0q5,1x6,0q4,0r3,0r5,0p5,0x5,b4,a4,a3]
gb-trace iteration=273 resulting id=C1 vertices=[a0,a1,b1,0x2,0p2,0r2,0r0,0q1,1x2,0q2,1x3,0p3,1x4,z4,z3,z2,z1,1x1,0q0,0r1,0p1,0x1,b0,0x0,b5,a5]
gb-trace iteration=273 resulting id=C2 vertices=[a2,b2,0x3,b3,0x4,0p4,0r4,0q3,1x5,z5,z6,z7,z0,1x0,0p0,1x7,0q5,1x6,0q4,0r3,0r5,0p5,0x5,b4,a4,a3]
cut arcs by clause length (length:number) = {10: 4}
number of added block clauses (this increment) = 4
number of added block clauses (accumulated) = 1190
add block clauses time = 36.303us
increment time = 257.060us

CEGAR iteration...
cegar iteration = 274
sat solving time = 19.738us
number of subcycles found = 2
cycle lengths before merge (length:number) = {26: 2}
number of merge operations = 0
number of resulting cycles = 2
cycle lengths after merge (length:number) = {26: 2}
gb-trace iteration=274 subcycle id=C1 vertices=[a0,a5,a4,b4,0x4,0p4,0r4,0q3,1x5,z5,z6,z7,z0,1x0,0p0,1x7,0q5,1x6,0q4,0r3,0r5,0p5,0x5,b5,0x0,b0]
gb-trace iteration=274 subcycle id=C2 vertices=[a1,a2,a3,b3,0x3,b2,0x2,0p2,0r2,0r0,0q1,1x2,0q2,1x3,0p3,1x4,z4,z3,z2,z1,1x1,0q0,0r1,0p1,0x1,b1]
gb-trace iteration=274 resulting id=C1 vertices=[a0,a5,a4,b4,0x4,0p4,0r4,0q3,1x5,z5,z6,z7,z0,1x0,0p0,1x7,0q5,1x6,0q4,0r3,0r5,0p5,0x5,b5,0x0,b0]
gb-trace iteration=274 resulting id=C2 vertices=[a1,a2,a3,b3,0x3,b2,0x2,0p2,0r2,0r0,0q1,1x2,0q2,1x3,0p3,1x4,z4,z3,z2,z1,1x1,0q0,0r1,0p1,0x1,b1]
cut arcs by clause length (length:number) = {8: 4}
number of added block clauses (this increment) = 4
number of added block clauses (accumulated) = 1194
add block clauses time = 32.973us
increment time = 52.711us

CEGAR iteration...
cegar iteration = 275
sat solving time = 15.984us
number of subcycles found = 2
cycle lengths before merge (length:number) = {23: 1, 29: 1}
number of merge operations = 0
number of resulting cycles = 2
cycle lengths after merge (length:number) = {23: 1, 29: 1}
gb-trace iteration=275 subcycle id=C1 vertices=[a0,a5,a4,b4,0x4,0p4,0r4,0r3,0q4,1x6,z6,z7,z0,1x0,0p0,1x7,0q5,0r5,0p5,0x5,b5,0x0,b0]
gb-trace iteration=275 subcycle id=C2 vertices=[a1,a2,a3,b3,0x3,b2,0x2,0p2,0r2,0r0,0q1,1x2,0q2,1x3,0p3,1x4,0q3,1x5,z5,z4,z3,z2,z1,1x1,0q0,0r1,0p1,0x1,b1]
gb-trace iteration=275 resulting id=C1 vertices=[a0,a5,a4,b4,0x4,0p4,0r4,0r3,0q4,1x6,z6,z7,z0,1x0,0p0,1x7,0q5,0r5,0p5,0x5,b5,0x0,b0]
gb-trace iteration=275 resulting id=C2 vertices=[a1,a2,a3,b3,0x3,b2,0x2,0p2,0r2,0r0,0q1,1x2,0q2,1x3,0p3,1x4,0q3,1x5,z5,z4,z3,z2,z1,1x1,0q0,0r1,0p1,0x1,b1]
cut arcs by clause length (length:number) = {9: 4}
number of added block clauses (this increment) = 4
number of added block clauses (accumulated) = 1198
add block clauses time = 33.696us
increment time = 49.680us

CEGAR iteration...
cegar iteration = 276
sat solving time = 32.112us
number of subcycles found = 2
cycle lengths before merge (length:number) = {23: 1, 29: 1}
number of merge operations = 0
number of resulting cycles = 2
cycle lengths after merge (length:number) = {23: 1, 29: 1}
gb-trace iteration=276 subcycle id=C1 vertices=[a0,a1,b1,0x2,0p2,0r2,0r0,0q1,1x2,0q2,1x3,0p3,1x4,0q3,1x5,z5,z4,z3,z2,z1,1x1,0q0,0r1,0p1,0x1,b0,0x0,b5,a5]
gb-trace iteration=276 subcycle id=C2 vertices=[a2,b2,0x3,b3,0x4,0p4,0r4,0r3,0q4,1x6,z6,z7,z0,1x0,0p0,1x7,0q5,0r5,0p5,0x5,b4,a4,a3]
gb-trace iteration=276 resulting id=C1 vertices=[a0,a1,b1,0x2,0p2,0r2,0r0,0q1,1x2,0q2,1x3,0p3,1x4,0q3,1x5,z5,z4,z3,z2,z1,1x1,0q0,0r1,0p1,0x1,b0,0x0,b5,a5]
gb-trace iteration=276 resulting id=C2 vertices=[a2,b2,0x3,b3,0x4,0p4,0r4,0r3,0q4,1x6,z6,z7,z0,1x0,0p0,1x7,0q5,0r5,0p5,0x5,b4,a4,a3]
cut arcs by clause length (length:number) = {11: 4}
number of added block clauses (this increment) = 4
number of added block clauses (accumulated) = 1202
add block clauses time = 35.554us
increment time = 67.666us

CEGAR iteration...
cegar iteration = 277
sat solving time = 158.975us
number of subcycles found = 2
cycle lengths before merge (length:number) = {17: 1, 35: 1}
number of merge operations = 0
number of resulting cycles = 2
cycle lengths after merge (length:number) = {17: 1, 35: 1}
gb-trace iteration=277 subcycle id=C1 vertices=[a0,a5,b5,0x5,0p5,0p4,0r4,0r3,0r5,0q5,1x7,z7,z0,1x0,0p0,0x0,b0]
gb-trace iteration=277 subcycle id=C2 vertices=[a1,a2,a3,a4,b4,0x4,b3,0x3,b2,0x2,0p2,0r2,0r0,0q1,1x2,0q2,1x3,0p3,1x4,0q3,1x5,0q4,1x6,z6,z5,z4,z3,z2,z1,1x1,0q0,0r1,0p1,0x1,b1]
gb-trace iteration=277 resulting id=C1 vertices=[a0,a5,b5,0x5,0p5,0p4,0r4,0r3,0r5,0q5,1x7,z7,z0,1x0,0p0,0x0,b0]
gb-trace iteration=277 resulting id=C2 vertices=[a1,a2,a3,a4,b4,0x4,b3,0x3,b2,0x2,0p2,0r2,0r0,0q1,1x2,0q2,1x3,0p3,1x4,0q3,1x5,0q4,1x6,z6,z5,z4,z3,z2,z1,1x1,0q0,0r1,0p1,0x1,b1]
cut arcs by clause length (length:number) = {11: 4}
number of added block clauses (this increment) = 4
number of added block clauses (accumulated) = 1206
add block clauses time = 33.318us
increment time = 192.293us

CEGAR iteration...
cegar iteration = 278
sat solving time = 16.523us
number of subcycles found = 2
cycle lengths before merge (length:number) = {23: 1, 29: 1}
number of merge operations = 0
number of resulting cycles = 2
cycle lengths after merge (length:number) = {23: 1, 29: 1}
gb-trace iteration=278 subcycle id=C1 vertices=[a0,a5,b5,0x5,0p5,0p4,0r4,0q3,1x5,z5,z6,1x6,0q4,0r3,0r5,0q5,1x7,z7,z0,1x0,0p0,0x0,b0]
gb-trace iteration=278 subcycle id=C2 vertices=[a1,a2,a3,a4,b4,0x4,b3,0x3,b2,0x2,0p2,0r2,0r0,0q1,1x2,0q2,1x3,0p3,1x4,z4,z3,z2,z1,1x1,0q0,0r1,0p1,0x1,b1]
gb-trace iteration=278 resulting id=C1 vertices=[a0,a5,b5,0x5,0p5,0p4,0r4,0q3,1x5,z5,z6,1x6,0q4,0r3,0r5,0q5,1x7,z7,z0,1x0,0p0,0x0,b0]
gb-trace iteration=278 resulting id=C2 vertices=[a1,a2,a3,a4,b4,0x4,b3,0x3,b2,0x2,0p2,0r2,0r0,0q1,1x2,0q2,1x3,0p3,1x4,z4,z3,z2,z1,1x1,0q0,0r1,0p1,0x1,b1]
cut arcs by clause length (length:number) = {9: 4}
number of added block clauses (this increment) = 4
number of added block clauses (accumulated) = 1210
add block clauses time = 30.843us
increment time = 47.366us

CEGAR iteration...
cegar iteration = 279
sat solving time = 18.309us
number of subcycles found = 2
cycle lengths before merge (length:number) = {23: 1, 29: 1}
number of merge operations = 0
number of resulting cycles = 2
cycle lengths after merge (length:number) = {23: 1, 29: 1}
gb-trace iteration=279 subcycle id=C1 vertices=[a0,a1,b1,0x2,0p2,0r2,0r0,0q1,1x2,0q2,1x3,0p3,1x4,z4,z3,z2,z1,1x1,0q0,0r1,0p1,0x1,b0]
gb-trace iteration=279 subcycle id=C2 vertices=[a2,b2,0x3,b3,0x4,b4,0x5,0p5,0p4,0r4,0q3,1x5,z5,z6,1x6,0q4,0r3,0r5,0q5,1x7,z7,z0,1x0,0p0,0x0,b5,a5,a4,a3]
gb-trace iteration=279 resulting id=C1 vertices=[a0,a1,b1,0x2,0p2,0r2,0r0,0q1,1x2,0q2,1x3,0p3,1x4,z4,z3,z2,z1,1x1,0q0,0r1,0p1,0x1,b0]
gb-trace iteration=279 resulting id=C2 vertices=[a2,b2,0x3,b3,0x4,b4,0x5,0p5,0p4,0r4,0q3,1x5,z5,z6,1x6,0q4,0r3,0r5,0q5,1x7,z7,z0,1x0,0p0,0x0,b5,a5,a4,a3]
cut arcs by clause length (length:number) = {9: 4}
number of added block clauses (this increment) = 4
number of added block clauses (accumulated) = 1214
add block clauses time = 32.294us
increment time = 50.603us

CEGAR iteration...
cegar iteration = 280
sat solving time = 18.254us
number of subcycles found = 2
cycle lengths before merge (length:number) = {23: 1, 29: 1}
number of merge operations = 0
number of resulting cycles = 2
cycle lengths after merge (length:number) = {23: 1, 29: 1}
gb-trace iteration=280 subcycle id=C1 vertices=[a0,a1,b1,0x2,0p2,0r2,0r0,0q1,1x2,0q2,1x3,0p3,1x4,0q3,1x5,0q4,1x6,z6,z5,z4,z3,z2,z1,1x1,0q0,0r1,0p1,0x1,b0]
gb-trace iteration=280 subcycle id=C2 vertices=[a2,b2,0x3,b3,0x4,b4,0x5,0p5,0p4,0r4,0r3,0r5,0q5,1x7,z7,z0,1x0,0p0,0x0,b5,a5,a4,a3]
gb-trace iteration=280 resulting id=C1 vertices=[a0,a1,b1,0x2,0p2,0r2,0r0,0q1,1x2,0q2,1x3,0p3,1x4,0q3,1x5,0q4,1x6,z6,z5,z4,z3,z2,z1,1x1,0q0,0r1,0p1,0x1,b0]
gb-trace iteration=280 resulting id=C2 vertices=[a2,b2,0x3,b3,0x4,b4,0x5,0p5,0p4,0r4,0r3,0r5,0q5,1x7,z7,z0,1x0,0p0,0x0,b5,a5,a4,a3]
cut arcs by clause length (length:number) = {11: 4}
number of added block clauses (this increment) = 4
number of added block clauses (accumulated) = 1218
add block clauses time = 33.214us
increment time = 51.468us

CEGAR iteration...
cegar iteration = 281
sat solving time = 96.506us
number of subcycles found = 2
cycle lengths before merge (length:number) = {20: 1, 32: 1}
number of merge operations = 0
number of resulting cycles = 2
cycle lengths after merge (length:number) = {20: 1, 32: 1}
gb-trace iteration=281 subcycle id=C1 vertices=[a0,a1,b1,0x2,0p2,0r2,0q2,1x3,0p3,1x4,z4,z3,z2,1x2,0q1,0r0,0r1,0p1,0x1,b0]
gb-trace iteration=281 subcycle id=C2 vertices=[a2,b2,0x3,b3,0x4,b4,0x5,0p5,0p4,0r4,0q3,1x5,z5,z6,1x6,0q4,0r3,0r5,0q5,1x7,z7,z0,z1,1x1,0q0,1x0,0p0,0x0,b5,a5,a4,a3]
gb-trace iteration=281 resulting id=C1 vertices=[a0,a1,b1,0x2,0p2,0r2,0q2,1x3,0p3,1x4,z4,z3,z2,1x2,0q1,0r0,0r1,0p1,0x1,b0]
gb-trace iteration=281 resulting id=C2 vertices=[a2,b2,0x3,b3,0x4,b4,0x5,0p5,0p4,0r4,0q3,1x5,z5,z6,1x6,0q4,0r3,0r5,0q5,1x7,z7,z0,z1,1x1,0q0,1x0,0p0,0x0,b5,a5,a4,a3]
cut arcs by clause length (length:number) = {10: 4}
number of added block clauses (this increment) = 4
number of added block clauses (accumulated) = 1222
add block clauses time = 34.996us
increment time = 131.502us

CEGAR iteration...
cegar iteration = 282
sat solving time = 51.933us
number of subcycles found = 2
cycle lengths before merge (length:number) = {23: 1, 29: 1}
number of merge operations = 0
number of resulting cycles = 2
cycle lengths after merge (length:number) = {23: 1, 29: 1}
gb-trace iteration=282 subcycle id=C1 vertices=[a0,a5,b5,0x0,b0,0x1,0p1,0r1,0q0,1x0,0p0,1x7,z7,z0,z1,1x1,0q1,0r0,0r2,0p2,0x2,b1,a1]
gb-trace iteration=282 subcycle id=C2 vertices=[a2,a3,a4,b4,0x5,0p5,0r5,0q5,1x6,z6,z5,z4,z3,z2,1x2,0q2,1x3,0p3,1x4,0q3,1x5,0q4,0r3,0r4,0p4,0x4,b3,0x3,b2]
gb-trace iteration=282 resulting id=C1 vertices=[a0,a5,b5,0x0,b0,0x1,0p1,0r1,0q0,1x0,0p0,1x7,z7,z0,z1,1x1,0q1,0r0,0r2,0p2,0x2,b1,a1]
gb-trace iteration=282 resulting id=C2 vertices=[a2,a3,a4,b4,0x5,0p5,0r5,0q5,1x6,z6,z5,z4,z3,z2,1x2,0q2,1x3,0p3,1x4,0q3,1x5,0q4,0r3,0r4,0p4,0x4,b3,0x3,b2]
cut arcs by clause length (length:number) = {9: 4}
number of added block clauses (this increment) = 4
number of added block clauses (accumulated) = 1226
add block clauses time = 33.297us
increment time = 85.230us

CEGAR iteration...
cegar iteration = 283
sat solving time = 25.566us
number of subcycles found = 2
cycle lengths before merge (length:number) = {23: 1, 29: 1}
number of merge operations = 0
number of resulting cycles = 2
cycle lengths after merge (length:number) = {23: 1, 29: 1}
gb-trace iteration=283 subcycle id=C1 vertices=[a0,b0,0x0,b5,0x5,0p5,0r5,0q5,1x6,z6,z5,z4,z3,z2,1x2,0q2,1x3,0p3,1x4,0q3,1x5,0q4,0r3,0r4,0p4,0x4,b4,a4,a5]
gb-trace iteration=283 subcycle id=C2 vertices=[a1,b1,0x1,0p1,0r1,0q0,1x0,0p0,1x7,z7,z0,z1,1x1,0q1,0r0,0r2,0p2,0x2,b2,0x3,b3,a3,a2]
gb-trace iteration=283 resulting id=C1 vertices=[a0,b0,0x0,b5,0x5,0p5,0r5,0q5,1x6,z6,z5,z4,z3,z2,1x2,0q2,1x3,0p3,1x4,0q3,1x5,0q4,0r3,0r4,0p4,0x4,b4,a4,a5]
gb-trace iteration=283 resulting id=C2 vertices=[a1,b1,0x1,0p1,0r1,0q0,1x0,0p0,1x7,z7,z0,z1,1x1,0q1,0r0,0r2,0p2,0x2,b2,0x3,b3,a3,a2]
cut arcs by clause length (length:number) = {11: 4}
number of added block clauses (this increment) = 4
number of added block clauses (accumulated) = 1230
add block clauses time = 32.841us
increment time = 58.407us

CEGAR iteration...
cegar iteration = 284
sat solving time = 328.715us
number of subcycles found = 2
cycle lengths before merge (length:number) = {26: 2}
number of merge operations = 0
number of resulting cycles = 2
cycle lengths after merge (length:number) = {26: 2}
gb-trace iteration=284 subcycle id=C1 vertices=[a0,a5,b5,0x0,b0,0x1,0p1,0r1,0q0,1x0,0p0,1x7,0q5,1x6,z6,z7,z0,z1,1x1,0q1,0r0,0r2,0p2,0x2,b1,a1]
gb-trace iteration=284 subcycle id=C2 vertices=[a2,a3,a4,b4,0x5,0p5,0r5,0r3,0q4,1x5,z5,z4,z3,z2,1x2,0q2,1x3,0p3,1x4,0q3,0r4,0p4,0x4,b3,0x3,b2]
gb-trace iteration=284 resulting id=C1 vertices=[a0,a5,b5,0x0,b0,0x1,0p1,0r1,0q0,1x0,0p0,1x7,0q5,1x6,z6,z7,z0,z1,1x1,0q1,0r0,0r2,0p2,0x2,b1,a1]
gb-trace iteration=284 resulting id=C2 vertices=[a2,a3,a4,b4,0x5,0p5,0r5,0r3,0q4,1x5,z5,z4,z3,z2,1x2,0q2,1x3,0p3,1x4,0q3,0r4,0p4,0x4,b3,0x3,b2]
cut arcs by clause length (length:number) = {10: 4}
number of added block clauses (this increment) = 4
number of added block clauses (accumulated) = 1234
add block clauses time = 37.958us
increment time = 366.673us

CEGAR iteration...
cegar iteration = 285
sat solving time = 136.434us
number of subcycles found = 2
cycle lengths before merge (length:number) = {26: 2}
number of merge operations = 0
number of resulting cycles = 2
cycle lengths after merge (length:number) = {26: 2}
gb-trace iteration=285 subcycle id=C1 vertices=[a0,b0,0x0,b5,0x5,0p5,0r5,0r3,0q4,1x5,z5,z4,z3,z2,1x2,0q2,1x3,0p3,1x4,0q3,0r4,0p4,0x4,b4,a4,a5]
gb-trace iteration=285 subcycle id=C2 vertices=[a1,b1,0x1,0p1,0r1,0q0,1x0,0p0,1x7,0q5,1x6,z6,z7,z0,z1,1x1,0q1,0r0,0r2,0p2,0x2,b2,0x3,b3,a3,a2]
gb-trace iteration=285 resulting id=C1 vertices=[a0,b0,0x0,b5,0x5,0p5,0r5,0r3,0q4,1x5,z5,z4,z3,z2,1x2,0q2,1x3,0p3,1x4,0q3,0r4,0p4,0x4,b4,a4,a5]
gb-trace iteration=285 resulting id=C2 vertices=[a1,b1,0x1,0p1,0r1,0q0,1x0,0p0,1x7,0q5,1x6,z6,z7,z0,z1,1x1,0q1,0r0,0r2,0p2,0x2,b2,0x3,b3,a3,a2]
cut arcs by clause length (length:number) = {12: 4}
number of added block clauses (this increment) = 4
number of added block clauses (accumulated) = 1238
add block clauses time = 34.210us
increment time = 170.644us

CEGAR iteration...
cegar iteration = 286
sat solving time = 148.454us
number of subcycles found = 2
cycle lengths before merge (length:number) = {26: 2}
number of merge operations = 0
number of resulting cycles = 2
cycle lengths after merge (length:number) = {26: 2}
gb-trace iteration=286 subcycle id=C1 vertices=[a0,a5,b5,0x5,0p5,0p4,0r4,0r3,0r5,0q5,1x6,0q4,1x5,0q3,1x4,z4,z5,z6,z7,1x7,0p0,0x0,b0,0x1,b1,a1]
gb-trace iteration=286 subcycle id=C2 vertices=[a2,a3,a4,b4,0x4,b3,0x3,0p3,1x3,z3,z2,1x2,0q2,0r2,0r0,0q1,1x1,z1,z0,1x0,0q0,0r1,0p1,0p2,0x2,b2]
gb-trace iteration=286 resulting id=C1 vertices=[a0,a5,b5,0x5,0p5,0p4,0r4,0r3,0r5,0q5,1x6,0q4,1x5,0q3,1x4,z4,z5,z6,z7,1x7,0p0,0x0,b0,0x1,b1,a1]
gb-trace iteration=286 resulting id=C2 vertices=[a2,a3,a4,b4,0x4,b3,0x3,0p3,1x3,z3,z2,1x2,0q2,0r2,0r0,0q1,1x1,z1,z0,1x0,0q0,0r1,0p1,0p2,0x2,b2]
cut arcs by clause length (length:number) = {10: 4}
number of added block clauses (this increment) = 4
number of added block clauses (accumulated) = 1242
add block clauses time = 36.235us
increment time = 184.689us

CEGAR iteration...
cegar iteration = 287
sat solving time = 152.911us
number of subcycles found = 2
cycle lengths before merge (length:number) = {20: 1, 32: 1}
number of merge operations = 0
number of resulting cycles = 2
cycle lengths after merge (length:number) = {20: 1, 32: 1}
gb-trace iteration=287 subcycle id=C1 vertices=[a0,a5,a4,b4,0x5,b5,0x0,b0,0x1,0p1,0r1,0q0,1x0,0p0,1x7,0q5,1x6,0q4,1x5,z5,z6,z7,z0,z1,1x1,0q1,0r0,0r2,0p2,0x2,b1,a1]
gb-trace iteration=287 subcycle id=C2 vertices=[a2,a3,b3,0x4,0p4,0p5,0r5,0r3,0r4,0q3,1x4,z4,z3,z2,1x2,0q2,1x3,0p3,0x3,b2]
gb-trace iteration=287 resulting id=C1 vertices=[a0,a5,a4,b4,0x5,b5,0x0,b0,0x1,0p1,0r1,0q0,1x0,0p0,1x7,0q5,1x6,0q4,1x5,z5,z6,z7,z0,z1,1x1,0q1,0r0,0r2,0p2,0x2,b1,a1]
gb-trace iteration=287 resulting id=C2 vertices=[a2,a3,b3,0x4,0p4,0p5,0r5,0r3,0r4,0q3,1x4,z4,z3,z2,1x2,0q2,1x3,0p3,0x3,b2]
cut arcs by clause length (length:number) = {12: 4}
number of added block clauses (this increment) = 4
number of added block clauses (accumulated) = 1246
add block clauses time = 35.968us
increment time = 188.879us

CEGAR iteration...
cegar iteration = 288
sat solving time = 177.393us
number of subcycles found = 2
cycle lengths before merge (length:number) = {23: 1, 29: 1}
number of merge operations = 0
number of resulting cycles = 2
cycle lengths after merge (length:number) = {23: 1, 29: 1}
gb-trace iteration=288 subcycle id=C1 vertices=[a0,a1,b1,0x2,b2,a2,a3,b3,0x3,0p3,1x3,z3,z2,1x2,0q2,0r2,0p2,0p1,0x1,b0,0x0,b5,0x5,0p5,0p4,0x4,b4,a4,a5]
gb-trace iteration=288 subcycle id=C2 vertices=[0p0,1x7,0q5,0r5,0r3,0r4,0q3,1x4,z4,z5,1x5,0q4,1x6,z6,z7,z0,z1,1x1,0q1,0r0,0r1,0q0,1x0]
gb-trace iteration=288 resulting id=C1 vertices=[a0,a1,b1,0x2,b2,a2,a3,b3,0x3,0p3,1x3,z3,z2,1x2,0q2,0r2,0p2,0p1,0x1,b0,0x0,b5,0x5,0p5,0p4,0x4,b4,a4,a5]
gb-trace iteration=288 resulting id=C2 vertices=[0p0,1x7,0q5,0r5,0r3,0r4,0q3,1x4,z4,z5,1x5,0q4,1x6,z6,z7,z0,z1,1x1,0q1,0r0,0r1,0q0,1x0]
cut arcs by clause length (length:number) = {9: 4}
number of added block clauses (this increment) = 4
number of added block clauses (accumulated) = 1250
add block clauses time = 33.764us
increment time = 211.157us

CEGAR iteration...
cegar iteration = 289
sat solving time = 150.202us
number of subcycles found = 2
cycle lengths before merge (length:number) = {23: 1, 29: 1}
number of merge operations = 0
number of resulting cycles = 2
cycle lengths after merge (length:number) = {23: 1, 29: 1}
gb-trace iteration=289 subcycle id=C1 vertices=[a0,a1,b1,0x2,0p2,0r2,0q2,1x3,z3,z2,1x2,0q1,0r0,0r1,0p1,0x1,b0,0x0,b5,0x5,b4,a4,a5]
gb-trace iteration=289 subcycle id=C2 vertices=[a2,b2,0x3,0p3,1x4,z4,z5,z6,z7,z0,z1,1x1,0q0,1x0,0p0,1x7,0q5,1x6,0q4,1x5,0q3,0r4,0r3,0r5,0p5,0p4,0x4,b3,a3]
gb-trace iteration=289 resulting id=C1 vertices=[a0,a1,b1,0x2,0p2,0r2,0q2,1x3,z3,z2,1x2,0q1,0r0,0r1,0p1,0x1,b0,0x0,b5,0x5,b4,a4,a5]
gb-trace iteration=289 resulting id=C2 vertices=[a2,b2,0x3,0p3,1x4,z4,z5,z6,z7,z0,z1,1x1,0q0,1x0,0p0,1x7,0q5,1x6,0q4,1x5,0q3,0r4,0r3,0r5,0p5,0p4,0x4,b3,a3]
cut arcs by clause length (length:number) = {11: 4}
number of added block clauses (this increment) = 4
number of added block clauses (accumulated) = 1254
add block clauses time = 34.310us
increment time = 184.512us

CEGAR iteration...
cegar iteration = 290
sat solving time = 113.708us
number of subcycles found = 2
cycle lengths before merge (length:number) = {8: 1, 44: 1}
number of merge operations = 0
number of resulting cycles = 2
cycle lengths after merge (length:number) = {8: 1, 44: 1}
gb-trace iteration=290 subcycle id=C1 vertices=[a0,b0,0x1,0p1,0p2,0r2,0q2,1x3,z3,z2,1x2,0q1,0r0,0r1,0q0,1x1,z1,z0,1x0,0p0,0x0,b5,0x5,0p5,0p4,0r4,0q3,1x5,z5,z4,1x4,0p3,0x3,b2,0x2,b1,a1,a2,a3,b3,0x4,b4,a4,a5]
gb-trace iteration=290 subcycle id=C2 vertices=[0r3,0q4,1x6,z6,z7,1x7,0q5,0r5]
gb-trace iteration=290 resulting id=C1 vertices=[a0,b0,0x1,0p1,0p2,0r2,0q2,1x3,z3,z2,1x2,0q1,0r0,0r1,0q0,1x1,z1,z0,1x0,0p0,0x0,b5,0x5,0p5,0p4,0r4,0q3,1x5,z5,z4,1x4,0p3,0x3,b2,0x2,b1,a1,a2,a3,b3,0x4,b4,a4,a5]
gb-trace iteration=290 resulting id=C2 vertices=[0r3,0q4,1x6,z6,z7,1x7,0q5,0r5]
cut arcs by clause length (length:number) = {6: 4}
number of added block clauses (this increment) = 4
number of added block clauses (accumulated) = 1258
add block clauses time = 36.028us
increment time = 149.736us

CEGAR iteration...
cegar iteration = 291
sat solving time = 255.154us
number of subcycles found = 2
cycle lengths before merge (length:number) = {14: 1, 38: 1}
number of merge operations = 0
number of resulting cycles = 2
cycle lengths after merge (length:number) = {14: 1, 38: 1}
gb-trace iteration=291 subcycle id=C1 vertices=[a0,a5,a4,b4,0x4,0p4,0r4,0r3,0q4,1x6,z6,z7,1x7,0q5,0r5,0p5,0x5,b5,0x0,0p0,1x0,z0,z1,1x1,0q0,0r1,0p1,0p2,0x2,b2,0x3,b3,a3,a2,a1,b1,0x1,b0]
gb-trace iteration=291 subcycle id=C2 vertices=[0r0,0r2,0q2,1x3,0p3,1x4,0q3,1x5,z5,z4,z3,z2,1x2,0q1]
gb-trace iteration=291 resulting id=C1 vertices=[a0,a5,a4,b4,0x4,0p4,0r4,0r3,0q4,1x6,z6,z7,1x7,0q5,0r5,0p5,0x5,b5,0x0,0p0,1x0,z0,z1,1x1,0q0,0r1,0p1,0p2,0x2,b2,0x3,b3,a3,a2,a1,b1,0x1,b0]
gb-trace iteration=291 resulting id=C2 vertices=[0r0,0r2,0q2,1x3,0p3,1x4,0q3,1x5,z5,z4,z3,z2,1x2,0q1]
cut arcs by clause length (length:number) = {8: 4}
number of added block clauses (this increment) = 4
number of added block clauses (accumulated) = 1262
add block clauses time = 38.489us
increment time = 293.643us

CEGAR iteration...
cegar iteration = 292
sat solving time = 80.722us
number of subcycles found = 2
cycle lengths before merge (length:number) = {23: 1, 29: 1}
number of merge operations = 0
number of resulting cycles = 2
cycle lengths after merge (length:number) = {23: 1, 29: 1}
gb-trace iteration=292 subcycle id=C1 vertices=[a0,a5,a4,b4,0x4,0p4,0r4,0q3,1x5,z5,z6,z7,z0,z1,1x1,0q0,1x0,0p0,1x7,0q5,1x6,0q4,0r3,0r5,0p5,0x5,b5,0x0,b0]
gb-trace iteration=292 subcycle id=C2 vertices=[a1,a2,a3,b3,0x3,b2,0x2,0p2,0r2,0q2,1x3,0p3,1x4,z4,z3,z2,1x2,0q1,0r0,0r1,0p1,0x1,b1]
gb-trace iteration=292 resulting id=C1 vertices=[a0,a5,a4,b4,0x4,0p4,0r4,0q3,1x5,z5,z6,z7,z0,z1,1x1,0q0,1x0,0p0,1x7,0q5,1x6,0q4,0r3,0r5,0p5,0x5,b5,0x0,b0]
gb-trace iteration=292 resulting id=C2 vertices=[a1,a2,a3,b3,0x3,b2,0x2,0p2,0r2,0q2,1x3,0p3,1x4,z4,z3,z2,1x2,0q1,0r0,0r1,0p1,0x1,b1]
cut arcs by clause length (length:number) = {9: 4}
number of added block clauses (this increment) = 4
number of added block clauses (accumulated) = 1266
add block clauses time = 33.102us
increment time = 113.824us

CEGAR iteration...
cegar iteration = 293
sat solving time = 31.326us
number of subcycles found = 2
cycle lengths before merge (length:number) = {23: 1, 29: 1}
number of merge operations = 0
number of resulting cycles = 2
cycle lengths after merge (length:number) = {23: 1, 29: 1}
gb-trace iteration=293 subcycle id=C1 vertices=[a0,a1,b1,0x2,0p2,0r2,0q2,1x3,0p3,1x4,z4,z3,z2,1x2,0q1,0r0,0r1,0p1,0x1,b0,0x0,b5,a5]
gb-trace iteration=293 subcycle id=C2 vertices=[a2,b2,0x3,b3,0x4,0p4,0r4,0q3,1x5,z5,z6,z7,z0,z1,1x1,0q0,1x0,0p0,1x7,0q5,1x6,0q4,0r3,0r5,0p5,0x5,b4,a4,a3]
gb-trace iteration=293 resulting id=C1 vertices=[a0,a1,b1,0x2,0p2,0r2,0q2,1x3,0p3,1x4,z4,z3,z2,1x2,0q1,0r0,0r1,0p1,0x1,b0,0x0,b5,a5]
gb-trace iteration=293 resulting id=C2 vertices=[a2,b2,0x3,b3,0x4,0p4,0r4,0q3,1x5,z5,z6,z7,z0,z1,1x1,0q0,1x0,0p0,1x7,0q5,1x6,0q4,0r3,0r5,0p5,0x5,b4,a4,a3]
cut arcs by clause length (length:number) = {11: 4}
number of added block clauses (this increment) = 4
number of added block clauses (accumulated) = 1270
add block clauses time = 32.287us
increment time = 63.613us

CEGAR iteration...
cegar iteration = 294
sat solving time = 30.798us
number of subcycles found = 2
cycle lengths before merge (length:number) = {26: 2}
number of merge operations = 0
number of resulting cycles = 2
cycle lengths after merge (length:number) = {26: 2}
gb-trace iteration=294 subcycle id=C1 vertices=[a0,a1,b1,0x2,0p2,0r2,0q2,1x3,0p3,1x4,0q3,1x5,z5,z4,z3,z2,1x2,0q1,0r0,0r1,0p1,0x1,b0,0x0,b5,a5]
gb-trace iteration=294 subcycle id=C2 vertices=[a2,b2,0x3,b3,0x4,0p4,0r4,0r3,0q4,1x6,z6,z7,z0,z1,1x1,0q0,1x0,0p0,1x7,0q5,0r5,0p5,0x5,b4,a4,a3]
gb-trace iteration=294 resulting id=C1 vertices=[a0,a1,b1,0x2,0p2,0r2,0q2,1x3,0p3,1x4,0q3,1x5,z5,z4,z3,z2,1x2,0q1,0r0,0r1,0p1,0x1,b0,0x0,b5,a5]
gb-trace iteration=294 resulting id=C2 vertices=[a2,b2,0x3,b3,0x4,0p4,0r4,0r3,0q4,1x6,z6,z7,z0,z1,1x1,0q0,1x0,0p0,1x7,0q5,0r5,0p5,0x5,b4,a4,a3]
cut arcs by clause length (length:number) = {12: 4}
number of added block clauses (this increment) = 4
number of added block clauses (accumulated) = 1274
add block clauses time = 34.306us
increment time = 65.104us

CEGAR iteration...
cegar iteration = 295
sat solving time = 69.055us
number of subcycles found = 2
cycle lengths before merge (length:number) = {26: 2}
number of merge operations = 0
number of resulting cycles = 2
cycle lengths after merge (length:number) = {26: 2}
gb-trace iteration=295 subcycle id=C1 vertices=[a0,a5,a4,b4,0x4,0p4,0r4,0r3,0q4,1x6,z6,z7,z0,z1,1x1,0q0,1x0,0p0,1x7,0q5,0r5,0p5,0x5,b5,0x0,b0]
gb-trace iteration=295 subcycle id=C2 vertices=[a1,a2,a3,b3,0x3,b2,0x2,0p2,0r2,0q2,1x3,0p3,1x4,0q3,1x5,z5,z4,z3,z2,1x2,0q1,0r0,0r1,0p1,0x1,b1]
gb-trace iteration=295 resulting id=C1 vertices=[a0,a5,a4,b4,0x4,0p4,0r4,0r3,0q4,1x6,z6,z7,z0,z1,1x1,0q0,1x0,0p0,1x7,0q5,0r5,0p5,0x5,b5,0x0,b0]
gb-trace iteration=295 resulting id=C2 vertices=[a1,a2,a3,b3,0x3,b2,0x2,0p2,0r2,0q2,1x3,0p3,1x4,0q3,1x5,z5,z4,z3,z2,1x2,0q1,0r0,0r1,0p1,0x1,b1]
cut arcs by clause length (length:number) = {10: 4}
number of added block clauses (this increment) = 4
number of added block clauses (accumulated) = 1278
add block clauses time = 49.683us
increment time = 118.738us

CEGAR iteration...
cegar iteration = 296
sat solving time = 179.949us
number of subcycles found = 3
cycle lengths before merge (length:number) = {11: 1, 17: 1, 24: 1}
number of merge operations = 0
number of resulting cycles = 3
cycle lengths after merge (length:number) = {11: 1, 17: 1, 24: 1}
gb-trace iteration=296 subcycle id=C1 vertices=[a0,b0,0x0,b5,a5,a4,a3,b3,0x4,b4,0x5,0p5,0p4,0r4,0q3,1x5,z5,z4,1x4,0p3,0x3,b2,a2,a1]
gb-trace iteration=296 subcycle id=C2 vertices=[b1,0x2,0p2,0r2,0r0,0q1,1x2,0q2,1x3,z3,z2,z1,1x1,0q0,0r1,0p1,0x1]
gb-trace iteration=296 subcycle id=C3 vertices=[0p0,1x7,0q5,0r5,0r3,0q4,1x6,z6,z7,z0,1x0]
gb-trace iteration=296 resulting id=C1 vertices=[a0,b0,0x0,b5,a5,a4,a3,b3,0x4,b4,0x5,0p5,0p4,0r4,0q3,1x5,z5,z4,1x4,0p3,0x3,b2,a2,a1]
gb-trace iteration=296 resulting id=C2 vertices=[b1,0x2,0p2,0r2,0r0,0q1,1x2,0q2,1x3,z3,z2,z1,1x1,0q0,0r1,0p1,0x1]
gb-trace iteration=296 resulting id=C3 vertices=[0p0,1x7,0q5,0r5,0r3,0q4,1x6,z6,z7,z0,1x0]
cut arcs by clause length (length:number) = {7: 4, 10: 2}
number of added block clauses (this increment) = 6
number of added block clauses (accumulated) = 1284
add block clauses time = 38.606us
increment time = 218.555us

CEGAR iteration...
cegar iteration = 297
sat solving time = 233.599us
number of subcycles found = 2
cycle lengths before merge (length:number) = {26: 2}
number of merge operations = 0
number of resulting cycles = 2
cycle lengths after merge (length:number) = {26: 2}
gb-trace iteration=297 subcycle id=C1 vertices=[a0,a1,b1,0x2,0p2,0r2,0r0,0q1,1x2,0q2,1x3,z3,z2,z1,1x1,0q0,0r1,0p1,0x1,b0,0x0,b5,0x5,b4,a4,a5]
gb-trace iteration=297 subcycle id=C2 vertices=[a2,b2,0x3,0p3,1x4,z4,z5,1x5,0q3,0r4,0r3,0q4,1x6,z6,z7,z0,1x0,0p0,1x7,0q5,0r5,0p5,0p4,0x4,b3,a3]
gb-trace iteration=297 resulting id=C1 vertices=[a0,a1,b1,0x2,0p2,0r2,0r0,0q1,1x2,0q2,1x3,z3,z2,z1,1x1,0q0,0r1,0p1,0x1,b0,0x0,b5,0x5,b4,a4,a5]
gb-trace iteration=297 resulting id=C2 vertices=[a2,b2,0x3,0p3,1x4,z4,z5,1x5,0q3,0r4,0r3,0q4,1x6,z6,z7,z0,1x0,0p0,1x7,0q5,0r5,0p5,0p4,0x4,b3,a3]
cut arcs by clause length (length:number) = {10: 4}
number of added block clauses (this increment) = 4
number of added block clauses (accumulated) = 1288
add block clauses time = 33.323us
increment time = 266.922us

CEGAR iteration...
cegar iteration = 298
sat solving time = 1.334529ms
number of subcycles found = 2
cycle lengths before merge (length:number) = {14: 1, 38: 1}
number of merge operations = 0
number of resulting cycles = 2
cycle lengths after merge (length:number) = {14: 1, 38: 1}
gb-trace iteration=298 subcycle id=C1 vertices=[a0,a1,b1,0x2,0p2,0r2,0r0,0q1,1x1,0q0,0r1,0p1,0x1,b0]
gb-trace iteration=298 subcycle id=C2 vertices=[a2,a3,b3,0x4,0p4,0r4,0q3,1x5,z5,z6,z7,1x7,0q5,1x6,0q4,0r3,0r5,0p5,0x5,b4,a4,a5,b5,0x0,0p0,1x0,z0,z1,z2,1x2,0q2,1x3,z3,z4,1x4,0p3,0x3,b2]
gb-trace iteration=298 resulting id=C1 vertices=[a0,a1,b1,0x2,0p2,0r2,0r0,0q1,1x1,0q0,0r1,0p1,0x1,b0]
gb-trace iteration=298 resulting id=C2 vertices=[a2,a3,b3,0x4,0p4,0r4,0q3,1x5,z5,z6,z7,1x7,0q5,1x6,0q4,0r3,0r5,0p5,0x5,b4,a4,a5,b5,0x0,0p0,1x0,z0,z1,z2,1x2,0q2,1x3,z3,z4,1x4,0p3,0x3,b2]
cut arcs by clause length (length:number) = {8: 4}
number of added block clauses (this increment) = 4
number of added block clauses (accumulated) = 1292
add block clauses time = 44.344us
increment time = 1.378873ms

CEGAR iteration...
cegar iteration = 299
sat solving time = 130.612us
number of subcycles found = 4
cycle lengths before merge (length:number) = {11: 2, 14: 1, 16: 1}
number of merge operations = 0
number of resulting cycles = 4
cycle lengths after merge (length:number) = {11: 2, 14: 1, 16: 1}
gb-trace iteration=299 subcycle id=C1 vertices=[a0,a5,b5,0x0,b0,0x1,0p1,0p2,0x2,b1,a1]
gb-trace iteration=299 subcycle id=C2 vertices=[a2,a3,a4,b4,0x5,0p5,0p4,0x4,b3,0x3,b2]
gb-trace iteration=299 subcycle id=C3 vertices=[0p0,1x0,0q0,0r1,0r0,0r2,0q2,1x3,0p3,1x4,0q3,0r4,0r3,0r5,0q5,1x7]
gb-trace iteration=299 subcycle id=C4 vertices=[0q1,1x2,z2,z3,z4,z5,1x5,0q4,1x6,z6,z7,z0,z1,1x1]
gb-trace iteration=299 resulting id=C1 vertices=[a0,a5,b5,0x0,b0,0x1,0p1,0p2,0x2,b1,a1]
gb-trace iteration=299 resulting id=C2 vertices=[a2,a3,a4,b4,0x5,0p5,0p4,0x4,b3,0x3,b2]
gb-trace iteration=299 resulting id=C3 vertices=[0p0,1x0,0q0,0r1,0r0,0r2,0q2,1x3,0p3,1x4,0q3,0r4,0r3,0r5,0q5,1x7]
gb-trace iteration=299 resulting id=C4 vertices=[0q1,1x2,z2,z3,z4,z5,1x5,0q4,1x6,z6,z7,z0,z1,1x1]
cut arcs by clause length (length:number) = {7: 4, 10: 2, 16: 2}
number of added block clauses (this increment) = 8
number of added block clauses (accumulated) = 1300
add block clauses time = 47.487us
increment time = 178.099us

CEGAR iteration...
cegar iteration = 300
sat solving time = 295.851us
number of subcycles found = 2
cycle lengths before merge (length:number) = {23: 1, 29: 1}
number of merge operations = 0
number of resulting cycles = 2
cycle lengths after merge (length:number) = {23: 1, 29: 1}
gb-trace iteration=300 subcycle id=C1 vertices=[a0,a5,b5,0x0,b0,0x1,b1,0x2,0p2,0p1,0r1,0q0,1x1,z1,z2,1x2,0q1,0r0,0r2,0q2,1x3,z3,z4,1x4,0p3,0x3,b2,a2,a1]
gb-trace iteration=300 subcycle id=C2 vertices=[a3,b3,0x4,0p4,0r4,0q3,1x5,z5,z6,z7,z0,1x0,0p0,1x7,0q5,1x6,0q4,0r3,0r5,0p5,0x5,b4,a4]
gb-trace iteration=300 resulting id=C1 vertices=[a0,a5,b5,0x0,b0,0x1,b1,0x2,0p2,0p1,0r1,0q0,1x1,z1,z2,1x2,0q1,0r0,0r2,0q2,1x3,z3,z4,1x4,0p3,0x3,b2,a2,a1]
gb-trace iteration=300 resulting id=C2 vertices=[a3,b3,0x4,0p4,0r4,0q3,1x5,z5,z6,z7,z0,1x0,0p0,1x7,0q5,1x6,0q4,0r3,0r5,0p5,0x5,b4,a4]
cut arcs by clause length (length:number) = {9: 4}
number of added block clauses (this increment) = 4
number of added block clauses (accumulated) = 1304
add block clauses time = 43.829us
increment time = 339.680us

CEGAR iteration...
cegar iteration = 301
sat solving time = 19.036us
number of subcycles found = 2
cycle lengths before merge (length:number) = {20: 1, 32: 1}
number of merge operations = 0
number of resulting cycles = 2
cycle lengths after merge (length:number) = {20: 1, 32: 1}
gb-trace iteration=301 subcycle id=C1 vertices=[a0,a5,b5,0x0,b0,0x1,b1,0x2,0p2,0p1,0r1,0q0,1x1,z1,z2,1x2,0q1,0r0,0r2,0q2,1x3,z3,z4,z5,1x5,0q3,1x4,0p3,0x3,b2,a2,a1]
gb-trace iteration=301 subcycle id=C2 vertices=[a3,b3,0x4,0p4,0r4,0r3,0q4,1x6,z6,z7,z0,1x0,0p0,1x7,0q5,0r5,0p5,0x5,b4,a4]
gb-trace iteration=301 resulting id=C1 vertices=[a0,a5,b5,0x0,b0,0x1,b1,0x2,0p2,0p1,0r1,0q0,1x1,z1,z2,1x2,0q1,0r0,0r2,0q2,1x3,z3,z4,z5,1x5,0q3,1x4,0p3,0x3,b2,a2,a1]
gb-trace iteration=301 resulting id=C2 vertices=[a3,b3,0x4,0p4,0r4,0r3,0q4,1x6,z6,z7,z0,1x0,0p0,1x7,0q5,0r5,0p5,0x5,b4,a4]
cut arcs by clause length (length:number) = {10: 4}
number of added block clauses (this increment) = 4
number of added block clauses (accumulated) = 1308
add block clauses time = 32.424us
increment time = 51.460us

CEGAR iteration...
cegar iteration = 302
sat solving time = 115.210us
number of subcycles found = 2
cycle lengths before merge (length:number) = {23: 1, 29: 1}
number of merge operations = 0
number of resulting cycles = 2
cycle lengths after merge (length:number) = {23: 1, 29: 1}
gb-trace iteration=302 subcycle id=C1 vertices=[a0,a5,b5,0x0,b0,0x1,b1,0x2,0p2,0p1,0r1,0r0,0r2,0q2,1x3,z3,z4,1x4,0p3,0x3,b2,a2,a1]
gb-trace iteration=302 subcycle id=C2 vertices=[a3,a4,b4,0x5,0p5,0r5,0r3,0q4,1x6,0q5,1x7,0p0,1x0,0q0,1x1,0q1,1x2,z2,z1,z0,z7,z6,z5,1x5,0q3,0r4,0p4,0x4,b3]
gb-trace iteration=302 resulting id=C1 vertices=[a0,a5,b5,0x0,b0,0x1,b1,0x2,0p2,0p1,0r1,0r0,0r2,0q2,1x3,z3,z4,1x4,0p3,0x3,b2,a2,a1]
gb-trace iteration=302 resulting id=C2 vertices=[a3,a4,b4,0x5,0p5,0r5,0r3,0q4,1x6,0q5,1x7,0p0,1x0,0q0,1x1,0q1,1x2,z2,z1,z0,z7,z6,z5,1x5,0q3,0r4,0p4,0x4,b3]
cut arcs by clause length (length:number) = {11: 4}
number of added block clauses (this increment) = 4
number of added block clauses (accumulated) = 1312
add block clauses time = 42.277us
increment time = 157.487us

CEGAR iteration...
cegar iteration = 303
sat solving time = 55.602us
number of subcycles found = 2
cycle lengths before merge (length:number) = {26: 2}
number of merge operations = 0
number of resulting cycles = 2
cycle lengths after merge (length:number) = {26: 2}
gb-trace iteration=303 subcycle id=C1 vertices=[a0,a5,b5,0x0,b0,0x1,b1,0x2,0p2,0p1,0r1,0r0,0r2,0q2,1x3,z3,z4,z5,1x5,0q3,1x4,0p3,0x3,b2,a2,a1]
gb-trace iteration=303 subcycle id=C2 vertices=[a3,a4,b4,0x5,0p5,0r5,0q5,1x7,0p0,1x0,0q0,1x1,0q1,1x2,z2,z1,z0,z7,z6,1x6,0q4,0r3,0r4,0p4,0x4,b3]
gb-trace iteration=303 resulting id=C1 vertices=[a0,a5,b5,0x0,b0,0x1,b1,0x2,0p2,0p1,0r1,0r0,0r2,0q2,1x3,z3,z4,z5,1x5,0q3,1x4,0p3,0x3,b2,a2,a1]
gb-trace iteration=303 resulting id=C2 vertices=[a3,a4,b4,0x5,0p5,0r5,0q5,1x7,0p0,1x0,0q0,1x1,0q1,1x2,z2,z1,z0,z7,z6,1x6,0q4,0r3,0r4,0p4,0x4,b3]
cut arcs by clause length (length:number) = {12: 4}
number of added block clauses (this increment) = 4
number of added block clauses (accumulated) = 1316
add block clauses time = 34.484us
increment time = 90.086us

CEGAR iteration...
cegar iteration = 304
sat solving time = 490.729us
number of subcycles found = 3
cycle lengths before merge (length:number) = {12: 1, 20: 2}
number of merge operations = 0
number of resulting cycles = 3
cycle lengths after merge (length:number) = {12: 1, 20: 2}
gb-trace iteration=304 subcycle id=C1 vertices=[a0,b0,0x1,b1,a1,a2,a3,b3,0x4,b4,a4,a5]
gb-trace iteration=304 subcycle id=C2 vertices=[b2,0x2,0p2,0p1,0r1,0q0,1x1,z1,z2,1x2,0q1,0r0,0r2,0q2,1x3,z3,z4,1x4,0p3,0x3]
gb-trace iteration=304 subcycle id=C3 vertices=[b5,0x5,0p5,0p4,0r4,0q3,1x5,z5,z6,1x6,0q4,0r3,0r5,0q5,1x7,z7,z0,1x0,0p0,0x0]
gb-trace iteration=304 resulting id=C1 vertices=[a0,b0,0x1,b1,a1,a2,a3,b3,0x4,b4,a4,a5]
gb-trace iteration=304 resulting id=C2 vertices=[b2,0x2,0p2,0p1,0r1,0q0,1x1,z1,z2,1x2,0q1,0r0,0r2,0q2,1x3,z3,z4,1x4,0p3,0x3]
gb-trace iteration=304 resulting id=C3 vertices=[b5,0x5,0p5,0p4,0r4,0q3,1x5,z5,z6,1x6,0q4,0r3,0r5,0q5,1x7,z7,z0,1x0,0p0,0x0]
cut arcs by clause length (length:number) = {8: 6}
number of added block clauses (this increment) = 6
number of added block clauses (accumulated) = 1322
add block clauses time = 42.745us
increment time = 533.474us

CEGAR iteration...
cegar iteration = 305
sat solving time = 995.305us
number of subcycles found = 2
cycle lengths before merge (length:number) = {14: 1, 38: 1}
number of merge operations = 0
number of resulting cycles = 2
cycle lengths after merge (length:number) = {14: 1, 38: 1}
gb-trace iteration=305 subcycle id=C1 vertices=[a0,b0,0x0,0p0,1x0,0q0,0r1,0r0,0r2,0q2,1x3,0p3,1x4,0q3,1x5,0q4,1x6,z6,z5,z4,z3,z2,1x2,0q1,1x1,z1,z0,z7,1x7,0q5,0r5,0r3,0r4,0p4,0p5,0x5,b5,a5]
gb-trace iteration=305 subcycle id=C2 vertices=[a1,b1,0x1,0p1,0p2,0x2,b2,0x3,b3,0x4,b4,a4,a3,a2]
gb-trace iteration=305 resulting id=C1 vertices=[a0,b0,0x0,0p0,1x0,0q0,0r1,0r0,0r2,0q2,1x3,0p3,1x4,0q3,1x5,0q4,1x6,z6,z5,z4,z3,z2,1x2,0q1,1x1,z1,z0,z7,1x7,0q5,0r5,0r3,0r4,0p4,0p5,0x5,b5,a5]
gb-trace iteration=305 resulting id=C2 vertices=[a1,b1,0x1,0p1,0p2,0x2,b2,0x3,b3,0x4,b4,a4,a3,a2]
cut arcs by clause length (length:number) = {8: 4}
number of added block clauses (this increment) = 4
number of added block clauses (accumulated) = 1326
add block clauses time = 50.455us
increment time = 1.045760ms

CEGAR iteration...
cegar iteration = 306
sat solving time = 17.163us
number of subcycles found = 2
cycle lengths before merge (length:number) = {17: 1, 35: 1}
number of merge operations = 0
number of resulting cycles = 2
cycle lengths after merge (length:number) = {17: 1, 35: 1}
gb-trace iteration=306 subcycle id=C1 vertices=[a0,b0,0x0,0p0,1x0,0q0,1x1,0q1,1x2,0q2,1x3,0p3,1x4,0q3,1x5,0q4,1x6,z6,z5,z4,z3,z2,z1,z0,z7,1x7,0q5,0r5,0r3,0r4,0p4,0p5,0x5,b5,a5]
gb-trace iteration=306 subcycle id=C2 vertices=[a1,b1,0x1,0p1,0r1,0r0,0r2,0p2,0x2,b2,0x3,b3,0x4,b4,a4,a3,a2]
gb-trace iteration=306 resulting id=C1 vertices=[a0,b0,0x0,0p0,1x0,0q0,1x1,0q1,1x2,0q2,1x3,0p3,1x4,0q3,1x5,0q4,1x6,z6,z5,z4,z3,z2,z1,z0,z7,1x7,0q5,0r5,0r3,0r4,0p4,0p5,0x5,b5,a5]
gb-trace iteration=306 resulting id=C2 vertices=[a1,b1,0x1,0p1,0r1,0r0,0r2,0p2,0x2,b2,0x3,b3,0x4,b4,a4,a3,a2]
cut arcs by clause length (length:number) = {9: 4}
number of added block clauses (this increment) = 4
number of added block clauses (accumulated) = 1330
add block clauses time = 32.752us
increment time = 49.915us

CEGAR iteration...
cegar iteration = 307
sat solving time = 67.369us
number of subcycles found = 2
cycle lengths before merge (length:number) = {20: 1, 32: 1}
number of merge operations = 0
number of resulting cycles = 2
cycle lengths after merge (length:number) = {20: 1, 32: 1}
gb-trace iteration=307 subcycle id=C1 vertices=[a0,a1,b1,0x1,b0,0x0,0p0,1x0,0q0,1x1,0q1,1x2,z2,z1,z0,z7,1x7,0q5,0r5,0r3,0q4,1x6,z6,z5,1x5,0q3,0r4,0p4,0p5,0x5,b5,a5]
gb-trace iteration=307 subcycle id=C2 vertices=[a2,b2,0x2,0p2,0p1,0r1,0r0,0r2,0q2,1x3,z3,z4,1x4,0p3,0x3,b3,0x4,b4,a4,a3]
gb-trace iteration=307 resulting id=C1 vertices=[a0,a1,b1,0x1,b0,0x0,0p0,1x0,0q0,1x1,0q1,1x2,z2,z1,z0,z7,1x7,0q5,0r5,0r3,0q4,1x6,z6,z5,1x5,0q3,0r4,0p4,0p5,0x5,b5,a5]
gb-trace iteration=307 resulting id=C2 vertices=[a2,b2,0x2,0p2,0p1,0r1,0r0,0r2,0q2,1x3,z3,z4,1x4,0p3,0x3,b3,0x4,b4,a4,a3]
cut arcs by clause length (length:number) = {12: 4}
number of added block clauses (this increment) = 4
number of added block clauses (accumulated) = 1334
add block clauses time = 34.944us
increment time = 102.313us

CEGAR iteration...
cegar iteration = 308
sat solving time = 9.687us
number of subcycles found = 2
cycle lengths before merge (length:number) = {26: 2}
number of merge operations = 0
number of resulting cycles = 2
cycle lengths after merge (length:number) = {26: 2}
gb-trace iteration=308 subcycle id=C1 vertices=[a0,a1,b1,0x1,b0,0x0,0p0,1x0,z0,z7,1x7,0q5,0r5,0r3,0q4,1x6,z6,z5,1x5,0q3,0r4,0p4,0p5,0x5,b5,a5]
gb-trace iteration=308 subcycle id=C2 vertices=[a2,b2,0x2,0p2,0p1,0r1,0q0,1x1,z1,z2,1x2,0q1,0r0,0r2,0q2,1x3,z3,z4,1x4,0p3,0x3,b3,0x4,b4,a4,a3]
gb-trace iteration=308 resulting id=C1 vertices=[a0,a1,b1,0x1,b0,0x0,0p0,1x0,z0,z7,1x7,0q5,0r5,0r3,0q4,1x6,z6,z5,1x5,0q3,0r4,0p4,0p5,0x5,b5,a5]
gb-trace iteration=308 resulting id=C2 vertices=[a2,b2,0x2,0p2,0p1,0r1,0q0,1x1,z1,z2,1x2,0q1,0r0,0r2,0q2,1x3,z3,z4,1x4,0p3,0x3,b3,0x4,b4,a4,a3]
cut arcs by clause length (length:number) = {10: 4}
number of added block clauses (this increment) = 4
number of added block clauses (accumulated) = 1338
add block clauses time = 32.220us
increment time = 41.907us

CEGAR iteration...
cegar iteration = 309
sat solving time = 30.866us
number of subcycles found = 2
cycle lengths before merge (length:number) = {26: 2}
number of merge operations = 0
number of resulting cycles = 2
cycle lengths after merge (length:number) = {26: 2}
gb-trace iteration=309 subcycle id=C1 vertices=[a0,a1,b1,0x1,b0,0x0,0p0,1x0,0q0,1x1,0q1,1x2,z2,z1,z0,z7,1x7,0q5,0r5,0r3,0r4,0p4,0p5,0x5,b5,a5]
gb-trace iteration=309 subcycle id=C2 vertices=[a2,b2,0x2,0p2,0p1,0r1,0r0,0r2,0q2,1x3,z3,z4,z5,z6,1x6,0q4,1x5,0q3,1x4,0p3,0x3,b3,0x4,b4,a4,a3]
gb-trace iteration=309 resulting id=C1 vertices=[a0,a1,b1,0x1,b0,0x0,0p0,1x0,0q0,1x1,0q1,1x2,z2,z1,z0,z7,1x7,0q5,0r5,0r3,0r4,0p4,0p5,0x5,b5,a5]
gb-trace iteration=309 resulting id=C2 vertices=[a2,b2,0x2,0p2,0p1,0r1,0r0,0r2,0q2,1x3,z3,z4,z5,z6,1x6,0q4,1x5,0q3,1x4,0p3,0x3,b3,0x4,b4,a4,a3]
cut arcs by clause length (length:number) = {14: 4}
number of added block clauses (this increment) = 4
number of added block clauses (accumulated) = 1342
add block clauses time = 33.013us
increment time = 63.879us

CEGAR iteration...
cegar iteration = 310
sat solving time = 6.353us
number of subcycles found = 2
cycle lengths before merge (length:number) = {20: 1, 32: 1}
number of merge operations = 0
number of resulting cycles = 2
cycle lengths after merge (length:number) = {20: 1, 32: 1}
gb-trace iteration=310 subcycle id=C1 vertices=[a0,a1,b1,0x1,b0,0x0,0p0,1x0,z0,z7,1x7,0q5,0r5,0r3,0r4,0p4,0p5,0x5,b5,a5]
gb-trace iteration=310 subcycle id=C2 vertices=[a2,b2,0x2,0p2,0p1,0r1,0q0,1x1,z1,z2,1x2,0q1,0r0,0r2,0q2,1x3,z3,z4,z5,z6,1x6,0q4,1x5,0q3,1x4,0p3,0x3,b3,0x4,b4,a4,a3]
gb-trace iteration=310 resulting id=C1 vertices=[a0,a1,b1,0x1,b0,0x0,0p0,1x0,z0,z7,1x7,0q5,0r5,0r3,0r4,0p4,0p5,0x5,b5,a5]
gb-trace iteration=310 resulting id=C2 vertices=[a2,b2,0x2,0p2,0p1,0r1,0q0,1x1,z1,z2,1x2,0q1,0r0,0r2,0q2,1x3,z3,z4,z5,z6,1x6,0q4,1x5,0q3,1x4,0p3,0x3,b3,0x4,b4,a4,a3]
cut arcs by clause length (length:number) = {12: 4}
number of added block clauses (this increment) = 4
number of added block clauses (accumulated) = 1346
add block clauses time = 32.855us
increment time = 39.208us

CEGAR iteration...
cegar iteration = 311
sat solving time = 262.739us
number of subcycles found = 2
cycle lengths before merge (length:number) = {23: 1, 29: 1}
number of merge operations = 0
number of resulting cycles = 2
cycle lengths after merge (length:number) = {23: 1, 29: 1}
gb-trace iteration=311 subcycle id=C1 vertices=[a0,b0,0x0,0p0,1x7,z7,z6,1x6,0q5,0r5,0r3,0q4,1x5,z5,z4,z3,z2,1x2,0q2,1x3,0p3,1x4,0q3,0r4,0p4,0p5,0x5,b5,a5]
gb-trace iteration=311 subcycle id=C2 vertices=[a1,b1,0x1,0p1,0r1,0q0,1x0,z0,z1,1x1,0q1,0r0,0r2,0p2,0x2,b2,0x3,b3,0x4,b4,a4,a3,a2]
gb-trace iteration=311 resulting id=C1 vertices=[a0,b0,0x0,0p0,1x7,z7,z6,1x6,0q5,0r5,0r3,0q4,1x5,z5,z4,z3,z2,1x2,0q2,1x3,0p3,1x4,0q3,0r4,0p4,0p5,0x5,b5,a5]
gb-trace iteration=311 resulting id=C2 vertices=[a1,b1,0x1,0p1,0r1,0q0,1x0,z0,z1,1x1,0q1,0r0,0r2,0p2,0x2,b2,0x3,b3,0x4,b4,a4,a3,a2]
cut arcs by clause length (length:number) = {11: 4}
number of added block clauses (this increment) = 4
number of added block clauses (accumulated) = 1350
add block clauses time = 34.396us
increment time = 297.135us

CEGAR iteration...
cegar iteration = 312
sat solving time = 119.508us
number of subcycles found = 2
cycle lengths before merge (length:number) = {20: 1, 32: 1}
number of merge operations = 0
number of resulting cycles = 2
cycle lengths after merge (length:number) = {20: 1, 32: 1}
gb-trace iteration=312 subcycle id=C1 vertices=[a0,b0,0x0,0p0,1x7,0q5,0r5,0r3,0q4,1x6,z6,z7,z0,1x0,0q0,1x1,z1,z2,z3,1x3,0p3,1x4,z4,z5,1x5,0q3,0r4,0p4,0p5,0x5,b5,a5]
gb-trace iteration=312 subcycle id=C2 vertices=[a1,b1,0x1,0p1,0r1,0r0,0q1,1x2,0q2,0r2,0p2,0x2,b2,0x3,b3,0x4,b4,a4,a3,a2]
gb-trace iteration=312 resulting id=C1 vertices=[a0,b0,0x0,0p0,1x7,0q5,0r5,0r3,0q4,1x6,z6,z7,z0,1x0,0q0,1x1,z1,z2,z3,1x3,0p3,1x4,z4,z5,1x5,0q3,0r4,0p4,0p5,0x5,b5,a5]
gb-trace iteration=312 resulting id=C2 vertices=[a1,b1,0x1,0p1,0r1,0r0,0q1,1x2,0q2,0r2,0p2,0x2,b2,0x3,b3,0x4,b4,a4,a3,a2]
cut arcs by clause length (length:number) = {10: 4}
number of added block clauses (this increment) = 4
number of added block clauses (accumulated) = 1354
add block clauses time = 33.551us
increment time = 153.059us

CEGAR iteration...
cegar iteration = 313
sat solving time = 790.282us
number of subcycles found = 2
cycle lengths before merge (length:number) = {11: 1, 41: 1}
number of merge operations = 0
number of resulting cycles = 2
cycle lengths after merge (length:number) = {11: 1, 41: 1}
gb-trace iteration=313 subcycle id=C1 vertices=[a0,a5,a4,b4,0x4,0p4,0p5,0x5,b5,0x0,b0]
gb-trace iteration=313 subcycle id=C2 vertices=[a1,a2,a3,b3,0x3,b2,0x2,0p2,0r2,0r0,0q1,1x1,z1,z0,z7,z6,1x6,0q4,1x5,z5,z4,z3,z2,1x2,0q2,1x3,0p3,1x4,0q3,0r4,0r3,0r5,0q5,1x7,0p0,1x0,0q0,0r1,0p1,0x1,b1]
gb-trace iteration=313 resulting id=C1 vertices=[a0,a5,a4,b4,0x4,0p4,0p5,0x5,b5,0x0,b0]
gb-trace iteration=313 resulting id=C2 vertices=[a1,a2,a3,b3,0x3,b2,0x2,0p2,0r2,0r0,0q1,1x1,z1,z0,z7,z6,1x6,0q4,1x5,z5,z4,z3,z2,1x2,0q2,1x3,0p3,1x4,0q3,0r4,0r3,0r5,0q5,1x7,0p0,1x0,0q0,0r1,0p1,0x1,b1]
cut arcs by clause length (length:number) = {7: 4}
number of added block clauses (this increment) = 4
number of added block clauses (accumulated) = 1358
add block clauses time = 37.451us
increment time = 827.733us

CEGAR iteration...
cegar iteration = 314
sat solving time = 20.425us
number of subcycles found = 2
cycle lengths before merge (length:number) = {14: 1, 38: 1}
number of merge operations = 0
number of resulting cycles = 2
cycle lengths after merge (length:number) = {14: 1, 38: 1}
gb-trace iteration=314 subcycle id=C1 vertices=[a0,a5,a4,b4,0x4,0p4,0r4,0r3,0r5,0p5,0x5,b5,0x0,b0]
gb-trace iteration=314 subcycle id=C2 vertices=[a1,a2,a3,b3,0x3,b2,0x2,0p2,0r2,0r0,0q1,1x1,z1,z0,z7,z6,z5,z4,z3,z2,1x2,0q2,1x3,0p3,1x4,0q3,1x5,0q4,1x6,0q5,1x7,0p0,1x0,0q0,0r1,0p1,0x1,b1]
gb-trace iteration=314 resulting id=C1 vertices=[a0,a5,a4,b4,0x4,0p4,0r4,0r3,0r5,0p5,0x5,b5,0x0,b0]
gb-trace iteration=314 resulting id=C2 vertices=[a1,a2,a3,b3,0x3,b2,0x2,0p2,0r2,0r0,0q1,1x1,z1,z0,z7,z6,z5,z4,z3,z2,1x2,0q2,1x3,0p3,1x4,0q3,1x5,0q4,1x6,0q5,1x7,0p0,1x0,0q0,0r1,0p1,0x1,b1]
cut arcs by clause length (length:number) = {8: 4}
number of added block clauses (this increment) = 4
number of added block clauses (accumulated) = 1362
add block clauses time = 31.918us
increment time = 52.343us

CEGAR iteration...
cegar iteration = 315
sat solving time = 152.967us
number of subcycles found = 2
cycle lengths before merge (length:number) = {14: 1, 38: 1}
number of merge operations = 0
number of resulting cycles = 2
cycle lengths after merge (length:number) = {14: 1, 38: 1}
gb-trace iteration=315 subcycle id=C1 vertices=[a0,a5,a4,b4,0x4,0p4,0r4,0r3,0q4,1x5,0q3,1x4,0p3,1x3,0q2,1x2,0q1,1x1,0q0,1x0,0p0,1x7,z7,z0,z1,z2,z3,z4,z5,z6,1x6,0q5,0r5,0p5,0x5,b5,0x0,b0]
gb-trace iteration=315 subcycle id=C2 vertices=[a1,a2,a3,b3,0x3,b2,0x2,0p2,0r2,0r0,0r1,0p1,0x1,b1]
gb-trace iteration=315 resulting id=C1 vertices=[a0,a5,a4,b4,0x4,0p4,0r4,0r3,0q4,1x5,0q3,1x4,0p3,1x3,0q2,1x2,0q1,1x1,0q0,1x0,0p0,1x7,z7,z0,z1,z2,z3,z4,z5,z6,1x6,0q5,0r5,0p5,0x5,b5,0x0,b0]
gb-trace iteration=315 resulting id=C2 vertices=[a1,a2,a3,b3,0x3,b2,0x2,0p2,0r2,0r0,0r1,0p1,0x1,b1]
cut arcs by clause length (length:number) = {8: 4}
number of added block clauses (this increment) = 4
number of added block clauses (accumulated) = 1366
add block clauses time = 36.835us
increment time = 189.802us

CEGAR iteration...
cegar iteration = 316
sat solving time = 8.127us
number of subcycles found = 2
cycle lengths before merge (length:number) = {11: 1, 41: 1}
number of merge operations = 0
number of resulting cycles = 2
cycle lengths after merge (length:number) = {11: 1, 41: 1}
gb-trace iteration=316 subcycle id=C1 vertices=[a0,a5,a4,b4,0x4,0p4,0r4,0r3,0q4,1x5,0q3,1x4,0p3,1x3,0q2,0r2,0r0,0r1,0q0,1x0,0p0,1x7,z7,z0,z1,1x1,0q1,1x2,z2,z3,z4,z5,z6,1x6,0q5,0r5,0p5,0x5,b5,0x0,b0]
gb-trace iteration=316 subcycle id=C2 vertices=[a1,a2,a3,b3,0x3,b2,0x2,0p2,0p1,0x1,b1]
gb-trace iteration=316 resulting id=C1 vertices=[a0,a5,a4,b4,0x4,0p4,0r4,0r3,0q4,1x5,0q3,1x4,0p3,1x3,0q2,0r2,0r0,0r1,0q0,1x0,0p0,1x7,z7,z0,z1,1x1,0q1,1x2,z2,z3,z4,z5,z6,1x6,0q5,0r5,0p5,0x5,b5,0x0,b0]
gb-trace iteration=316 resulting id=C2 vertices=[a1,a2,a3,b3,0x3,b2,0x2,0p2,0p1,0x1,b1]
cut arcs by clause length (length:number) = {7: 4}
number of added block clauses (this increment) = 4
number of added block clauses (accumulated) = 1370
add block clauses time = 31.953us
increment time = 40.080us

CEGAR iteration...
cegar iteration = 317
sat solving time = 51.866us
number of subcycles found = 2
cycle lengths before merge (length:number) = {26: 2}
number of merge operations = 0
number of resulting cycles = 2
cycle lengths after merge (length:number) = {26: 2}
gb-trace iteration=317 subcycle id=C1 vertices=[a0,a5,a4,b4,0x4,0p4,0r4,0r3,0q4,1x5,0q3,1x4,z4,z5,z6,1x6,0q5,0r5,0p5,0x5,b5,0x0,b0,0x1,b1,a1]
gb-trace iteration=317 subcycle id=C2 vertices=[a2,b2,0x2,0p2,0p1,0r1,0r0,0r2,0q2,1x2,0q1,1x1,0q0,1x0,0p0,1x7,z7,z0,z1,z2,z3,1x3,0p3,0x3,b3,a3]
gb-trace iteration=317 resulting id=C1 vertices=[a0,a5,a4,b4,0x4,0p4,0r4,0r3,0q4,1x5,0q3,1x4,z4,z5,z6,1x6,0q5,0r5,0p5,0x5,b5,0x0,b0,0x1,b1,a1]
gb-trace iteration=317 resulting id=C2 vertices=[a2,b2,0x2,0p2,0p1,0r1,0r0,0r2,0q2,1x2,0q1,1x1,0q0,1x0,0p0,1x7,z7,z0,z1,z2,z3,1x3,0p3,0x3,b3,a3]
cut arcs by clause length (length:number) = {10: 4}
number of added block clauses (this increment) = 4
number of added block clauses (accumulated) = 1374
add block clauses time = 37.512us
increment time = 89.378us

CEGAR iteration...
cegar iteration = 318
sat solving time = 105.773us
number of subcycles found = 2
cycle lengths before merge (length:number) = {20: 1, 32: 1}
number of merge operations = 0
number of resulting cycles = 2
cycle lengths after merge (length:number) = {20: 1, 32: 1}
gb-trace iteration=318 subcycle id=C1 vertices=[a0,a5,a4,b4,0x4,0p4,0r4,0r3,0q4,1x6,z6,z7,z0,z1,z2,1x2,0q1,1x1,0q0,1x0,0p0,1x7,0q5,0r5,0p5,0x5,b5,0x0,b0,0x1,b1,a1]
gb-trace iteration=318 subcycle id=C2 vertices=[a2,b2,0x2,0p2,0p1,0r1,0r0,0r2,0q2,1x3,z3,z4,z5,1x5,0q3,1x4,0p3,0x3,b3,a3]
gb-trace iteration=318 resulting id=C1 vertices=[a0,a5,a4,b4,0x4,0p4,0r4,0r3,0q4,1x6,z6,z7,z0,z1,z2,1x2,0q1,1x1,0q0,1x0,0p0,1x7,0q5,0r5,0p5,0x5,b5,0x0,b0,0x1,b1,a1]
gb-trace iteration=318 resulting id=C2 vertices=[a2,b2,0x2,0p2,0p1,0r1,0r0,0r2,0q2,1x3,z3,z4,z5,1x5,0q3,1x4,0p3,0x3,b3,a3]
cut arcs by clause length (length:number) = {12: 4}
number of added block clauses (this increment) = 4
number of added block clauses (accumulated) = 1378
add block clauses time = 31.928us
increment time = 137.701us

CEGAR iteration...
cegar iteration = 319
sat solving time = 14.387us
number of subcycles found = 2
cycle lengths before merge (length:number) = {23: 1, 29: 1}
number of merge operations = 0
number of resulting cycles = 2
cycle lengths after merge (length:number) = {23: 1, 29: 1}
gb-trace iteration=319 subcycle id=C1 vertices=[a0,a5,a4,b4,0x4,0p4,0r4,0q3,1x4,z4,z5,1x5,0q4,0r3,0r5,0p5,0x5,b5,0x0,b0,0x1,b1,a1]
gb-trace iteration=319 subcycle id=C2 vertices=[a2,b2,0x2,0p2,0p1,0r1,0r0,0r2,0q2,1x2,0q1,1x1,0q0,1x0,0p0,1x7,0q5,1x6,z6,z7,z0,z1,z2,z3,1x3,0p3,0x3,b3,a3]
gb-trace iteration=319 resulting id=C1 vertices=[a0,a5,a4,b4,0x4,0p4,0r4,0q3,1x4,z4,z5,1x5,0q4,0r3,0r5,0p5,0x5,b5,0x0,b0,0x1,b1,a1]
gb-trace iteration=319 resulting id=C2 vertices=[a2,b2,0x2,0p2,0p1,0r1,0r0,0r2,0q2,1x2,0q1,1x1,0q0,1x0,0p0,1x7,0q5,1x6,z6,z7,z0,z1,z2,z3,1x3,0p3,0x3,b3,a3]
cut arcs by clause length (length:number) = {11: 4}
number of added block clauses (this increment) = 4
number of added block clauses (accumulated) = 1382
add block clauses time = 32.299us
increment time = 46.686us

CEGAR iteration...
cegar iteration = 320
sat solving time = 9.772us
number of subcycles found = 2
cycle lengths before merge (length:number) = {17: 1, 35: 1}
number of merge operations = 0
number of resulting cycles = 2
cycle lengths after merge (length:number) = {17: 1, 35: 1}
gb-trace iteration=320 subcycle id=C1 vertices=[a0,a5,a4,b4,0x4,0p4,0r4,0q3,1x5,z5,z6,z7,z0,z1,z2,1x2,0q1,1x1,0q0,1x0,0p0,1x7,0q5,1x6,0q4,0r3,0r5,0p5,0x5,b5,0x0,b0,0x1,b1,a1]
gb-trace iteration=320 subcycle id=C2 vertices=[a2,b2,0x2,0p2,0p1,0r1,0r0,0r2,0q2,1x3,z3,z4,1x4,0p3,0x3,b3,a3]
gb-trace iteration=320 resulting id=C1 vertices=[a0,a5,a4,b4,0x4,0p4,0r4,0q3,1x5,z5,z6,z7,z0,z1,z2,1x2,0q1,1x1,0q0,1x0,0p0,1x7,0q5,1x6,0q4,0r3,0r5,0p5,0x5,b5,0x0,b0,0x1,b1,a1]
gb-trace iteration=320 resulting id=C2 vertices=[a2,b2,0x2,0p2,0p1,0r1,0r0,0r2,0q2,1x3,z3,z4,1x4,0p3,0x3,b3,a3]
cut arcs by clause length (length:number) = {11: 4}
number of added block clauses (this increment) = 4
number of added block clauses (accumulated) = 1386
add block clauses time = 30.472us
increment time = 40.244us

CEGAR iteration...
cegar iteration = 321
sat solving time = 11.037us
number of subcycles found = 2
cycle lengths before merge (length:number) = {23: 1, 29: 1}
number of merge operations = 0
number of resulting cycles = 2
cycle lengths after merge (length:number) = {23: 1, 29: 1}
gb-trace iteration=321 subcycle id=C1 vertices=[a0,a5,a4,b4,0x4,0p4,0r4,0q3,1x5,z5,z6,z7,z0,1x0,0p0,1x7,0q5,1x6,0q4,0r3,0r5,0p5,0x5,b5,0x0,b0,0x1,b1,a1]
gb-trace iteration=321 subcycle id=C2 vertices=[a2,b2,0x2,0p2,0p1,0r1,0q0,1x1,z1,z2,1x2,0q1,0r0,0r2,0q2,1x3,z3,z4,1x4,0p3,0x3,b3,a3]
gb-trace iteration=321 resulting id=C1 vertices=[a0,a5,a4,b4,0x4,0p4,0r4,0q3,1x5,z5,z6,z7,z0,1x0,0p0,1x7,0q5,1x6,0q4,0r3,0r5,0p5,0x5,b5,0x0,b0,0x1,b1,a1]
gb-trace iteration=321 resulting id=C2 vertices=[a2,b2,0x2,0p2,0p1,0r1,0q0,1x1,z1,z2,1x2,0q1,0r0,0r2,0q2,1x3,z3,z4,1x4,0p3,0x3,b3,a3]
cut arcs by clause length (length:number) = {9: 4}
number of added block clauses (this increment) = 4
number of added block clauses (accumulated) = 1390
add block clauses time = 30.537us
increment time = 41.574us

CEGAR iteration...
cegar iteration = 322
sat solving time = 20.182us
number of subcycles found = 2
cycle lengths before merge (length:number) = {26: 2}
number of merge operations = 0
number of resulting cycles = 2
cycle lengths after merge (length:number) = {26: 2}
gb-trace iteration=322 subcycle id=C1 vertices=[a0,a5,a4,b4,0x4,0p4,0r4,0r3,0q4,1x6,z6,z7,z0,1x0,0p0,1x7,0q5,0r5,0p5,0x5,b5,0x0,b0,0x1,b1,a1]
gb-trace iteration=322 subcycle id=C2 vertices=[a2,b2,0x2,0p2,0p1,0r1,0q0,1x1,z1,z2,1x2,0q1,0r0,0r2,0q2,1x3,z3,z4,z5,1x5,0q3,1x4,0p3,0x3,b3,a3]
gb-trace iteration=322 resulting id=C1 vertices=[a0,a5,a4,b4,0x4,0p4,0r4,0r3,0q4,1x6,z6,z7,z0,1x0,0p0,1x7,0q5,0r5,0p5,0x5,b5,0x0,b0,0x1,b1,a1]
gb-trace iteration=322 resulting id=C2 vertices=[a2,b2,0x2,0p2,0p1,0r1,0q0,1x1,z1,z2,1x2,0q1,0r0,0r2,0q2,1x3,z3,z4,z5,1x5,0q3,1x4,0p3,0x3,b3,a3]
cut arcs by clause length (length:number) = {10: 4}
number of added block clauses (this increment) = 4
number of added block clauses (accumulated) = 1394
add block clauses time = 29.050us
increment time = 49.232us

CEGAR iteration...
cegar iteration = 323
sat solving time = 211.266us
number of subcycles found = 2
cycle lengths before merge (length:number) = {23: 1, 29: 1}
number of merge operations = 0
number of resulting cycles = 2
cycle lengths after merge (length:number) = {23: 1, 29: 1}
gb-trace iteration=323 subcycle id=C1 vertices=[a0,a5,a4,b4,0x4,0p4,0p5,0x5,b5,0x0,0p0,1x0,z0,z1,1x1,0q0,0r1,0p1,0p2,0x2,b2,0x3,b3,a3,a2,a1,b1,0x1,b0]
gb-trace iteration=323 subcycle id=C2 vertices=[0r0,0r2,0q2,1x3,0p3,1x4,0q3,0r4,0r3,0r5,0q5,1x7,z7,z6,1x6,0q4,1x5,z5,z4,z3,z2,1x2,0q1]
gb-trace iteration=323 resulting id=C1 vertices=[a0,a5,a4,b4,0x4,0p4,0p5,0x5,b5,0x0,0p0,1x0,z0,z1,1x1,0q0,0r1,0p1,0p2,0x2,b2,0x3,b3,a3,a2,a1,b1,0x1,b0]
gb-trace iteration=323 resulting id=C2 vertices=[0r0,0r2,0q2,1x3,0p3,1x4,0q3,0r4,0r3,0r5,0q5,1x7,z7,z6,1x6,0q4,1x5,z5,z4,z3,z2,1x2,0q1]
cut arcs by clause length (length:number) = {9: 4}
number of added block clauses (this increment) = 4
number of added block clauses (accumulated) = 1398
add block clauses time = 32.610us
increment time = 243.876us

CEGAR iteration...
cegar iteration = 324
sat solving time = 557.905us
number of subcycles found = 2
cycle lengths before merge (length:number) = {17: 1, 35: 1}
number of merge operations = 0
number of resulting cycles = 2
cycle lengths after merge (length:number) = {17: 1, 35: 1}
gb-trace iteration=324 subcycle id=C1 vertices=[a0,a5,a4,b4,0x5,b5,0x0,b0,0x1,0p1,0r1,0r0,0q1,1x1,0q0,1x0,0p0,1x7,0q5,1x6,0q4,1x5,z5,z6,z7,z0,z1,z2,1x2,0q2,0r2,0p2,0x2,b1,a1]
gb-trace iteration=324 subcycle id=C2 vertices=[a2,a3,b3,0x4,0p4,0p5,0r5,0r3,0r4,0q3,1x4,z4,z3,1x3,0p3,0x3,b2]
gb-trace iteration=324 resulting id=C1 vertices=[a0,a5,a4,b4,0x5,b5,0x0,b0,0x1,0p1,0r1,0r0,0q1,1x1,0q0,1x0,0p0,1x7,0q5,1x6,0q4,1x5,z5,z6,z7,z0,z1,z2,1x2,0q2,0r2,0p2,0x2,b1,a1]
gb-trace iteration=324 resulting id=C2 vertices=[a2,a3,b3,0x4,0p4,0p5,0r5,0r3,0r4,0q3,1x4,z4,z3,1x3,0p3,0x3,b2]
cut arcs by clause length (length:number) = {11: 4}
number of added block clauses (this increment) = 4
number of added block clauses (accumulated) = 1402
add block clauses time = 38.315us
increment time = 596.220us

CEGAR iteration...
cegar iteration = 325
sat solving time = 1.340205ms
number of subcycles found = 2
cycle lengths before merge (length:number) = {20: 1, 32: 1}
number of merge operations = 0
number of resulting cycles = 2
cycle lengths after merge (length:number) = {20: 1, 32: 1}
gb-trace iteration=325 subcycle id=C1 vertices=[a0,b0,0x0,0p0,1x7,z7,z0,1x0,0q0,0r1,0r0,0r2,0q2,1x2,0q1,1x1,z1,z2,z3,1x3,0p3,0x3,b3,a3,a2,b2,0x2,0p2,0p1,0x1,b1,a1]
gb-trace iteration=325 subcycle id=C2 vertices=[a4,b4,0x4,0p4,0r4,0r3,0q4,1x5,0q3,1x4,z4,z5,z6,1x6,0q5,0r5,0p5,0x5,b5,a5]
gb-trace iteration=325 resulting id=C1 vertices=[a0,b0,0x0,0p0,1x7,z7,z0,1x0,0q0,0r1,0r0,0r2,0q2,1x2,0q1,1x1,z1,z2,z3,1x3,0p3,0x3,b3,a3,a2,b2,0x2,0p2,0p1,0x1,b1,a1]
gb-trace iteration=325 resulting id=C2 vertices=[a4,b4,0x4,0p4,0r4,0r3,0q4,1x5,0q3,1x4,z4,z5,z6,1x6,0q5,0r5,0p5,0x5,b5,a5]
cut arcs by clause length (length:number) = {8: 4}
number of added block clauses (this increment) = 4
number of added block clauses (accumulated) = 1406
add block clauses time = 40.246us
increment time = 1.380451ms

CEGAR iteration...
cegar iteration = 326
sat solving time = 52.758us
number of subcycles found = 2
cycle lengths before merge (length:number) = {17: 1, 35: 1}
number of merge operations = 0
number of resulting cycles = 2
cycle lengths after merge (length:number) = {17: 1, 35: 1}
gb-trace iteration=326 subcycle id=C1 vertices=[a0,b0,0x0,0p0,1x7,0q5,1x6,z6,z7,z0,1x0,0q0,0r1,0r0,0r2,0q2,1x2,0q1,1x1,z1,z2,z3,1x3,0p3,0x3,b3,a3,a2,b2,0x2,0p2,0p1,0x1,b1,a1]
gb-trace iteration=326 subcycle id=C2 vertices=[a4,b4,0x4,0p4,0r4,0q3,1x4,z4,z5,1x5,0q4,0r3,0r5,0p5,0x5,b5,a5]
gb-trace iteration=326 resulting id=C1 vertices=[a0,b0,0x0,0p0,1x7,0q5,1x6,z6,z7,z0,1x0,0q0,0r1,0r0,0r2,0q2,1x2,0q1,1x1,z1,z2,z3,1x3,0p3,0x3,b3,a3,a2,b2,0x2,0p2,0p1,0x1,b1,a1]
gb-trace iteration=326 resulting id=C2 vertices=[a4,b4,0x4,0p4,0r4,0q3,1x4,z4,z5,1x5,0q4,0r3,0r5,0p5,0x5,b5,a5]
cut arcs by clause length (length:number) = {9: 4}
number of added block clauses (this increment) = 4
number of added block clauses (accumulated) = 1410
add block clauses time = 35.850us
increment time = 88.608us

CEGAR iteration...
cegar iteration = 327
sat solving time = 201.890us
number of subcycles found = 2
cycle lengths before merge (length:number) = {23: 1, 29: 1}
number of merge operations = 0
number of resulting cycles = 2
cycle lengths after merge (length:number) = {23: 1, 29: 1}
gb-trace iteration=327 subcycle id=C1 vertices=[a0,b0,0x0,0p0,1x0,0q0,0r1,0r0,0r2,0q2,1x3,0p3,0x3,b3,a3,a2,b2,0x2,0p2,0p1,0x1,b1,a1]
gb-trace iteration=327 subcycle id=C2 vertices=[a4,b4,0x4,0p4,0r4,0q3,1x4,z4,z3,z2,1x2,0q1,1x1,z1,z0,z7,1x7,0q5,1x6,z6,z5,1x5,0q4,0r3,0r5,0p5,0x5,b5,a5]
gb-trace iteration=327 resulting id=C1 vertices=[a0,b0,0x0,0p0,1x0,0q0,0r1,0r0,0r2,0q2,1x3,0p3,0x3,b3,a3,a2,b2,0x2,0p2,0p1,0x1,b1,a1]
gb-trace iteration=327 resulting id=C2 vertices=[a4,b4,0x4,0p4,0r4,0q3,1x4,z4,z3,z2,1x2,0q1,1x1,z1,z0,z7,1x7,0q5,1x6,z6,z5,1x5,0q4,0r3,0r5,0p5,0x5,b5,a5]
cut arcs by clause length (length:number) = {11: 4}
number of added block clauses (this increment) = 4
number of added block clauses (accumulated) = 1414
add block clauses time = 35.404us
increment time = 237.294us

CEGAR iteration...
cegar iteration = 328
sat solving time = 1.457819ms
number of subcycles found = 2
cycle lengths before merge (length:number) = {23: 1, 29: 1}
number of merge operations = 0
number of resulting cycles = 2
cycle lengths after merge (length:number) = {23: 1, 29: 1}
gb-trace iteration=328 subcycle id=C1 vertices=[a0,a5,a4,b4,0x4,b3,a3,a2,b2,0x3,0p3,1x4,z4,z5,1x5,0q3,0r4,0p4,0p5,0x5,b5,0x0,b0,0x1,0p1,0p2,0x2,b1,a1]
gb-trace iteration=328 subcycle id=C2 vertices=[0p0,1x0,0q0,0r1,0r0,0r2,0q2,1x3,z3,z2,1x2,0q1,1x1,z1,z0,z7,z6,1x6,0q4,0r3,0r5,0q5,1x7]
gb-trace iteration=328 resulting id=C1 vertices=[a0,a5,a4,b4,0x4,b3,a3,a2,b2,0x3,0p3,1x4,z4,z5,1x5,0q3,0r4,0p4,0p5,0x5,b5,0x0,b0,0x1,0p1,0p2,0x2,b1,a1]
gb-trace iteration=328 resulting id=C2 vertices=[0p0,1x0,0q0,0r1,0r0,0r2,0q2,1x3,z3,z2,1x2,0q1,1x1,z1,z0,z7,z6,1x6,0q4,0r3,0r5,0q5,1x7]
cut arcs by clause length (length:number) = {9: 4}
number of added block clauses (this increment) = 4
number of added block clauses (accumulated) = 1418
add block clauses time = 37.456us
increment time = 1.495275ms

CEGAR iteration...
cegar iteration = 329
sat solving time = 330.833us
number of subcycles found = 2
cycle lengths before merge (length:number) = {20: 1, 32: 1}
number of merge operations = 0
number of resulting cycles = 2
cycle lengths after merge (length:number) = {20: 1, 32: 1}
gb-trace iteration=329 subcycle id=C1 vertices=[a0,a5,a4,b4,0x4,b3,a3,a2,b2,0x3,0p3,1x4,z4,z5,1x5,0q3,0r4,0p4,0p5,0x5,b5,0x0,b0,0x1,0p1,0r1,0r0,0r2,0p2,0x2,b1,a1]
gb-trace iteration=329 subcycle id=C2 vertices=[0p0,1x0,0q0,1x1,0q1,1x2,0q2,1x3,z3,z2,z1,z0,z7,z6,1x6,0q4,0r3,0r5,0q5,1x7]
gb-trace iteration=329 resulting id=C1 vertices=[a0,a5,a4,b4,0x4,b3,a3,a2,b2,0x3,0p3,1x4,z4,z5,1x5,0q3,0r4,0p4,0p5,0x5,b5,0x0,b0,0x1,0p1,0r1,0r0,0r2,0p2,0x2,b1,a1]
gb-trace iteration=329 resulting id=C2 vertices=[0p0,1x0,0q0,1x1,0q1,1x2,0q2,1x3,z3,z2,z1,z0,z7,z6,1x6,0q4,0r3,0r5,0q5,1x7]
cut arcs by clause length (length:number) = {10: 4}
number of added block clauses (this increment) = 4
number of added block clauses (accumulated) = 1422
add block clauses time = 37.506us
increment time = 368.339us

CEGAR iteration...
cegar iteration = 330
sat solving time = 143.980us
number of subcycles found = 2
cycle lengths before merge (length:number) = {17: 1, 35: 1}
number of merge operations = 0
number of resulting cycles = 2
cycle lengths after merge (length:number) = {17: 1, 35: 1}
gb-trace iteration=330 subcycle id=C1 vertices=[a0,a5,a4,b4,0x4,b3,a3,a2,b2,0x3,0p3,1x4,z4,z5,z6,1x6,0q5,0r5,0r3,0q4,1x5,0q3,0r4,0p4,0p5,0x5,b5,0x0,b0,0x1,0p1,0p2,0x2,b1,a1]
gb-trace iteration=330 subcycle id=C2 vertices=[0p0,1x0,0q0,0r1,0r0,0r2,0q2,1x3,z3,z2,1x2,0q1,1x1,z1,z0,z7,1x7]
gb-trace iteration=330 resulting id=C1 vertices=[a0,a5,a4,b4,0x4,b3,a3,a2,b2,0x3,0p3,1x4,z4,z5,z6,1x6,0q5,0r5,0r3,0q4,1x5,0q3,0r4,0p4,0p5,0x5,b5,0x0,b0,0x1,0p1,0p2,0x2,b1,a1]
gb-trace iteration=330 resulting id=C2 vertices=[0p0,1x0,0q0,0r1,0r0,0r2,0q2,1x3,z3,z2,1x2,0q1,1x1,z1,z0,z7,1x7]
cut arcs by clause length (length:number) = {7: 4}
number of added block clauses (this increment) = 4
number of added block clauses (accumulated) = 1426
add block clauses time = 33.360us
increment time = 177.340us

CEGAR iteration...
cegar iteration = 331
sat solving time = 165.071us
number of subcycles found = 2
cycle lengths before merge (length:number) = {14: 1, 38: 1}
number of merge operations = 0
number of resulting cycles = 2
cycle lengths after merge (length:number) = {14: 1, 38: 1}
gb-trace iteration=331 subcycle id=C1 vertices=[a0,a5,a4,b4,0x4,b3,a3,a2,b2,0x3,0p3,1x4,z4,z5,z6,1x6,0q5,0r5,0r3,0q4,1x5,0q3,0r4,0p4,0p5,0x5,b5,0x0,b0,0x1,0p1,0r1,0r0,0r2,0p2,0x2,b1,a1]
gb-trace iteration=331 subcycle id=C2 vertices=[0p0,1x0,0q0,1x1,0q1,1x2,0q2,1x3,z3,z2,z1,z0,z7,1x7]
gb-trace iteration=331 resulting id=C1 vertices=[a0,a5,a4,b4,0x4,b3,a3,a2,b2,0x3,0p3,1x4,z4,z5,z6,1x6,0q5,0r5,0r3,0q4,1x5,0q3,0r4,0p4,0p5,0x5,b5,0x0,b0,0x1,0p1,0r1,0r0,0r2,0p2,0x2,b1,a1]
gb-trace iteration=331 resulting id=C2 vertices=[0p0,1x0,0q0,1x1,0q1,1x2,0q2,1x3,z3,z2,z1,z0,z7,1x7]
cut arcs by clause length (length:number) = {8: 4}
number of added block clauses (this increment) = 4
number of added block clauses (accumulated) = 1430
add block clauses time = 31.718us
increment time = 196.789us

CEGAR iteration...
cegar iteration = 332
sat solving time = 440.736us
number of subcycles found = 2
cycle lengths before merge (length:number) = {20: 1, 32: 1}
number of merge operations = 0
number of resulting cycles = 2
cycle lengths after merge (length:number) = {20: 1, 32: 1}
gb-trace iteration=332 subcycle id=C1 vertices=[a0,a5,a4,b4,0x4,b3,a3,a2,a1,b1,0x1,0p1,0p2,0x2,b2,0x3,0p3,1x4,0q3,1x5,0q4,1x6,0q5,0r5,0r3,0r4,0p4,0p5,0x5,b5,0x0,b0]
gb-trace iteration=332 subcycle id=C2 vertices=[0p0,1x0,z0,z1,z2,1x2,0q1,1x1,0q0,0r1,0r0,0r2,0q2,1x3,z3,z4,z5,z6,z7,1x7]
gb-trace iteration=332 resulting id=C1 vertices=[a0,a5,a4,b4,0x4,b3,a3,a2,a1,b1,0x1,0p1,0p2,0x2,b2,0x3,0p3,1x4,0q3,1x5,0q4,1x6,0q5,0r5,0r3,0r4,0p4,0p5,0x5,b5,0x0,b0]
gb-trace iteration=332 resulting id=C2 vertices=[0p0,1x0,z0,z1,z2,1x2,0q1,1x1,0q0,0r1,0r0,0r2,0q2,1x3,z3,z4,z5,z6,z7,1x7]
cut arcs by clause length (length:number) = {8: 4}
number of added block clauses (this increment) = 4
number of added block clauses (accumulated) = 1434
add block clauses time = 39.334us
increment time = 480.070us

CEGAR iteration...
cegar iteration = 333
sat solving time = 22.169us
number of subcycles found = 2
cycle lengths before merge (length:number) = {26: 2}
number of merge operations = 0
number of resulting cycles = 2
cycle lengths after merge (length:number) = {26: 2}
gb-trace iteration=333 subcycle id=C1 vertices=[a0,a5,a4,b4,0x4,b3,a3,a2,a1,b1,0x1,0p1,0p2,0x2,b2,0x3,0p3,1x4,0q3,0r4,0p4,0p5,0x5,b5,0x0,b0]
gb-trace iteration=333 subcycle id=C2 vertices=[0p0,1x0,z0,z1,z2,1x2,0q1,1x1,0q0,0r1,0r0,0r2,0q2,1x3,z3,z4,z5,1x5,0q4,0r3,0r5,0q5,1x6,z6,z7,1x7]
gb-trace iteration=333 resulting id=C1 vertices=[a0,a5,a4,b4,0x4,b3,a3,a2,a1,b1,0x1,0p1,0p2,0x2,b2,0x3,0p3,1x4,0q3,0r4,0p4,0p5,0x5,b5,0x0,b0]
gb-trace iteration=333 resulting id=C2 vertices=[0p0,1x0,z0,z1,z2,1x2,0q1,1x1,0q0,0r1,0r0,0r2,0q2,1x3,z3,z4,z5,1x5,0q4,0r3,0r5,0q5,1x6,z6,z7,1x7]
cut arcs by clause length (length:number) = {8: 4}
number of added block clauses (this increment) = 4
number of added block clauses (accumulated) = 1438
add block clauses time = 31.356us
increment time = 53.525us

CEGAR iteration...
cegar iteration = 334
sat solving time = 1.638009ms
number of subcycles found = 2
cycle lengths before merge (length:number) = {17: 1, 35: 1}
number of merge operations = 0
number of resulting cycles = 2
cycle lengths after merge (length:number) = {17: 1, 35: 1}
gb-trace iteration=334 subcycle id=C1 vertices=[a0,b0,0x1,0p1,0r1,0r0,0q1,1x2,z2,z3,1x3,0q2,0r2,0p2,0x2,b1,a1]
gb-trace iteration=334 subcycle id=C2 vertices=[a2,b2,0x3,0p3,1x4,z4,z5,z6,1x6,0q4,1x5,0q3,0r4,0r3,0r5,0q5,1x7,z7,z0,z1,1x1,0q0,1x0,0p0,0x0,b5,a5,a4,b4,0x5,0p5,0p4,0x4,b3,a3]
gb-trace iteration=334 resulting id=C1 vertices=[a0,b0,0x1,0p1,0r1,0r0,0q1,1x2,z2,z3,1x3,0q2,0r2,0p2,0x2,b1,a1]
gb-trace iteration=334 resulting id=C2 vertices=[a2,b2,0x3,0p3,1x4,z4,z5,z6,1x6,0q4,1x5,0q3,0r4,0r3,0r5,0q5,1x7,z7,z0,z1,1x1,0q0,1x0,0p0,0x0,b5,a5,a4,b4,0x5,0p5,0p4,0x4,b3,a3]
cut arcs by clause length (length:number) = {9: 4}
number of added block clauses (this increment) = 4
number of added block clauses (accumulated) = 1442
add block clauses time = 38.881us
increment time = 1.676890ms

CEGAR iteration...
cegar iteration = 335
sat solving time = 27.716us
number of subcycles found = 2
cycle lengths before merge (length:number) = {20: 1, 32: 1}
number of merge operations = 0
number of resulting cycles = 2
cycle lengths after merge (length:number) = {20: 1, 32: 1}
gb-trace iteration=335 subcycle id=C1 vertices=[a0,b0,0x1,0p1,0r1,0q0,1x1,z1,z2,z3,1x3,0q2,1x2,0q1,0r0,0r2,0p2,0x2,b1,a1]
gb-trace iteration=335 subcycle id=C2 vertices=[a2,b2,0x3,0p3,1x4,z4,z5,z6,1x6,0q4,1x5,0q3,0r4,0r3,0r5,0q5,1x7,z7,z0,1x0,0p0,0x0,b5,a5,a4,b4,0x5,0p5,0p4,0x4,b3,a3]
gb-trace iteration=335 resulting id=C1 vertices=[a0,b0,0x1,0p1,0r1,0q0,1x1,z1,z2,z3,1x3,0q2,1x2,0q1,0r0,0r2,0p2,0x2,b1,a1]
gb-trace iteration=335 resulting id=C2 vertices=[a2,b2,0x3,0p3,1x4,z4,z5,z6,1x6,0q4,1x5,0q3,0r4,0r3,0r5,0q5,1x7,z7,z0,1x0,0p0,0x0,b5,a5,a4,b4,0x5,0p5,0p4,0x4,b3,a3]
cut arcs by clause length (length:number) = {8: 4}
number of added block clauses (this increment) = 4
number of added block clauses (accumulated) = 1446
add block clauses time = 32.568us
increment time = 60.284us

CEGAR iteration...
cegar iteration = 336
sat solving time = 1.115259ms
number of subcycles found = 2
cycle lengths before merge (length:number) = {26: 2}
number of merge operations = 0
number of resulting cycles = 2
cycle lengths after merge (length:number) = {26: 2}
gb-trace iteration=336 subcycle id=C1 vertices=[a0,a1,b1,0x2,0p2,0r2,0q2,1x3,z3,z4,z5,z6,z7,z0,1x0,0q0,1x1,z1,z2,1x2,0q1,0r0,0r1,0p1,0x1,b0]
gb-trace iteration=336 subcycle id=C2 vertices=[a2,b2,0x3,0p3,1x4,0q3,1x5,0q4,1x6,0q5,1x7,0p0,0x0,b5,a5,a4,b4,0x5,0p5,0r5,0r3,0r4,0p4,0x4,b3,a3]
gb-trace iteration=336 resulting id=C1 vertices=[a0,a1,b1,0x2,0p2,0r2,0q2,1x3,z3,z4,z5,z6,z7,z0,1x0,0q0,1x1,z1,z2,1x2,0q1,0r0,0r1,0p1,0x1,b0]
gb-trace iteration=336 resulting id=C2 vertices=[a2,b2,0x3,0p3,1x4,0q3,1x5,0q4,1x6,0q5,1x7,0p0,0x0,b5,a5,a4,b4,0x5,0p5,0r5,0r3,0r4,0p4,0x4,b3,a3]
cut arcs by clause length (length:number) = {10: 4}
number of added block clauses (this increment) = 4
number of added block clauses (accumulated) = 1450
add block clauses time = 39.587us
increment time = 1.154846ms

CEGAR iteration...
cegar iteration = 337
sat solving time = 24.714us
number of subcycles found = 2
cycle lengths before merge (length:number) = {23: 1, 29: 1}
number of merge operations = 0
number of resulting cycles = 2
cycle lengths after merge (length:number) = {23: 1, 29: 1}
gb-trace iteration=337 subcycle id=C1 vertices=[a0,a1,b1,0x2,0p2,0r2,0q2,1x3,z3,z4,z5,1x5,0q4,1x6,z6,z7,z0,1x0,0q0,1x1,z1,z2,1x2,0q1,0r0,0r1,0p1,0x1,b0]
gb-trace iteration=337 subcycle id=C2 vertices=[a2,b2,0x3,0p3,1x4,0q3,0r4,0r3,0r5,0q5,1x7,0p0,0x0,b5,a5,a4,b4,0x5,0p5,0p4,0x4,b3,a3]
gb-trace iteration=337 resulting id=C1 vertices=[a0,a1,b1,0x2,0p2,0r2,0q2,1x3,z3,z4,z5,1x5,0q4,1x6,z6,z7,z0,1x0,0q0,1x1,z1,z2,1x2,0q1,0r0,0r1,0p1,0x1,b0]
gb-trace iteration=337 resulting id=C2 vertices=[a2,b2,0x3,0p3,1x4,0q3,0r4,0r3,0r5,0q5,1x7,0p0,0x0,b5,a5,a4,b4,0x5,0p5,0p4,0x4,b3,a3]
cut arcs by clause length (length:number) = {11: 4}
number of added block clauses (this increment) = 4
number of added block clauses (accumulated) = 1454
add block clauses time = 34.607us
increment time = 59.321us

CEGAR iteration...
cegar iteration = 338
sat solving time = 1.135632ms
number of subcycles found = 2
cycle lengths before merge (length:number) = {11: 1, 41: 1}
number of merge operations = 0
number of resulting cycles = 2
cycle lengths after merge (length:number) = {11: 1, 41: 1}
gb-trace iteration=338 subcycle id=C1 vertices=[a0,a1,b1,0x2,0p2,0r2,0q2,1x3,z3,z4,z5,1x5,0q4,0r3,0r5,0p5,0x5,b4,a4,a5,b5,0x0,0p0,1x7,0q5,1x6,z6,z7,z0,1x0,0q0,1x1,z1,z2,1x2,0q1,0r0,0r1,0p1,0x1,b0]
gb-trace iteration=338 subcycle id=C2 vertices=[a2,b2,0x3,0p3,1x4,0q3,0r4,0p4,0x4,b3,a3]
gb-trace iteration=338 resulting id=C1 vertices=[a0,a1,b1,0x2,0p2,0r2,0q2,1x3,z3,z4,z5,1x5,0q4,0r3,0r5,0p5,0x5,b4,a4,a5,b5,0x0,0p0,1x7,0q5,1x6,z6,z7,z0,1x0,0q0,1x1,z1,z2,1x2,0q1,0r0,0r1,0p1,0x1,b0]
gb-trace iteration=338 resulting id=C2 vertices=[a2,b2,0x3,0p3,1x4,0q3,0r4,0p4,0x4,b3,a3]
cut arcs by clause length (length:number) = {9: 4}
number of added block clauses (this increment) = 4
number of added block clauses (accumulated) = 1458
add block clauses time = 41.789us
increment time = 1.177421ms

CEGAR iteration...
cegar iteration = 339
sat solving time = 621.571us
number of subcycles found = 2
cycle lengths before merge (length:number) = {14: 1, 38: 1}
number of merge operations = 0
number of resulting cycles = 2
cycle lengths after merge (length:number) = {14: 1, 38: 1}
gb-trace iteration=339 subcycle id=C1 vertices=[a0,a5,b5,0x0,b0,0x1,0p1,0r1,0q0,1x0,0p0,1x7,0q5,1x6,0q4,1x5,0q3,1x4,0p3,1x3,0q2,1x2,z2,z3,z4,z5,z6,z7,z0,z1,1x1,0q1,0r0,0r2,0p2,0x2,b1,a1]
gb-trace iteration=339 subcycle id=C2 vertices=[a2,a3,a4,b4,0x5,0p5,0r5,0r3,0r4,0p4,0x4,b3,0x3,b2]
gb-trace iteration=339 resulting id=C1 vertices=[a0,a5,b5,0x0,b0,0x1,0p1,0r1,0q0,1x0,0p0,1x7,0q5,1x6,0q4,1x5,0q3,1x4,0p3,1x3,0q2,1x2,z2,z3,z4,z5,z6,z7,z0,z1,1x1,0q1,0r0,0r2,0p2,0x2,b1,a1]
gb-trace iteration=339 resulting id=C2 vertices=[a2,a3,a4,b4,0x5,0p5,0r5,0r3,0r4,0p4,0x4,b3,0x3,b2]
cut arcs by clause length (length:number) = {8: 4}
number of added block clauses (this increment) = 4
number of added block clauses (accumulated) = 1462
add block clauses time = 37.187us
increment time = 658.758us

CEGAR iteration...
cegar iteration = 340
sat solving time = 2.585019ms
number of subcycles found = 2
cycle lengths before merge (length:number) = {23: 1, 29: 1}
number of merge operations = 0
number of resulting cycles = 2
cycle lengths after merge (length:number) = {23: 1, 29: 1}
gb-trace iteration=340 subcycle id=C1 vertices=[a0,b0,0x1,0p1,0p2,0x2,b1,a1,a2,b2,0x3,0p3,1x3,0q2,0r2,0r0,0r1,0q0,1x0,0p0,0x0,b5,a5]
gb-trace iteration=340 subcycle id=C2 vertices=[a3,a4,b4,0x5,0p5,0r5,0q5,1x7,z7,z0,z1,1x1,0q1,1x2,z2,z3,z4,1x4,0q3,1x5,z5,z6,1x6,0q4,0r3,0r4,0p4,0x4,b3]
gb-trace iteration=340 resulting id=C1 vertices=[a0,b0,0x1,0p1,0p2,0x2,b1,a1,a2,b2,0x3,0p3,1x3,0q2,0r2,0r0,0r1,0q0,1x0,0p0,0x0,b5,a5]
gb-trace iteration=340 resulting id=C2 vertices=[a3,a4,b4,0x5,0p5,0r5,0q5,1x7,z7,z0,z1,1x1,0q1,1x2,z2,z3,z4,1x4,0q3,1x5,z5,z6,1x6,0q4,0r3,0r4,0p4,0x4,b3]
cut arcs by clause length (length:number) = {11: 4}
number of added block clauses (this increment) = 4
number of added block clauses (accumulated) = 1466
add block clauses time = 51.791us
increment time = 2.636810ms

CEGAR iteration...
cegar iteration = 341
sat solving time = 9.571036ms
number of subcycles found = 2
cycle lengths before merge (length:number) = {14: 1, 38: 1}
number of merge operations = 0
number of resulting cycles = 2
cycle lengths after merge (length:number) = {14: 1, 38: 1}
gb-trace iteration=341 subcycle id=C1 vertices=[a0,a5,b5,0x0,b0,0x1,0p1,0r1,0r0,0r2,0p2,0x2,b1,a1]
gb-trace iteration=341 subcycle id=C2 vertices=[a2,b2,0x3,b3,0x4,0p4,0r4,0r3,0q4,1x6,z6,z7,z0,z1,z2,z3,z4,z5,1x5,0q3,1x4,0p3,1x3,0q2,1x2,0q1,1x1,0q0,1x0,0p0,1x7,0q5,0r5,0p5,0x5,b4,a4,a3]
gb-trace iteration=341 resulting id=C1 vertices=[a0,a5,b5,0x0,b0,0x1,0p1,0r1,0r0,0r2,0p2,0x2,b1,a1]
gb-trace iteration=341 resulting id=C2 vertices=[a2,b2,0x3,b3,0x4,0p4,0r4,0r3,0q4,1x6,z6,z7,z0,z1,z2,z3,z4,z5,1x5,0q3,1x4,0p3,1x3,0q2,1x2,0q1,1x1,0q0,1x0,0p0,1x7,0q5,0r5,0p5,0x5,b4,a4,a3]
cut arcs by clause length (length:number) = {8: 4}
number of added block clauses (this increment) = 4
number of added block clauses (accumulated) = 1470
add block clauses time = 46.058us
increment time = 9.617094ms

CEGAR iteration...
cegar iteration = 342
sat solving time = 15.158873ms
s UNSATISFIABLE
overall cegar iterations = 342
overall number of added block clauses = 1470
solving time = 91.780556ms
overall time = 91.857592ms
